Race,Year,Name,Gender,Age,Country,Overall,Finish Time,Finish,Gender_place,international,super_era,super_era_elite,time_min,id,temp9,dew9,wind9
Chicago,2011,Ejegayehu Dibaba,F,29,ETH,26,02:22:09,8529,1,1,No,No,142.15,410584,64,50,0
Chicago,2011,Kayoko Fukushi,F,29,JPN,35,02:24:38,8678,2,1,No,No,144.63333333333333,410585,64,50,0
Chicago,2011,Belainesh Zemedkun Gebre,F,24,ETH,41,02:26:17,8777,3,1,No,No,146.28333333333333,410586,64,50,0
Chicago,2011,Christelle Daunay,F,39,FRA,46,02:26:41,8801,4,1,No,No,146.68333333333334,410587,64,50,0
Chicago,2011,CHallissey,F,29,air,67,02:29:27,8967,5,1,No,No,149.45,410588,64,50,0
Chicago,2011,Askale Tafa,F,29,ETH,104,02:33:35,9215,7,1,No,No,153.58333333333334,410590,64,50,0
Chicago,2011,Jeannette Faber,F,29,USA,133,02:36:58,9418,9,0,No,No,156.96666666666667,410592,64,50,0
Chicago,2011,Deanna Ardrey,F,29,USA,203,02:43:12,9792,11,0,No,No,163.2,410594,64,50,0
Chicago,2011,Leah Thorvilson,F,34,USA,265,02:46:54,10014,22,0,No,No,166.9,410605,64,50,0
Chicago,2011,Malika Mejdoub,F,29,MAR,321,02:49:11,10151,31,1,No,No,169.18333333333334,410614,64,50,0
Chicago,2011,Kristen Heckert,F,24,USA,369,02:51:04,10264,38,0,No,No,171.06666666666666,410621,64,50,0
Chicago,2011,Moses Mosop,M,34,KEN,1,02:05:37,7537,1,1,No,No,125.61666666666666,426054,64,50,0
Chicago,2011,Wesley Korir,M,29,KEN,2,02:06:15,7575,2,1,No,No,126.25,426055,64,50,0
Chicago,2011,Bernard Kipyego,M,29,KEN,3,02:06:29,7589,3,1,No,No,126.48333333333333,426056,64,50,0
Chicago,2011,Bekana Daba,M,24,ETH,4,02:07:59,7679,4,1,No,No,127.98333333333333,426057,64,50,0
Chicago,2011,Evans Cheruiyot,M,29,KEN,6,02:10:29,7829,6,1,No,No,130.48333333333332,426059,64,50,0
Chicago,2011,Kouji Gokaya,M,24,JPN,7,02:12:15,7935,7,1,No,No,132.25,426060,64,50,0
Chicago,2011,Hironori Arai,M,34,JPN,8,02:13:17,7997,8,1,No,No,133.28333333333333,426061,64,50,0
Chicago,2011,Takashi Horiguchi,M,34,JPN,9,02:14:48,8088,9,1,No,No,134.8,426062,64,50,0
Chicago,2011,Masaki Shimoju,M,24,JPN,10,02:17:49,8269,10,1,No,No,137.81666666666666,426063,64,50,0
Chicago,2011,Michael McKeeman,M,39,USA,12,02:18:07,8287,12,0,No,No,138.11666666666667,426065,64,50,0
Chicago,2011,Joseph Chirlee,M,29,USA,14,02:18:36,8316,14,0,No,No,138.6,426067,64,50,0
Chicago,2011,Thomas Frazer,M,34,USA,18,02:19:42,8382,18,0,No,No,139.7,426071,64,50,0
Chicago,2011,Eric Loeffler,M,34,USA,20,02:20:56,8456,20,0,No,No,140.93333333333334,426073,64,50,0
Chicago,2011,Tim Tollefson,M,29,USA,25,02:21:59,8519,25,0,No,No,141.98333333333332,426078,64,50,0
Chicago,2011,Takayuki Matsumiya,M,29,JPN,28,02:22:26,8546,27,1,No,No,142.43333333333334,426080,64,50,0
Chicago,2011,Brandon Mull,M,29,USA,29,02:22:34,8554,28,0,No,No,142.56666666666666,426081,64,50,0
Chicago,2011,Yuuki Moriwaki,M,29,JPN,49,02:27:33,8853,45,1,No,No,147.55,426098,64,50,0
Chicago,2011,Jameson Mora,M,29,USA,53,02:27:51,8871,49,0,No,No,147.85,426102,64,50,0
Chicago,2011,Shawn Forrest,M,29,AUS,102,02:33:30,9210,96,1,No,No,153.5,426149,64,50,0
Chicago,2012,Atsede Baysa,F,29,ETH,35,02:22:03,8523,1,1,No,No,142.05,446336,43,28,10.3
Chicago,2012,Rita Jeptoo,F,34,KEN,36,02:22:04,8524,2,1,No,No,142.06666666666666,446337,43,28,10.3
Chicago,2012,Lucy Kabuu,F,29,KEN,37,02:22:41,8561,3,1,No,No,142.68333333333334,446338,43,28,10.3
Chicago,2012,Caroline Rotich,F,29,KEN,39,02:23:22,8602,4,1,No,No,143.36666666666667,446339,43,28,10.3
Chicago,2012,Fatuma Sado,F,24,ETH,50,02:26:09,8769,5,1,No,No,146.15,446340,43,28,10.3
Chicago,2012,Dot McMahan,F,39,USA,83,02:32:11,9131,7,0,No,No,152.18333333333334,446342,43,28,10.3
Chicago,2012,Stephanie Pezzullo,F,34,USA,86,02:32:42,9162,8,0,No,No,152.7,446343,43,28,10.3
Chicago,2012,Laura Portis,F,29,USA,129,02:37:18,9438,9,0,No,No,157.3,446344,43,28,10.3
Chicago,2012,Addie Bracy,F,29,USA,181,02:41:29,9689,10,0,No,No,161.48333333333332,446345,43,28,10.3
Chicago,2012,Deanna Ardrey,F,29,USA,214,02:43:37,9817,12,0,No,No,163.61666666666667,446347,43,28,10.3
Chicago,2012,Kristen Heckert,F,29,USA,298,02:47:56,10076,18,0,No,No,167.93333333333334,446353,43,28,10.3
Chicago,2012,Tsegaye Kebede,M,29,ETH,1,02:04:38,7478,1,1,No,No,124.63333333333334,463127,43,28,10.3
Chicago,2012,Feyisa Lilesa,M,24,ETH,2,02:04:52,7492,2,1,No,No,124.86666666666666,463128,43,28,10.3
Chicago,2012,Tilahun Regassa,M,24,ETH,3,02:05:27,7527,3,1,No,No,125.45,463129,43,28,10.3
Chicago,2012,Sammy Kitwara,M,29,KEN,4,02:05:54,7554,4,1,No,No,125.9,463130,43,28,10.3
Chicago,2012,Wesley Korir,M,29,KEN,5,02:06:13,7573,5,1,No,No,126.21666666666667,463131,43,28,10.3
Chicago,2012,Bernard Kipyego,M,29,KEN,6,02:06:40,7600,6,1,No,No,126.66666666666667,463132,43,28,10.3
Chicago,2012,Samuel Ndungu,M,24,KEN,7,02:07:26,7646,7,1,No,No,127.43333333333334,463133,43,28,10.3
Chicago,2012,Dadi Yami,M,34,ETH,8,02:07:43,7663,8,1,No,No,127.71666666666667,463134,43,28,10.3
Chicago,2012,Dathan Ritzenhein,M,29,USA,9,02:07:47,7667,9,0,No,No,127.78333333333333,463135,43,28,10.3
Chicago,2012,Shami Dawit,M,29,ETH,10,02:08:39,7719,10,1,No,No,128.65,463136,43,28,10.3
Chicago,2012,Laban Korir,M,29,KEN,11,02:09:52,7792,11,1,No,No,129.86666666666667,463137,43,28,10.3
Chicago,2012,Levy Matebo,M,24,KEN,12,02:10:02,7802,12,1,No,No,130.03333333333333,463138,43,28,10.3
Chicago,2012,Michael Kipyego,M,29,KEN,12,02:10:02,7802,13,1,No,No,130.03333333333333,463139,43,28,10.3
Chicago,2012,Koji Kobayashi,M,24,JPN,14,02:10:40,7840,14,1,No,No,130.66666666666666,463140,43,28,10.3
Chicago,2012,Takeshi Kumamoto,M,29,JPN,15,02:11:47,7907,15,1,No,No,131.78333333333333,463141,43,28,10.3
Chicago,2012,Jeffrey Eggleston,M,29,USA,16,02:12:03,7923,16,0,No,No,132.05,463142,43,28,10.3
Chicago,2012,Hiroki Kadota,M,29,JPN,17,02:13:39,8019,17,1,No,No,133.65,463143,43,28,10.3
Chicago,2012,Drew Polley,M,29,USA,19,02:15:12,8112,19,0,No,No,135.2,463145,43,28,10.3
Chicago,2012,Craig Leon,M,29,USA,20,02:15:38,8138,20,0,No,No,135.63333333333333,463146,43,28,10.3
Chicago,2012,Patrick Rizzo,M,29,USA,21,02:15:44,8144,21,0,No,No,135.73333333333332,463147,43,28,10.3
Chicago,2012,Malcolm Richards,M,29,USA,22,02:17:00,8220,22,0,No,No,137,463148,43,28,10.3
Chicago,2012,Stephen Pifer,M,29,USA,23,02:18:19,8299,23,0,No,No,138.31666666666666,463149,43,28,10.3
Chicago,2012,Thomas Frazer,M,34,USA,24,02:18:37,8317,24,0,No,No,138.61666666666667,463150,43,28,10.3
Chicago,2012,Jimmy Grabow,M,29,USA,26,02:19:03,8343,26,0,No,No,139.05,463152,43,28,10.3
Chicago,2012,Stephen Muturi,M,39,KEN,28,02:19:37,8377,28,1,No,No,139.61666666666667,463154,43,28,10.3
Chicago,2012,Takashi Horiguchi,M,34,JPN,30,02:20:32,8432,30,1,No,No,140.53333333333333,463156,43,28,10.3
Chicago,2012,Yuuki Moriwaki,M,29,JPN,31,02:20:49,8449,31,1,No,No,140.81666666666666,463157,43,28,10.3
Chicago,2012,Patrick Smyth,M,29,USA,33,02:21:34,8494,33,0,No,No,141.56666666666666,463159,43,28,10.3
Chicago,2012,Tim Tollefson,M,29,USA,34,02:21:44,8504,34,0,No,No,141.73333333333332,463160,43,28,10.3
Chicago,2012,Tony Migliozzi,M,24,USA,40,02:23:28,8608,36,0,No,No,143.46666666666667,463162,43,28,10.3
Chicago,2012,Kevin Havel,M,24,USA,52,02:26:28,8788,47,0,No,No,146.46666666666667,463173,43,28,10.3
Chicago,2013,Rita Jeptoo,F,34,KEN,28,02:19:57,8397,1,1,No,No,139.95,483806,54,39.9,9.2
Chicago,2013,Jemima Sumgong Jelegat,F,29,KEN,31,02:20:48,8448,2,1,No,No,140.8,483807,54,39.9,9.2
Chicago,2013,Atsede Baysa,F,29,ETH,53,02:26:42,8802,3,1,No,No,146.7,483808,54,39.9,9.2
Chicago,2013,Ehitu Kiros Reda,F,29,ETH,57,02:27:42,8862,4,1,No,No,147.7,483809,54,39.9,9.2
Chicago,2013,Yukiko Akaba,F,34,JPN,59,02:27:49,8869,5,1,No,No,147.81666666666666,483810,54,39.9,9.2
Chicago,2013,Abebech Afework,F,24,ETH,68,02:28:38,8918,6,1,No,No,148.63333333333333,483811,54,39.9,9.2
Chicago,2013,Clara Santucci,F,29,USA,84,02:31:39,9099,7,0,No,No,151.65,483812,54,39.9,9.2
Chicago,2013,Laurie Knowles,F,39,USA,112,02:36:29,9389,9,0,No,No,156.48333333333332,483814,54,39.9,9.2
Chicago,2013,Stephanie Pezzullo,F,34,USA,130,02:38:03,9483,10,0,No,No,158.05,483815,54,39.9,9.2
Chicago,2013,Gina Slaby,F,34,USA,160,02:40:44,9644,11,0,No,No,160.73333333333332,483816,54,39.9,9.2
Chicago,2013,Gabriela Trana,F,34,CRC,177,02:41:49,9709,12,1,No,No,161.81666666666666,483817,54,39.9,9.2
Chicago,2013,Kristen Heckert,F,29,USA,215,02:44:12,9852,15,0,No,No,164.2,483820,54,39.9,9.2
Chicago,2013,Amanda Rice,F,29,USA,258,02:46:10,9970,19,0,No,No,166.16666666666666,483824,54,39.9,9.2
Chicago,2013,Dennis Kimetto,M,29,KEN,1,02:03:45,7425,1,1,No,No,123.75,501198,54,39.9,9.2
Chicago,2013,Emannuel Mutai,M,29,KEN,2,02:03:52,7432,2,1,No,No,123.86666666666666,501199,54,39.9,9.2
Chicago,2013,Sammy Kitwara,M,29,KEN,3,02:05:16,7516,3,1,No,No,125.26666666666667,501200,54,39.9,9.2
Chicago,2013,Micah Kogo,M,29,KEN,4,02:06:56,7616,4,1,No,No,126.93333333333334,501201,54,39.9,9.2
Chicago,2013,Dathan Ritzenhein,M,34,USA,5,02:09:45,7785,5,0,No,No,129.75,501202,54,39.9,9.2
Chicago,2013,Ayele Abshero,M,24,ETH,6,02:10:10,7810,6,1,No,No,130.16666666666666,501203,54,39.9,9.2
Chicago,2013,Moses Mosop,M,29,KEN,8,02:11:19,7879,8,1,No,No,131.31666666666666,501205,54,39.9,9.2
Chicago,2013,Yoshinori Oda,M,34,JPN,9,02:11:29,7889,9,1,No,No,131.48333333333332,501206,54,39.9,9.2
Chicago,2013,Matt Tegenkamp,M,34,USA,10,02:12:28,7948,10,0,No,No,132.46666666666667,501207,54,39.9,9.2
Chicago,2013,Michael Shelley,M,29,AUS,12,02:13:09,7989,12,1,No,No,133.15,501209,54,39.9,9.2
Chicago,2013,Kenji Higashino,M,29,JPN,13,02:13:52,8032,13,1,No,No,133.86666666666667,501210,54,39.9,9.2
Chicago,2013,Craig Leon,M,29,USA,13,02:13:52,8032,14,0,No,No,133.86666666666667,501211,54,39.9,9.2
Chicago,2013,Norihide Fujimori,M,29,JPN,15,02:13:54,8034,15,1,No,No,133.9,501212,54,39.9,9.2
Chicago,2013,Hiroki Tanaka,M,34,JPN,18,02:15:35,8135,18,1,No,No,135.58333333333334,501215,54,39.9,9.2
Chicago,2013,Yoshiki Otsuka,M,34,JPN,20,02:16:57,8217,20,1,No,No,136.95,501217,54,39.9,9.2
Chicago,2013,Brandon Mull,M,29,USA,23,02:18:14,8294,23,0,No,No,138.23333333333332,501220,54,39.9,9.2
Chicago,2013,Eric Loeffler,M,39,USA,24,02:18:39,8319,24,0,No,No,138.65,501221,54,39.9,9.2
Chicago,2013,Dan Kremske,M,24,USA,25,02:18:52,8332,25,0,No,No,138.86666666666667,501222,54,39.9,9.2
Chicago,2013,Matt Dewald,M,34,USA,26,02:19:30,8370,26,0,No,No,139.5,501223,54,39.9,9.2
Chicago,2013,Christopher Pannone,M,29,USA,29,02:20:40,8440,28,0,No,No,140.66666666666666,501225,54,39.9,9.2
Chicago,2013,Kevin Havel,M,24,USA,41,02:23:59,8639,39,0,No,No,143.98333333333332,501236,54,39.9,9.2
Chicago,2013,Stephen Muturi,M,39,USA,49,02:26:02,8762,47,0,No,No,146.03333333333333,501244,54,39.9,9.2
Chicago,2014,Mare Dibaba,F,24,ETH,50,02:25:37,8737,1,1,No,No,145.61666666666667,522679,50,37.9,9.2
Chicago,2014,Florence Kiplagat,F,29,KEN,53,02:25:57,8757,2,1,No,No,145.95,522680,50,37.9,9.2
Chicago,2014,Birhane Dibaba,F,24,ETH,61,02:27:02,8822,3,1,No,No,147.03333333333333,522681,50,37.9,9.2
Chicago,2014,Clara Santucci,F,29,USA,101,02:32:21,9141,5,0,No,No,152.35,522683,50,37.9,9.2
Chicago,2014,Sarah Crouch,F,29,USA,103,02:32:44,9164,6,0,No,No,152.73333333333332,522684,50,37.9,9.2
Chicago,2014,Gelete Burka,F,29,ETH,116,02:34:17,9257,7,1,No,No,154.28333333333333,522685,50,37.9,9.2
Chicago,2014,Lauren Jimison,F,24,USA,119,02:34:38,9278,9,0,No,No,154.63333333333333,522687,50,37.9,9.2
Chicago,2014,Sarah Cummings,F,29,USA,122,02:34:47,9287,10,0,No,No,154.78333333333333,522688,50,37.9,9.2
Chicago,2014,Lindsey Scherf,F,29,USA,146,02:37:26,9446,11,0,No,No,157.43333333333334,522689,50,37.9,9.2
Chicago,2014,Wendy Thomas,F,39,USA,150,02:37:38,9458,12,0,No,No,157.63333333333333,522690,50,37.9,9.2
Chicago,2014,Laura Portis,F,29,USA,161,02:38:06,9486,13,0,No,No,158.1,522691,50,37.9,9.2
Chicago,2014,Whitney Bevins-Lazzara,F,34,USA,182,02:40:12,9612,15,0,No,No,160.2,522693,50,37.9,9.2
Chicago,2014,Lisa Uhl,F,29,USA,189,02:40:51,9651,17,0,No,No,160.85,522695,50,37.9,9.2
Chicago,2014,Heidi Greenwood,F,29,USA,224,02:42:22,9742,21,0,No,No,162.36666666666667,522699,50,37.9,9.2
Chicago,2014,Kristen Heckert,F,29,USA,230,02:42:32,9752,22,0,No,No,162.53333333333333,522700,50,37.9,9.2
Chicago,2014,Yuri Yoshizumi,F,29,JPN,686,02:56:07,10567,81,1,No,No,176.11666666666667,522759,50,37.9,9.2
Chicago,2014,Eliud Kipchoge,M,29,KEN,1,02:04:11,7451,1,1,No,No,124.18333333333334,541084,50,37.9,9.2
Chicago,2014,Sammy Kitwara,M,29,KEN,2,02:04:28,7468,2,1,No,No,124.46666666666667,541085,50,37.9,9.2
Chicago,2014,Dickson Chumba,M,29,KEN,3,02:04:32,7472,3,1,No,No,124.53333333333333,541086,50,37.9,9.2
Chicago,2014,Kenenisa Bekele,M,34,ETH,4,02:05:51,7551,4,1,No,No,125.85,541087,50,37.9,9.2
Chicago,2014,Bernard Koech,M,29,KEN,5,02:08:30,7710,5,1,No,No,128.5,541088,50,37.9,9.2
Chicago,2014,Lani Rutto,M,29,KEN,7,02:10:42,7842,7,1,No,No,130.7,541090,50,37.9,9.2
Chicago,2014,Wesley Korir,M,34,KEN,8,02:11:09,7869,8,1,No,No,131.15,541091,50,37.9,9.2
Chicago,2014,Bobby Curtis,M,29,USA,9,02:11:20,7880,9,0,No,No,131.33333333333334,541092,50,37.9,9.2
Chicago,2014,Koji Kobayashi,M,29,JPN,10,02:11:43,7903,10,1,No,No,131.71666666666667,541093,50,37.9,9.2
Chicago,2014,Jake Riley,M,29,USA,11,02:13:16,7996,11,0,No,No,133.26666666666668,541094,50,37.9,9.2
Chicago,2014,Gabe Proctor,M,24,USA,12,02:13:45,8025,12,0,No,No,133.75,541095,50,37.9,9.2
Chicago,2014,Christo Landry,M,29,USA,13,02:14:30,8070,13,0,No,No,134.5,541096,50,37.9,9.2
Chicago,2014,Tim Young,M,29,USA,14,02:14:40,8080,14,0,No,No,134.66666666666666,541097,50,37.9,9.2
Chicago,2014,Naoki Okamoto,M,34,JPN,16,02:15:19,8119,16,1,No,No,135.31666666666666,541099,50,37.9,9.2
Chicago,2014,Satoru Sasaki,M,29,JPN,17,02:15:25,8125,17,1,No,No,135.41666666666666,541100,50,37.9,9.2
Chicago,2014,Ryosuke Fukuyama,M,34,JPN,18,02:15:33,8133,18,1,No,No,135.55,541101,50,37.9,9.2
Chicago,2014,Craig Leon,M,29,USA,19,02:16:00,8160,19,0,No,No,136,541102,50,37.9,9.2
Chicago,2014,Rui Yonezawa,M,29,JPN,21,02:17:30,8250,21,1,No,No,137.5,541104,50,37.9,9.2
Chicago,2014,Patrick Rizzo,M,34,USA,25,02:18:04,8284,25,0,No,No,138.06666666666666,541108,50,37.9,9.2
Chicago,2014,Luke Humphrey,M,34,USA,27,02:18:19,8299,27,0,No,No,138.31666666666666,541110,50,37.9,9.2
Chicago,2014,Brendan Gregg,M,29,USA,28,02:18:30,8310,28,0,No,No,138.5,541111,50,37.9,9.2
Chicago,2014,Thomas Frazer,M,34,IRL,30,02:19:53,8393,30,1,No,No,139.88333333333333,541113,50,37.9,9.2
Chicago,2014,Jameson Mora,M,34,USA,32,02:20:38,8438,32,0,No,No,140.63333333333333,541115,50,37.9,9.2
Chicago,2014,Dan Kremske,M,29,USA,36,02:21:17,8477,36,0,No,No,141.28333333333333,541119,50,37.9,9.2
Chicago,2014,Mario Macias,M,34,USA,37,02:22:47,8567,37,0,No,No,142.78333333333333,541120,50,37.9,9.2
Chicago,2014,Bayron Piedra,M,34,ECU,76,02:29:29,8969,72,1,No,No,149.48333333333332,541155,50,37.9,9.2
Chicago,2014,Brett Lustgarten,M,24,USA,196,02:41:26,9686,178,0,No,No,161.43333333333334,541261,50,37.9,9.2
Chicago,2015,Florence Kiplagat,F,29,KEN,33,02:23:33,8613,1,1,No,No,143.55,563284,57.9,45,11.4
Chicago,2015,Yebrgual Melese,F,29,ETH,35,02:23:43,8623,2,1,No,No,143.71666666666667,563285,57.9,45,11.4
Chicago,2015,Birhane Dibaba,F,24,ETH,40,02:24:24,8664,3,1,No,No,144.4,563286,57.9,45,11.4
Chicago,2015,Kayoko Fukushi,F,34,JPN,41,02:24:25,8665,4,1,No,No,144.41666666666666,563287,57.9,45,11.4
Chicago,2015,Mulu Seboka,F,34,ETH,44,02:24:40,8680,5,1,No,No,144.66666666666666,563288,57.9,45,11.4
Chicago,2015,Meskerem Assefa,F,34,ETH,48,02:25:11,8711,6,1,No,No,145.18333333333334,563289,57.9,45,11.4
Chicago,2015,Diane Nukuri,F,34,BDI,76,02:29:13,8953,8,1,No,No,149.21666666666667,563291,57.9,45,11.4
Chicago,2015,Jessica Draskau Petersson,F,39,DEN,80,02:30:07,9007,9,1,No,No,150.11666666666667,563292,57.9,45,11.4
Chicago,2015,Susan Partridge,F,39,GBR,94,02:31:31,9091,11,1,No,No,151.51666666666668,563294,57.9,45,11.4
Chicago,2015,Sarah Crouch,F,29,USA,106,02:32:51,9171,12,0,No,No,152.85,563295,57.9,45,11.4
Chicago,2015,Fionnuala Britton,F,34,IRL,112,02:33:15,9195,13,1,No,No,153.25,563296,57.9,45,11.4
Chicago,2015,Tera Moody,F,34,USA,181,02:39:32,9572,16,0,No,No,159.53333333333333,563299,57.9,45,11.4
Chicago,2015,Rachel Hyland,F,29,USA,201,02:41:26,9686,17,0,No,No,161.43333333333334,563300,57.9,45,11.4
Chicago,2015,Taylor Ward,F,29,USA,277,02:45:01,9901,23,0,No,No,165.01666666666668,563306,57.9,45,11.4
Chicago,2015,Dickson Chumba,M,29,KEN,1,02:09:25,7765,1,1,No,No,129.41666666666666,580539,57.9,45,11.4
Chicago,2015,Sammy Kitwara,M,29,KEN,2,02:09:50,7790,2,1,No,No,129.83333333333334,580540,57.9,45,11.4
Chicago,2015,Samuel Ndungu,M,29,KEN,3,02:10:06,7806,3,1,No,No,130.1,580541,57.9,45,11.4
Chicago,2015,Girmay Birhanu Gebru,M,29,ETH,4,02:10:07,7807,4,1,No,No,130.11666666666667,580542,57.9,45,11.4
Chicago,2015,Luke Puskedra,M,29,USA,5,02:10:24,7824,5,0,No,No,130.4,580543,57.9,45,11.4
Chicago,2015,Wesley Korir,M,34,KEN,6,02:10:39,7839,6,1,No,No,130.65,580544,57.9,45,11.4
Chicago,2015,Elkanah Kibet,M,29,USA,7,02:11:31,7891,7,0,No,No,131.51666666666668,580545,57.9,45,11.4
Chicago,2015,Lucas Rotich,M,29,KEN,8,02:13:39,8019,8,1,No,No,133.65,580546,57.9,45,11.4
Chicago,2015,Abera Kuma,M,29,ETH,9,02:13:44,8024,9,1,No,No,133.73333333333332,580547,57.9,45,11.4
Chicago,2015,Fernando Cabada,M,34,USA,10,02:15:36,8136,10,0,No,No,135.6,580548,57.9,45,11.4
Chicago,2015,Liam Adams,M,29,AUS,11,02:16:29,8189,11,1,No,No,136.48333333333332,580549,57.9,45,11.4
Chicago,2015,Malcolm Richards,M,34,USA,12,02:16:41,8201,12,0,No,No,136.68333333333334,580550,57.9,45,11.4
Chicago,2015,Tony Migliozzi,M,29,USA,15,02:17:44,8264,15,0,No,No,137.73333333333332,580553,57.9,45,11.4
Chicago,2015,Satoshi Yoshii,M,34,JPN,21,02:20:33,8433,21,1,No,No,140.55,580559,57.9,45,11.4
Chicago,2015,Kevin Havel,M,29,USA,25,02:21:57,8517,25,0,No,No,141.95,580563,57.9,45,11.4
Chicago,2015,Brandon Mull,M,29,USA,29,02:22:54,8574,29,0,No,No,142.9,580567,57.9,45,11.4
Chicago,2015,Christopher Pannone,M,29,USA,34,02:23:38,8618,33,0,No,No,143.63333333333333,580571,57.9,45,11.4
Chicago,2015,Dan Kremske,M,29,USA,45,02:24:42,8682,40,0,No,No,144.7,580578,57.9,45,11.4
Chicago,2015,Ryan Root,M,24,USA,58,02:26:46,8806,52,0,No,No,146.76666666666668,580590,57.9,45,11.4
Chicago,2015,Jackson Neff,M,24,USA,86,02:30:52,9052,77,0,No,No,150.86666666666667,580615,57.9,45,11.4
Chicago,2015,Brett Lustgarten,M,29,USA,125,02:34:16,9256,112,0,No,No,154.26666666666668,580650,57.9,45,11.4
Chicago,2016,Florence Kiplagat,F,29,KEN,23,02:21:32,8492,1,1,No,No,141.53333333333333,600726,53.1,44.1,8.1
Chicago,2016,Edna Kiplagat,F,39,KEN,28,02:23:28,8608,2,1,No,No,143.46666666666667,600727,53.1,44.1,8.1
Chicago,2016,Valentine Kipketer,F,24,KEN,30,02:23:41,8621,3,1,No,No,143.68333333333334,600728,53.1,44.1,8.1
Chicago,2016,Purity Rionoripo,F,24,KEN,35,02:24:47,8687,4,1,No,No,144.78333333333333,600729,53.1,44.1,8.1
Chicago,2016,Yebrgual Melese,F,29,ETH,36,02:24:49,8689,5,1,No,No,144.81666666666666,600730,53.1,44.1,8.1
Chicago,2016,Atsede Baysa,F,29,ETH,54,02:28:53,8933,6,1,No,No,148.88333333333333,600731,53.1,44.1,8.1
Chicago,2016,Serena Burla,F,34,USA,61,02:30:40,9040,7,0,No,No,150.66666666666666,600732,53.1,44.1,8.1
Chicago,2016,Agnieszka Mierzejewska,F,34,POL,74,02:32:13,9133,8,1,No,No,152.21666666666667,600733,53.1,44.1,8.1
Chicago,2016,Sarah Crouch,F,29,USA,89,02:33:48,9228,9,0,No,No,153.8,600734,53.1,44.1,8.1
Chicago,2016,Alia Gray,F,29,USA,91,02:34:00,9240,10,0,No,No,154,600735,53.1,44.1,8.1
Chicago,2016,Laurie Knowles,F,39,USA,104,02:36:01,9361,11,0,No,No,156.01666666666668,600736,53.1,44.1,8.1
Chicago,2016,Freya Ross,F,34,GBR,123,02:37:50,9470,12,1,No,No,157.83333333333334,600737,53.1,44.1,8.1
Chicago,2016,Kristen Heckert,F,29,USA,149,02:39:37,9577,15,0,No,No,159.61666666666667,600740,53.1,44.1,8.1
Chicago,2016,Emma Polley,F,29,USA,165,02:40:56,9656,16,0,No,No,160.93333333333334,600741,53.1,44.1,8.1
Chicago,2016,Julia Roman-Duval,F,34,USA,194,02:42:49,9769,18,0,No,No,162.81666666666666,600743,53.1,44.1,8.1
Chicago,2016,Tera Moody,F,39,USA,510,02:53:40,10420,46,0,No,No,173.66666666666666,600771,53.1,44.1,8.1
Chicago,2016,Abel Kirui,M,34,KEN,1,02:11:23,7883,1,1,No,No,131.38333333333333,619250,53.1,44.1,8.1
Chicago,2016,Dickson Chumba,M,29,KEN,2,02:11:26,7886,2,1,No,No,131.43333333333334,619251,53.1,44.1,8.1
Chicago,2016,Gideon Kipketer,M,24,KEN,3,02:12:20,7940,3,1,No,No,132.33333333333334,619252,53.1,44.1,8.1
Chicago,2016,Paul Lonyangata,M,24,KEN,4,02:13:17,7997,4,1,No,No,133.28333333333333,619253,53.1,44.1,8.1
Chicago,2016,Stephen Sambu,M,29,KEN,5,02:13:35,8015,5,1,No,No,133.58333333333334,619254,53.1,44.1,8.1
Chicago,2016,Abayneh Ayele,M,29,ETH,6,02:13:52,8032,6,1,No,No,133.86666666666667,619255,53.1,44.1,8.1
Chicago,2016,Takuya Fukatsu,M,29,JPN,7,02:13:53,8033,7,1,No,No,133.88333333333333,619256,53.1,44.1,8.1
Chicago,2016,Koji Gokaya,M,29,JPN,9,02:14:34,8074,9,1,No,No,134.56666666666666,619258,53.1,44.1,8.1
Chicago,2016,Elkanah Kibet,M,34,USA,10,02:16:37,8197,10,0,No,No,136.61666666666667,619259,53.1,44.1,8.1
Chicago,2016,Tim Young,M,29,USA,11,02:16:43,8203,11,0,No,No,136.71666666666667,619260,53.1,44.1,8.1
Chicago,2016,Andrew Epperson,M,29,USA,12,02:16:54,8214,12,0,No,No,136.9,619261,53.1,44.1,8.1
Chicago,2016,Ryoichi Matsuo,M,29,JPN,14,02:18:50,8330,14,1,No,No,138.83333333333334,619263,53.1,44.1,8.1
Chicago,2016,Tony Migliozzi,M,29,USA,15,02:19:39,8379,15,0,No,No,139.65,619264,53.1,44.1,8.1
Chicago,2016,Daniel Wallis,M,29,NZL,17,02:19:56,8396,17,1,No,No,139.93333333333334,619266,53.1,44.1,8.1
Chicago,2016,Micah Kogo,M,34,KEN,18,02:20:03,8403,18,1,No,No,140.05,619267,53.1,44.1,8.1
Chicago,2016,Luke Puskedra,M,29,USA,19,02:20:18,8418,19,0,No,No,140.3,619268,53.1,44.1,8.1
Chicago,2016,Jonathan Mott,M,29,USA,20,02:20:22,8422,20,0,No,No,140.36666666666667,619269,53.1,44.1,8.1
Chicago,2016,David Nilsson,M,29,SWE,21,02:20:25,8425,21,1,No,No,140.41666666666666,619270,53.1,44.1,8.1
Chicago,2016,Kiya Dandena,M,29,USA,24,02:22:14,8534,23,0,No,No,142.23333333333332,619272,53.1,44.1,8.1
Chicago,2016,Kazuya Ishida,M,34,JPN,26,02:23:02,8582,25,1,No,No,143.03333333333333,619274,53.1,44.1,8.1
Chicago,2016,Dustin Emerick,M,29,USA,31,02:23:58,8638,28,0,No,No,143.96666666666667,619277,53.1,44.1,8.1
Chicago,2016,Chris Siemers,M,39,USA,52,02:28:26,8906,47,0,No,No,148.43333333333334,619296,53.1,44.1,8.1
Chicago,2016,Brett Lustgarten,M,29,USA,55,02:29:21,8961,49,0,No,No,149.35,619298,53.1,44.1,8.1
Chicago,2016,Jose Madera,M,29,USA,100,02:35:42,9342,90,0,No,No,155.7,619339,53.1,44.1,8.1
Chicago,2017,Tirunesh Dibaba,F,34,ETH,22,02:18:31,8311,1,1,No,Yes,138.51666666666668,641282,60.1,55,3.4
Chicago,2017,Brigid Kosgei,F,24,KEN,26,02:20:22,8422,2,1,No,Yes,140.36666666666667,641283,60.1,55,3.4
Chicago,2017,Jordan Hasay,F,29,USA,27,02:20:57,8457,3,0,No,Yes,140.95,641284,60.1,55,3.4
Chicago,2017,Madai Perez,F,39,MEX,34,02:24:44,8684,4,1,No,Yes,144.73333333333332,641285,60.1,55,3.4
Chicago,2017,Valentine Kipketer,F,24,KEN,48,02:28:05,8885,5,1,No,Yes,148.08333333333334,641286,60.1,55,3.4
Chicago,2017,Lisa Weightman,F,39,AUS,52,02:28:45,8925,6,1,No,Yes,148.75,641287,60.1,55,3.4
Chicago,2017,Maegan Krifchin,F,29,USA,86,02:33:46,9226,7,0,No,Yes,153.76666666666668,641288,60.1,55,3.4
Chicago,2017,Alia Gray,F,29,USA,90,02:34:25,9265,8,0,No,Yes,154.41666666666666,641289,60.1,55,3.4
Chicago,2017,Taylor Ward,F,29,USA,101,02:35:27,9327,9,0,No,Yes,155.45,641290,60.1,55,3.4
Chicago,2017,Becky Wade,F,29,USA,103,02:35:46,9346,10,0,No,Yes,155.76666666666668,641291,60.1,55,3.4
Chicago,2017,Sarah Crouch,F,29,USA,130,02:38:27,9507,13,0,No,Yes,158.45,641294,60.1,55,3.4
Chicago,2017,Christina Vergara-Aleshire,F,39,USA,132,02:38:33,9513,15,0,No,Yes,158.55,641296,60.1,55,3.4
Chicago,2017,Kristen Heckert,F,34,USA,134,02:38:54,9534,16,0,No,Yes,158.9,641297,60.1,55,3.4
Chicago,2017,Danna Herrick,F,34,USA,152,02:40:02,9602,20,0,No,Yes,160.03333333333333,641301,60.1,55,3.4
Chicago,2017,Alyssa Schneider,F,24,USA,196,02:42:50,9770,25,0,No,Yes,162.83333333333334,641306,60.1,55,3.4
Chicago,2017,Michelle Lilienthal,F,39,USA,217,02:44:05,9845,29,0,No,Yes,164.08333333333334,641310,60.1,55,3.4
Chicago,2017,Galen Rupp,M,34,USA,1,02:09:20,7760,1,0,No,Yes,129.33333333333334,662807,60.1,55,3.4
Chicago,2017,Abel Kirui,M,39,KEN,2,02:09:48,7788,2,1,No,Yes,129.8,662808,60.1,55,3.4
Chicago,2017,Bernard Kipyego,M,34,KEN,3,02:10:23,7823,3,1,No,Yes,130.38333333333333,662809,60.1,55,3.4
Chicago,2017,Sisay Lemma,M,29,ETH,4,02:11:01,7861,4,1,No,Yes,131.01666666666668,662810,60.1,55,3.4
Chicago,2017,Stephen Sambu,M,29,KEN,5,02:11:07,7867,5,1,No,Yes,131.11666666666667,662811,60.1,55,3.4
Chicago,2017,Kohei Matsumura,M,34,JPN,6,02:11:46,7906,6,1,No,Yes,131.76666666666668,662812,60.1,55,3.4
Chicago,2017,Ezekiel Chebii,M,29,KEN,7,02:12:12,7932,7,1,No,Yes,132.2,662813,60.1,55,3.4
Chicago,2017,Zersenay Tadese,M,39,ERI,8,02:12:19,7939,8,1,No,Yes,132.31666666666666,662814,60.1,55,3.4
Chicago,2017,Chris Derrick,M,29,USA,9,02:12:50,7970,9,0,No,Yes,132.83333333333334,662815,60.1,55,3.4
Chicago,2017,Michael Shelley,M,34,AUS,10,02:12:52,7972,10,1,No,Yes,132.86666666666667,662816,60.1,55,3.4
Chicago,2017,Chihiro Miyawaki,M,29,JPN,11,02:13:23,8003,11,1,No,Yes,133.38333333333333,662817,60.1,55,3.4
Chicago,2017,Andrew Bumbalough,M,34,USA,13,02:14:04,8044,13,0,No,Yes,134.06666666666666,662819,60.1,55,3.4
Chicago,2017,Feyisa Lilesa,M,29,ETH,14,02:14:49,8089,14,1,No,Yes,134.81666666666666,662820,60.1,55,3.4
Chicago,2017,Sam Chelanga,M,34,USA,15,02:15:02,8102,15,0,No,Yes,135.03333333333333,662821,60.1,55,3.4
Chicago,2017,Jonas Hampton,M,29,USA,17,02:15:46,8146,17,0,No,Yes,135.76666666666668,662823,60.1,55,3.4
Chicago,2017,Ryoichi Matsuo,M,29,JPN,18,02:15:50,8150,18,1,No,Yes,135.83333333333334,662824,60.1,55,3.4
Chicago,2017,Noah Droddy,M,29,USA,19,02:16:26,8186,19,0,No,Yes,136.43333333333334,662825,60.1,55,3.4
Chicago,2017,Luke Puskedra,M,29,USA,20,02:17:53,8273,20,0,No,Yes,137.88333333333333,662826,60.1,55,3.4
Chicago,2017,Alan Peterson,M,29,USA,23,02:18:47,8327,22,0,No,Yes,138.78333333333333,662828,60.1,55,3.4
Chicago,2017,Kevin Havel,M,29,USA,25,02:20:18,8418,24,0,No,Yes,140.3,662830,60.1,55,3.4
Chicago,2017,Chris Siemers,M,39,USA,30,02:23:52,8632,27,0,No,Yes,143.86666666666667,662833,60.1,55,3.4
Chicago,2017,Jackson Neff,M,29,USA,38,02:25:34,8734,34,0,No,Yes,145.56666666666666,662840,60.1,55,3.4
Chicago,2017,Luke Humphrey,M,39,USA,67,02:30:46,9046,61,0,No,Yes,150.76666666666668,662867,60.1,55,3.4
Chicago,2017,Brett Lustgarten,M,29,USA,69,02:31:02,9062,63,0,No,Yes,151.03333333333333,662869,60.1,55,3.4
Chicago,2018,Brigid Kosgei,F,24,KEN,24,02:18:35,8315,1,1,No,Yes,138.58333333333334,685630,59,55.9,10.3
Chicago,2018,Roza Dereje,F,24,ETH,36,02:21:18,8478,2,1,No,Yes,141.3,685631,59,55.9,10.3
Chicago,2018,Shure Demise,F,24,ETH,40,02:22:15,8535,3,1,No,Yes,142.25,685632,59,55.9,10.3
Chicago,2018,Florence Kiplagat,F,34,KEN,57,02:26:08,8768,4,1,No,Yes,146.13333333333333,685633,59,55.9,10.3
Chicago,2018,Veronicah Nyaruai,F,29,KEN,104,02:31:34,9094,5,1,No,Yes,151.56666666666666,685634,59,55.9,10.3
Chicago,2018,Sarah Crouch,F,29,USA,113,02:32:37,9157,6,0,No,Yes,152.61666666666667,685635,59,55.9,10.3
Chicago,2018,Taylor Ward,F,29,USA,115,02:32:42,9162,7,0,No,Yes,152.7,685636,59,55.9,10.3
Chicago,2018,Melanie Myrand,F,34,CAN,126,02:34:08,9248,9,1,No,Yes,154.13333333333333,685638,59,55.9,10.3
Chicago,2018,Marci Klimek,F,34,USA,142,02:34:53,9293,10,0,No,Yes,154.88333333333333,685639,59,55.9,10.3
Chicago,2018,Gwen Jorgensen,F,34,USA,162,02:36:23,9383,11,0,No,Yes,156.38333333333333,685640,59,55.9,10.3
Chicago,2018,Katie Matthews,F,29,USA,187,02:38:16,9496,14,0,No,Yes,158.26666666666668,685643,59,55.9,10.3
Chicago,2018,Alyssa Schneider,F,29,USA,206,02:39:11,9551,17,0,No,Yes,159.18333333333334,685646,59,55.9,10.3
Chicago,2018,Deanna Ardrey,F,39,USA,218,02:39:44,9584,18,0,No,Yes,159.73333333333332,685647,59,55.9,10.3
Chicago,2018,Jane Bareikis,F,24,USA,282,02:42:38,9758,24,0,No,Yes,162.63333333333333,685653,59,55.9,10.3
Chicago,2018,Alexi Pappas,F,29,GRE,320,02:43:38,9818,28,1,No,Yes,163.63333333333333,685657,59,55.9,10.3
Chicago,2018,Gabriela Trana,F,39,CRC,493,02:48:32,10112,43,1,No,Yes,168.53333333333333,685672,59,55.9,10.3
Chicago,2018,Mo Farah,M,39,GBR,1,02:05:11,7511,1,1,No,Yes,125.18333333333334,706269,59,55.9,10.3
Chicago,2018,Mosinet Geremew Bayih,M,29,ETH,2,02:05:24,7524,2,1,No,Yes,125.4,706270,59,55.9,10.3
Chicago,2018,Suguru Osako,M,29,JPN,3,02:05:50,7550,3,1,No,Yes,125.83333333333333,706271,59,55.9,10.3
Chicago,2018,Kenneth Kipkemoi,M,34,KEN,4,02:05:57,7557,4,1,No,Yes,125.95,706272,59,55.9,10.3
Chicago,2018,Galen Rupp,M,34,USA,5,02:06:21,7581,5,0,No,Yes,126.35,706273,59,55.9,10.3
Chicago,2018,Geoffrey Kirui,M,29,KEN,6,02:06:45,7605,6,1,No,Yes,126.75,706274,59,55.9,10.3
Chicago,2018,Abel Kirui,M,39,KEN,7,02:07:52,7672,7,1,No,Yes,127.86666666666666,706275,59,55.9,10.3
Chicago,2018,Taku Fujimoto,M,29,JPN,8,02:07:57,7677,8,1,No,Yes,127.95,706276,59,55.9,10.3
Chicago,2018,Bedan Karoki,M,29,KEN,9,02:07:59,7679,9,1,No,Yes,127.98333333333333,706277,59,55.9,10.3
Chicago,2018,Birhanu Legese,M,24,ETH,10,02:08:41,7721,10,1,No,Yes,128.68333333333334,706278,59,55.9,10.3
Chicago,2018,Mohamed Reda El Aaraby,M,29,MAR,11,02:09:16,7756,11,1,No,Yes,129.26666666666668,706279,59,55.9,10.3
Chicago,2018,Yohei Suzuki,M,24,JPN,12,02:12:18,7938,12,1,No,Yes,132.3,706280,59,55.9,10.3
Chicago,2018,Elkanah Kibet,M,39,USA,13,02:12:35,7955,13,0,No,Yes,132.58333333333334,706281,59,55.9,10.3
Chicago,2018,Jonas Hampton,M,29,USA,15,02:14:19,8059,15,0,No,Yes,134.31666666666666,706283,59,55.9,10.3
Chicago,2018,Parker Stinson,M,29,USA,16,02:14:29,8069,16,0,No,Yes,134.48333333333332,706284,59,55.9,10.3
Chicago,2018,Bernard Kipyego,M,34,KEN,18,02:16:12,8172,18,1,No,Yes,136.2,706286,59,55.9,10.3
Chicago,2018,Yuki Kawauchi,M,34,JPN,19,02:16:26,8186,19,1,No,Yes,136.43333333333334,706287,59,55.9,10.3
Chicago,2018,Tyler McCandless,M,34,USA,20,02:16:37,8197,20,0,No,Yes,136.61666666666667,706288,59,55.9,10.3
Chicago,2018,Andrew Epperson,M,29,USA,22,02:17:01,8221,22,0,No,Yes,137.01666666666668,706290,59,55.9,10.3
Chicago,2018,Alan Peterson,M,29,USA,23,02:17:15,8235,23,0,No,Yes,137.25,706291,59,55.9,10.3
Chicago,2018,Pardon Ndhlovu,M,34,ZIM,25,02:18:49,8329,24,1,No,Yes,138.81666666666666,706292,59,55.9,10.3
Chicago,2018,Brett Lustgarten,M,29,USA,27,02:18:59,8339,26,0,No,Yes,138.98333333333332,706294,59,55.9,10.3
Chicago,2018,Kiya Dandena,M,29,USA,31,02:20:58,8458,30,0,No,Yes,140.96666666666667,706298,59,55.9,10.3
Chicago,2018,Johnny Crain,M,29,USA,35,02:21:15,8475,34,0,No,Yes,141.25,706302,59,55.9,10.3
Chicago,2018,Dan Kremske,M,29,USA,39,02:22:00,8520,37,0,No,Yes,142,706305,59,55.9,10.3
Chicago,2018,Ryan Root,M,29,USA,42,02:22:42,8562,39,0,No,Yes,142.7,706307,59,55.9,10.3
Chicago,2018,Jackson Neff,M,29,USA,45,02:23:28,8608,42,0,No,Yes,143.46666666666667,706310,59,55.9,10.3
Chicago,2018,Kevin Havel,M,29,USA,50,02:24:40,8680,47,0,No,Yes,144.66666666666666,706315,59,55.9,10.3
Chicago,2018,Patrick Rizzo,M,39,USA,60,02:26:29,8789,56,0,No,Yes,146.48333333333332,706324,59,55.9,10.3
Chicago,2018,Bayron Piedra,M,39,ECU,62,02:26:56,8816,58,1,No,Yes,146.93333333333334,706326,59,55.9,10.3
Chicago,2019,Brigid Kosgei,F,29,KEN,23,02:14:04,8044,1,1,Yes,Yes,134.06666666666666,730181,45,32,16.1
Chicago,2019,Ababel Yeshaneh,F,29,ETH,51,02:20:51,8451,2,1,Yes,Yes,140.85,730182,45,32,16.1
Chicago,2019,Gelete Burka,F,34,ETH,52,02:20:55,8455,3,1,Yes,Yes,140.91666666666666,730183,45,32,16.1
Chicago,2019,Emma Bates,F,29,USA,89,02:25:27,8727,4,0,Yes,Yes,145.45,730184,45,32,16.1
Chicago,2019,Fionnuala Mccormack,F,39,IRL,107,02:26:47,8807,5,1,Yes,Yes,146.78333333333333,730185,45,32,16.1
Chicago,2019,Stephanie Bruce,F,39,USA,115,02:27:47,8867,6,0,Yes,Yes,147.78333333333333,730186,45,32,16.1
Chicago,2019,Lindsay Flanagan,F,29,USA,121,02:28:08,8888,7,0,Yes,Yes,148.13333333333333,730187,45,32,16.1
Chicago,2019,Laura Thweatt,F,34,USA,131,02:29:06,8946,8,0,Yes,Yes,149.1,730188,45,32,16.1
Chicago,2019,Taylor Ward,F,29,USA,142,02:30:14,9014,10,0,Yes,Yes,150.23333333333332,730190,45,32,16.1
Chicago,2019,Madai Perez,F,39,MEX,158,02:31:44,9104,11,1,Yes,Yes,151.73333333333332,730191,45,32,16.1
Chicago,2019,Sarah Sellers,F,29,USA,161,02:31:49,9109,12,0,Yes,Yes,151.81666666666666,730192,45,32,16.1
Chicago,2019,Anke Esser,F,29,GER,165,02:32:06,9126,13,1,Yes,Yes,152.1,730193,45,32,16.1
Chicago,2019,Alyssa Schneider,F,29,USA,216,02:35:31,9331,18,0,Yes,Yes,155.51666666666668,730198,45,32,16.1
Chicago,2019,Julia Roman-Duval,F,39,USA,221,02:35:41,9341,19,0,Yes,Yes,155.68333333333334,730199,45,32,16.1
Chicago,2019,Marie-Ange Brumelot,F,29,FRA,231,02:36:23,9383,20,1,Yes,Yes,156.38333333333333,730200,45,32,16.1
Chicago,2019,Jane Bareikis,F,29,USA,258,02:37:32,9452,22,0,Yes,Yes,157.53333333333333,730202,45,32,16.1
Chicago,2019,Kristen Heckert,F,34,USA,306,02:39:33,9573,25,0,Yes,Yes,159.55,730205,45,32,16.1
Chicago,2019,Lawrence Cherono,M,34,KEN,1,02:05:45,7545,1,1,Yes,Yes,125.75,751475,45,32,16.1
Chicago,2019,Dejene Debela,M,24,ETH,2,02:05:46,7546,2,1,Yes,Yes,125.76666666666667,751476,45,32,16.1
Chicago,2019,Asefa Mengstu,M,34,ETH,3,02:05:48,7548,3,1,Yes,Yes,125.8,751477,45,32,16.1
Chicago,2019,Bedan Karoki,M,29,KEN,4,02:05:53,7553,4,1,Yes,Yes,125.88333333333334,751478,45,32,16.1
Chicago,2019,Bashir Abdi,M,34,BEL,5,02:06:14,7574,5,1,Yes,Yes,126.23333333333333,751479,45,32,16.1
Chicago,2019,Seifu Tura Abdiwak,M,24,ETH,6,02:08:35,7715,6,1,Yes,Yes,128.58333333333334,751480,45,32,16.1
Chicago,2019,Dickson Chumba,M,34,KEN,7,02:09:11,7751,7,1,Yes,Yes,129.18333333333334,751481,45,32,16.1
Chicago,2019,Mo Farah,M,39,GBR,8,02:09:58,7798,8,1,Yes,Yes,129.96666666666667,751482,45,32,16.1
Chicago,2019,Jacob Riley,M,34,USA,9,02:10:36,7836,9,0,Yes,Yes,130.6,751483,45,32,16.1
Chicago,2019,Jerrell Mock,M,24,USA,10,02:10:37,7837,10,0,Yes,Yes,130.61666666666667,751484,45,32,16.1
Chicago,2019,Parker Stinson,M,29,USA,11,02:10:53,7853,11,0,Yes,Yes,130.88333333333333,751485,45,32,16.1
Chicago,2019,Andrew Bumbalough,M,34,USA,12,02:10:56,7856,12,0,Yes,Yes,130.93333333333334,751486,45,32,16.1
Chicago,2019,Minato Oishi,M,34,JPN,13,02:11:02,7862,13,1,Yes,Yes,131.03333333333333,751487,45,32,16.1
Chicago,2019,Matt McDonald,M,29,USA,14,02:11:10,7870,14,0,Yes,Yes,131.16666666666666,751488,45,32,16.1
Chicago,2019,Brendan Gregg,M,34,USA,16,02:11:38,7898,16,0,Yes,Yes,131.63333333333333,751490,45,32,16.1
Chicago,2019,Noah Droddy,M,29,USA,17,02:11:42,7902,17,0,Yes,Yes,131.7,751491,45,32,16.1
Chicago,2019,Wilkerson Given,M,29,USA,18,02:11:44,7904,18,0,Yes,Yes,131.73333333333332,751492,45,32,16.1
Chicago,2019,Tsubasa Hayakawa,M,29,JPN,20,02:12:25,7945,20,1,Yes,Yes,132.41666666666666,751494,45,32,16.1
Chicago,2019,Ryoma Takeuchi,M,29,JPN,21,02:12:26,7946,21,1,Yes,Yes,132.43333333333334,751495,45,32,16.1
Chicago,2019,Brian Shrader,M,29,USA,22,02:13:27,8007,22,0,Yes,Yes,133.45,751496,45,32,16.1
Chicago,2019,Colin Mickow,M,29,USA,27,02:14:55,8095,26,0,Yes,Yes,134.91666666666666,751500,45,32,16.1
Chicago,2019,Alan Peterson,M,29,USA,28,02:14:56,8096,27,0,Yes,Yes,134.93333333333334,751501,45,32,16.1
Chicago,2019,Kevin Havel,M,29,USA,30,02:15:37,8137,29,0,Yes,Yes,135.61666666666667,751503,45,32,16.1
Chicago,2019,Ryan Root,M,29,USA,34,02:16:59,8219,33,0,Yes,Yes,136.98333333333332,751507,45,32,16.1
Chicago,2019,Turner Wiley,M,29,USA,35,02:17:00,8220,34,0,Yes,Yes,137,751508,45,32,16.1
Chicago,2019,Jackson Neff,M,29,USA,38,02:17:21,8241,37,0,Yes,Yes,137.35,751511,45,32,16.1
Chicago,2019,Brett Lustgarten,M,29,USA,44,02:18:59,8339,43,0,Yes,Yes,138.98333333333332,751517,45,32,16.1
Chicago,2021,Ruth Chepngetich,F,29,KEN,21,02:22:31,8551,1,1,Yes,Yes,142.51666666666668,776047,72,61,18.4
Chicago,2021,Emma Bates,F,29,USA,26,02:24:20,8660,2,0,Yes,Yes,144.33333333333334,776048,72,61,18.4
Chicago,2021,Keira D'Amato,F,39,USA,45,02:28:22,8902,4,0,Yes,Yes,148.36666666666667,776050,72,61,18.4
Chicago,2021,Vivian Jerono Kiplagat,F,29,KEN,50,02:29:14,8954,5,1,Yes,Yes,149.23333333333332,776051,72,61,18.4
Chicago,2021,Maegan Krifchin,F,34,USA,56,02:30:17,9017,6,0,Yes,Yes,150.28333333333333,776052,72,61,18.4
Chicago,2021,Carrie Verdon,F,29,USA,63,02:31:51,9111,7,0,Yes,Yes,151.85,776053,72,61,18.4
Chicago,2021,Sarah Pagano,F,34,USA,72,02:33:11,9191,8,0,Yes,Yes,153.18333333333334,776054,72,61,18.4
Chicago,2021,Meseret Belete Tola,F,24,ETH,73,02:33:14,9194,9,1,Yes,Yes,153.23333333333332,776055,72,61,18.4
Chicago,2021,Lindsay Flanagan,F,34,USA,75,02:33:20,9200,10,0,Yes,Yes,153.33333333333334,776056,72,61,18.4
Chicago,2021,Diane Nukuri,F,39,USA,82,02:34:25,9265,11,0,Yes,Yes,154.41666666666666,776057,72,61,18.4
Chicago,2021,Daiana Ocampo,F,34,ARG,88,02:34:46,9286,12,1,Yes,Yes,154.76666666666668,776058,72,61,18.4
Chicago,2021,Alia Gray,F,34,USA,92,02:35:24,9324,13,0,Yes,Yes,155.4,776059,72,61,18.4
Chicago,2021,Bria Wetsch,F,34,USA,94,02:35:52,9352,14,0,Yes,Yes,155.86666666666667,776060,72,61,18.4
Chicago,2021,Tristin Van Ord,F,29,USA,111,02:37:25,9445,17,0,Yes,Yes,157.41666666666666,776063,72,61,18.4
Chicago,2021,Anne-Marie Blaney,F,29,USA,151,02:40:24,9624,22,0,Yes,Yes,160.4,776068,72,61,18.4
Chicago,2021,Olivia Pratt,F,29,USA,153,02:40:42,9642,23,0,Yes,Yes,160.7,776069,72,61,18.4
Chicago,2021,Jessica Watychowicz,F,34,USA,155,02:40:46,9646,24,0,Yes,Yes,160.76666666666668,776070,72,61,18.4
Chicago,2021,Georgia Porter,F,34,USA,171,02:42:23,9743,26,0,Yes,Yes,162.38333333333333,776072,72,61,18.4
Chicago,2021,Megan O'Neil,F,29,USA,198,02:43:56,9836,30,0,Yes,Yes,163.93333333333334,776076,72,61,18.4
Chicago,2021,Seifu Tura Abdiwak,M,24,ETH,1,02:06:12,7572,1,1,Yes,Yes,126.2,787924,72,61,18.4
Chicago,2021,Galen Rupp,M,39,USA,2,02:06:35,7595,2,0,Yes,Yes,126.58333333333333,787925,72,61,18.4
Chicago,2021,Eric Kiptanui,M,34,KEN,3,02:06:51,7611,3,1,Yes,Yes,126.85,787926,72,61,18.4
Chicago,2021,Kengo Suzuki,M,29,JPN,4,02:08:50,7730,4,1,Yes,Yes,128.83333333333334,787927,72,61,18.4
Chicago,2021,Shifera Tamru Aredo,M,24,ETH,5,02:09:39,7779,5,1,Yes,Yes,129.65,787928,72,61,18.4
Chicago,2021,Colin Mickow,M,34,USA,6,02:13:31,8011,6,0,Yes,Yes,133.51666666666668,787929,72,61,18.4
Chicago,2021,Nico Montanez,M,29,USA,7,02:13:55,8035,7,0,Yes,Yes,133.91666666666666,787930,72,61,18.4
Chicago,2021,Reuben Kiprop Kipyego,M,29,KEN,8,02:14:24,8064,8,1,Yes,Yes,134.4,787931,72,61,18.4
Chicago,2021,Reed Fischer,M,29,USA,9,02:14:41,8081,9,0,Yes,Yes,134.68333333333334,787932,72,61,18.4
Chicago,2021,Wilkerson Given,M,34,USA,10,02:14:55,8095,10,0,Yes,Yes,134.91666666666666,787933,72,61,18.4
Chicago,2021,Zachery Panning,M,29,USA,11,02:15:04,8104,11,0,Yes,Yes,135.06666666666666,787934,72,61,18.4
Chicago,2021,Clayton Young,M,29,USA,13,02:16:07,8167,13,0,Yes,Yes,136.11666666666667,787936,72,61,18.4
Chicago,2021,Turner Wiley,M,29,USA,14,02:16:51,8211,14,0,Yes,Yes,136.85,787937,72,61,18.4
Chicago,2021,Chris Derrick,M,34,USA,15,02:18:02,8282,15,0,Yes,Yes,138.03333333333333,787938,72,61,18.4
Chicago,2021,Josh Izewski,M,34,USA,16,02:18:49,8329,16,0,Yes,Yes,138.81666666666666,787939,72,61,18.4
Chicago,2021,Kevin Havel,M,34,USA,19,02:20:40,8440,19,0,Yes,Yes,140.66666666666666,787942,72,61,18.4
Chicago,2021,Mike Sayenko,M,39,USA,20,02:22:15,8535,20,0,Yes,Yes,142.25,787943,72,61,18.4
Chicago,2021,Brett Lustgarten,M,34,USA,30,02:24:53,8693,28,0,Yes,Yes,144.88333333333333,787951,72,61,18.4
Chicago,2021,Ben Kendell,M,29,USA,35,02:25:40,8740,33,0,Yes,Yes,145.66666666666666,787956,72,61,18.4
Chicago,2021,Abdisamed Abdi,M,29,USA,38,02:26:54,8814,36,0,Yes,Yes,146.9,787959,72,61,18.4
Chicago,2021,Kurt Roeser,M,34,USA,47,02:28:35,8915,43,0,Yes,Yes,148.58333333333334,787966,72,61,18.4
Chicago,2021,Matt Dewald,M,39,USA,68,02:32:36,9156,61,0,Yes,Yes,152.6,787984,72,61,18.4
Chicago,2022,Ruth Chepngetich,F,29,KEN,25,02:14:18,8058,1,1,Yes,Yes,134.3,802127,51.1,33.1,13.8
Chicago,2022,Emily Sisson,F,34,USA,35,02:18:29,8309,2,0,Yes,Yes,138.48333333333332,802128,51.1,33.1,13.8
Chicago,2022,Vivian Jerono Kiplagat,F,34,KEN,43,02:20:52,8452,3,1,Yes,Yes,140.86666666666667,802129,51.1,33.1,13.8
Chicago,2022,Ruti Aga Sora,F,29,ETH,46,02:21:41,8501,4,1,Yes,Yes,141.68333333333334,802130,51.1,33.1,13.8
Chicago,2022,Waganesh Mekasha Amare,F,34,ETH,58,02:23:41,8621,5,1,Yes,Yes,143.68333333333334,802131,51.1,33.1,13.8
Chicago,2022,Susanna Sullivan,F,34,USA,75,02:25:14,8714,6,0,Yes,Yes,145.23333333333332,802132,51.1,33.1,13.8
Chicago,2022,Sara Vaughn,F,39,USA,86,02:26:23,8783,7,0,Yes,Yes,146.38333333333333,802133,51.1,33.1,13.8
Chicago,2022,Maggie Montoya,F,29,USA,111,02:28:07,8887,8,0,Yes,Yes,148.11666666666667,802134,51.1,33.1,13.8
Chicago,2022,Sarah Inglis,F,34,GBR,129,02:29:37,8977,9,1,Yes,Yes,149.61666666666667,802135,51.1,33.1,13.8
Chicago,2022,Makena Morley,F,29,USA,141,02:30:28,9028,10,0,Yes,Yes,150.46666666666667,802136,51.1,33.1,13.8
Chicago,2022,Laura Thweatt,F,34,USA,152,02:31:24,9084,11,0,Yes,Yes,151.4,802137,51.1,33.1,13.8
Chicago,2022,Jessie Cardin,F,29,USA,191,02:33:34,9214,14,0,Yes,Yes,153.56666666666666,802140,51.1,33.1,13.8
Chicago,2022,Marie-Ange Brumelot,F,29,FRA,196,02:33:49,9229,15,1,Yes,Yes,153.81666666666666,802141,51.1,33.1,13.8
Chicago,2022,Carrie Verdon,F,29,USA,198,02:33:50,9230,16,0,Yes,Yes,153.83333333333334,802142,51.1,33.1,13.8
Chicago,2022,Brittney Feivor,F,29,USA,201,02:33:59,9239,17,0,Yes,Yes,153.98333333333332,802143,51.1,33.1,13.8
Chicago,2022,Olivia Pratt,F,29,USA,211,02:34:22,9262,19,0,Yes,Yes,154.36666666666667,802145,51.1,33.1,13.8
Chicago,2022,Rachel Hannah,F,39,CAN,252,02:36:04,9364,22,1,Yes,Yes,156.06666666666666,802148,51.1,33.1,13.8
Chicago,2022,Diane Nukuri,F,39,USA,427,02:41:05,9665,34,0,Yes,Yes,161.08333333333334,802160,51.1,33.1,13.8
Chicago,2022,Heidi Greenwood,F,39,USA,773,02:48:18,10098,58,0,Yes,Yes,168.3,802184,51.1,33.1,13.8
Chicago,2022,Kristen Heckert,F,39,USA,1493,02:56:24,10584,117,0,Yes,Yes,176.4,802243,51.1,33.1,13.8
Chicago,2022,Benson Kipruto,M,34,KEN,1,02:04:24,7464,1,1,Yes,Yes,124.4,818793,51.1,33.1,13.8
Chicago,2022,Seifu Tura Abdiwak,M,29,ETH,2,02:04:49,7489,2,1,Yes,Yes,124.81666666666666,818794,51.1,33.1,13.8
Chicago,2022,John Korir,M,29,KEN,3,02:05:01,7501,3,1,Yes,Yes,125.01666666666667,818795,51.1,33.1,13.8
Chicago,2022,Bernard Koech,M,34,KEN,4,02:07:15,7635,4,1,Yes,Yes,127.25,818796,51.1,33.1,13.8
Chicago,2022,Shifera Tamru Aredo,M,24,ETH,5,02:07:53,7673,5,1,Yes,Yes,127.88333333333334,818797,51.1,33.1,13.8
Chicago,2022,Kyohei Hosoya,M,29,JPN,6,02:08:05,7685,6,1,Yes,Yes,128.08333333333334,818798,51.1,33.1,13.8
Chicago,2022,Conner Mantz,M,29,USA,7,02:08:16,7696,7,0,Yes,Yes,128.26666666666668,818799,51.1,33.1,13.8
Chicago,2022,Hamza Sahli,M,29,MAR,8,02:08:22,7702,8,1,Yes,Yes,128.36666666666667,818800,51.1,33.1,13.8
Chicago,2022,Eric Kiptanui,M,34,NED,9,02:08:26,7706,9,1,Yes,Yes,128.43333333333334,818801,51.1,33.1,13.8
Chicago,2022,Dong Guojian,M,39,CHN,10,02:08:53,7733,10,1,Yes,Yes,128.88333333333333,818802,51.1,33.1,13.8
Chicago,2022,Zachery Panning,M,29,USA,11,02:09:28,7768,11,0,Yes,Yes,129.46666666666667,818803,51.1,33.1,13.8
Chicago,2022,Nicolas Montanez,M,29,USA,13,02:09:55,7795,13,0,Yes,Yes,129.91666666666666,818805,51.1,33.1,13.8
Chicago,2022,Riki Nakanishi,M,34,JPN,14,02:09:59,7799,14,1,Yes,Yes,129.98333333333332,818806,51.1,33.1,13.8
Chicago,2022,Abayneh Degu Tsehay,M,24,ETH,15,02:10:55,7855,15,1,Yes,Yes,130.91666666666666,818807,51.1,33.1,13.8
Chicago,2022,Pat Tiernan,M,29,AUS,16,02:11:02,7862,16,1,Yes,Yes,131.03333333333333,818808,51.1,33.1,13.8
Chicago,2022,Amanuel Mesel Tikue,M,34,ERI,17,02:11:38,7898,17,1,Yes,Yes,131.63333333333333,818809,51.1,33.1,13.8
Chicago,2022,Clayton Young,M,29,USA,18,02:11:51,7911,18,0,Yes,Yes,131.85,818810,51.1,33.1,13.8
Chicago,2022,Turner Wiley,M,29,USA,19,02:11:59,7919,19,0,Yes,Yes,131.98333333333332,818811,51.1,33.1,13.8
Chicago,2022,Hiroto Fujimagari,M,29,JPN,20,02:13:04,7984,20,1,Yes,Yes,133.06666666666666,818812,51.1,33.1,13.8
Chicago,2022,Stephen Kissa,M,34,UGA,21,02:13:16,7996,21,1,Yes,Yes,133.26666666666668,818813,51.1,33.1,13.8
Chicago,2022,Wilkerson Given,M,34,USA,22,02:13:42,8022,22,0,Yes,Yes,133.7,818814,51.1,33.1,13.8
Chicago,2022,Kiyoshi Koga,M,29,JPN,23,02:13:42,8022,23,1,Yes,Yes,133.7,818815,51.1,33.1,13.8
Chicago,2022,Reid Buchanan,M,29,USA,24,02:14:06,8046,24,0,Yes,Yes,134.1,818816,51.1,33.1,13.8
Chicago,2022,Jp Flavin,M,24,USA,27,02:14:55,8095,26,0,Yes,Yes,134.91666666666666,818818,51.1,33.1,13.8
Chicago,2022,Alan Peterson,M,34,USA,29,02:15:30,8130,28,0,Yes,Yes,135.5,818820,51.1,33.1,13.8
Chicago,2022,Tyler McCandless,M,39,USA,30,02:15:50,8150,29,0,Yes,Yes,135.83333333333334,818821,51.1,33.1,13.8
Chicago,2022,Frank Lara,M,29,USA,31,02:15:57,8157,30,0,Yes,Yes,135.95,818822,51.1,33.1,13.8
Chicago,2022,Chase Weaverling,M,29,USA,32,02:16:03,8163,31,0,Yes,Yes,136.05,818823,51.1,33.1,13.8
Chicago,2022,Dan Kremske,M,34,USA,36,02:18:33,8313,34,0,Yes,Yes,138.55,818826,51.1,33.1,13.8
Chicago,2022,Kevin Havel,M,34,USA,42,02:20:42,8442,40,0,Yes,Yes,140.7,818832,51.1,33.1,13.8
Chicago,2022,John Dressel,M,29,USA,48,02:21:45,8505,44,0,Yes,Yes,141.75,818836,51.1,33.1,13.8
Chicago,2023,Sifan Hassan,F,34,NED,21,02:13:44,8024,1,1,Yes,Yes,133.73333333333332,838392,50,37,6.9
Chicago,2023,Ruth Chepngetich,F,29,KEN,24,02:15:37,8137,2,1,Yes,Yes,135.61666666666667,838393,50,37,6.9
Chicago,2023,Megertu Alemu,F,29,ETH,29,02:17:09,8229,3,1,Yes,Yes,137.15,838394,50,37,6.9
Chicago,2023,Joyciline Jepkosgei,F,29,KEN,33,02:17:23,8243,4,1,Yes,Yes,137.38333333333333,838395,50,37,6.9
Chicago,2023,Tadu Teshome Nare,F,24,ETH,42,02:20:04,8404,5,1,Yes,Yes,140.06666666666666,838396,50,37,6.9
Chicago,2023,Genzebe Dibaba Keneni,F,34,ETH,51,02:21:47,8507,6,1,Yes,Yes,141.78333333333333,838397,50,37,6.9
Chicago,2023,Emily Sisson,F,34,USA,54,02:22:09,8529,7,0,Yes,Yes,142.15,838398,50,37,6.9
Chicago,2023,Molly Seidel,F,29,USA,61,02:23:07,8587,8,0,Yes,Yes,143.11666666666667,838399,50,37,6.9
Chicago,2023,Rose Harvey,F,34,GBR,63,02:23:21,8601,9,1,Yes,Yes,143.35,838400,50,37,6.9
Chicago,2023,Sara Vaughn,F,39,USA,64,02:23:24,8604,10,0,Yes,Yes,143.4,838401,50,37,6.9
Chicago,2023,Gabriella Rooker,F,39,USA,77,02:24:35,8675,11,0,Yes,Yes,144.58333333333334,838402,50,37,6.9
Chicago,2023,Dakotah Lindwurm,F,29,USA,81,02:24:40,8680,12,0,Yes,Yes,144.66666666666666,838403,50,37,6.9
Chicago,2023,Emma Bates,F,34,USA,86,02:25:04,8704,13,0,Yes,Yes,145.06666666666666,838404,50,37,6.9
Chicago,2023,Tristin Van Ord,F,29,USA,94,02:25:58,8758,14,0,Yes,Yes,145.96666666666667,838405,50,37,6.9
Chicago,2023,Sutume Asefa Kebede,F,29,ETH,103,02:26:49,8809,15,1,Yes,Yes,146.81666666666666,838406,50,37,6.9
Chicago,2023,Dominique Scott,F,34,RSA,115,02:27:31,8851,16,1,Yes,Yes,147.51666666666668,838407,50,37,6.9
Chicago,2023,Maggie Montoya,F,34,USA,125,02:28:22,8902,18,0,Yes,Yes,148.36666666666667,838409,50,37,6.9
Chicago,2023,Stacy Ndiwa,F,34,KEN,199,02:31:34,9094,20,1,Yes,Yes,151.56666666666666,838411,50,37,6.9
Chicago,2023,Diane Nukuri,F,39,USA,271,02:34:29,9269,22,0,Yes,Yes,154.48333333333332,838413,50,37,6.9
Chicago,2023,Annmarie Tuxbury,F,29,USA,471,02:38:49,9529,30,0,Yes,Yes,158.81666666666666,838421,50,37,6.9
Chicago,2023,Kelvin Kiptum,M,24,KEN,1,02:00:35,7235,1,1,Yes,Yes,120.58333333333333,860875,50,37,6.9
Chicago,2023,Benson Kipruto,M,34,KEN,2,02:04:02,7442,2,1,Yes,Yes,124.03333333333333,860876,50,37,6.9
Chicago,2023,Bashir Abdi,M,34,BEL,3,02:04:32,7472,3,1,Yes,Yes,124.53333333333333,860877,50,37,6.9
Chicago,2023,John Korir,M,29,KEN,4,02:05:09,7509,4,1,Yes,Yes,125.15,860878,50,37,6.9
Chicago,2023,Seifu Tura Abdiwak,M,29,ETH,5,02:05:29,7529,5,1,Yes,Yes,125.48333333333333,860879,50,37,6.9
Chicago,2023,Conner Mantz,M,29,USA,6,02:07:47,7667,6,0,Yes,Yes,127.78333333333333,860880,50,37,6.9
Chicago,2023,Clayton Young,M,34,USA,7,02:08:00,7680,7,0,Yes,Yes,128,860881,50,37,6.9
Chicago,2023,Galen Rupp,M,39,USA,8,02:08:48,7728,8,0,Yes,Yes,128.8,860882,50,37,6.9
Chicago,2023,Sam Chelanga,M,39,USA,9,02:08:50,7730,9,0,Yes,Yes,128.83333333333334,860883,50,37,6.9
Chicago,2023,Takashi Ichida,M,34,JPN,10,02:08:57,7737,10,1,Yes,Yes,128.95,860884,50,37,6.9
Chicago,2023,Brian Shrader,M,34,USA,11,02:09:46,7786,11,0,Yes,Yes,129.76666666666668,860885,50,37,6.9
Chicago,2023,Wesley Kiptoo,M,24,KEN,12,02:10:28,7828,12,1,Yes,Yes,130.46666666666667,860886,50,37,6.9
Chicago,2023,Joel Reichow,M,34,USA,14,02:10:37,7837,14,0,Yes,Yes,130.61666666666667,860888,50,37,6.9
Chicago,2023,Andrew Colley,M,34,USA,15,02:11:22,7882,15,0,Yes,Yes,131.36666666666667,860889,50,37,6.9
Chicago,2023,Kevin Salvano,M,29,USA,16,02:11:26,7886,16,0,Yes,Yes,131.43333333333334,860890,50,37,6.9
Chicago,2023,Dawit Wolde,M,34,ETH,17,02:11:33,7893,17,1,Yes,Yes,131.55,860891,50,37,6.9
Chicago,2023,Frank Lara,M,29,USA,18,02:12:57,7977,18,0,Yes,Yes,132.95,860892,50,37,6.9
Chicago,2023,Masashi Nonaka,M,29,JPN,22,02:14:58,8098,21,1,Yes,Yes,134.96666666666667,860895,50,37,6.9
Chicago,2023,Masaki Tsuda,M,24,JPN,23,02:15:24,8124,22,1,Yes,Yes,135.4,860896,50,37,6.9
Chicago,2023,Connor Winter,M,34,USA,25,02:15:51,8151,23,0,Yes,Yes,135.85,860897,50,37,6.9
Chicago,2023,Mizuki Higashi,M,29,JPN,34,02:17:55,8275,30,1,Yes,Yes,137.91666666666666,860904,50,37,6.9
Chicago,2023,Yuki Matsumura,M,34,JPN,36,02:18:59,8339,32,1,Yes,Yes,138.98333333333332,860906,50,37,6.9
Chicago,2023,Alec Sandusky,M,29,USA,40,02:19:46,8386,36,0,Yes,Yes,139.76666666666668,860910,50,37,6.9
Chicago,2023,Andrew Bumbalough,M,39,USA,351,02:36:19,9379,324,0,Yes,Yes,156.31666666666666,861198,50,37,6.9
Chicago,2011,Ryan Hall,M,29,USA,5,02:08:04,7684,5,0,No,No,128.06666666666666,426058,64,50,0
Chicago,2012,Carlos Trujillo,M,29,USA,18,02:14:21,8061,18,0,No,No,134.35,463144,43,28,10.3
Chicago,2013,Melissa White,F,34,USA,91,02:32:37,9157,8,0,No,No,152.61666666666667,483813,54,39.9,9.2
Chicago,2013,Hiroaki Sano,M,29,JPN,7,02:10:29,7829,7,1,No,No,130.48333333333332,501204,54,39.9,9.2
Chicago,2013,Mike Morgan,M,34,USA,16,02:15:01,8101,16,0,No,No,135.01666666666668,501213,54,39.9,9.2
Chicago,2013,Sean Quigley,M,29,USA,22,02:17:45,8265,22,0,No,No,137.75,501219,54,39.9,9.2
Chicago,2014,Amy Hastings,F,34,USA,62,02:27:03,8823,4,0,No,No,147.05,522682,50,37.9,9.2
Chicago,2014,Melissa White,F,34,USA,117,02:34:19,9259,8,0,No,No,154.31666666666666,522686,50,37.9,9.2
Chicago,2014,Mike Morgan,M,34,USA,15,02:14:42,8082,15,0,No,No,134.7,541098,50,37.9,9.2
Chicago,2014,Carlos Trujillo,M,29,USA,20,02:16:49,8209,20,0,No,No,136.81666666666666,541103,50,37.9,9.2
Chicago,2014,Jesse Davis,M,34,USA,26,02:18:13,8293,26,0,No,No,138.21666666666667,541109,50,37.9,9.2
Chicago,2015,Sara Hall,F,34,USA,90,02:31:14,9074,10,0,No,No,151.23333333333332,563293,57.9,45,11.4
Chicago,2015,Rob Watson,M,34,CAN,14,02:17:21,8241,14,1,No,No,137.35,580552,57.9,45,11.4
Chicago,2016,Caitlin Chrisman,F,34,USA,140,02:38:47,9527,14,0,No,No,158.78333333333333,600739,53.1,44.1,8.1
Chicago,2016,Diego Estrada,M,29,USA,8,02:13:56,8036,8,0,No,No,133.93333333333334,619257,53.1,44.1,8.1
Chicago,2016,Tom Anderson,M,29,GBR,16,02:19:52,8392,16,1,No,No,139.86666666666667,619265,53.1,44.1,8.1
Chicago,2016,Oscar Medina,M,24,USA,48,02:27:18,8838,43,0,No,No,147.3,619292,53.1,44.1,8.1
Chicago,2017,Caitlin Chrisman,F,29,USA,214,02:43:57,9837,27,0,No,Yes,163.95,641308,60.1,55,3.4
Chicago,2017,Aaron Braun,M,34,USA,12,02:13:41,8021,12,0,No,Yes,133.68333333333334,662818,60.1,55,3.4
Chicago,2017,Diego Estrada,M,29,USA,16,02:15:19,8119,16,0,No,Yes,135.31666666666666,662822,60.1,55,3.4
Chicago,2018,Lindsey Anderson,F,34,USA,169,02:36:51,9411,12,0,No,Yes,156.85,685641,59,55.9,10.3
Chicago,2018,Aaron Braun,M,34,USA,14,02:13:16,7996,14,0,No,Yes,133.26666666666668,706282,59,55.9,10.3
Chicago,2018,Oscar Medina,M,29,USA,44,02:23:14,8594,41,0,No,Yes,143.23333333333332,706309,59,55.9,10.3
Chicago,2019,Lindsey Anderson,F,34,USA,215,02:35:28,9328,17,0,Yes,Yes,155.46666666666667,730197,45,32,16.1
Chicago,2019,Scott Smith,M,24,USA,15,02:11:14,7874,15,0,Yes,Yes,131.23333333333332,751489,45,32,16.1
Chicago,2019,Diego Estrada,M,29,USA,19,02:11:54,7914,19,0,Yes,Yes,131.9,751493,45,32,16.1
Chicago,2019,Oscar Medina,M,29,MEX,42,02:18:45,8325,41,1,Yes,Yes,138.75,751515,45,32,16.1
Chicago,2019,Michael Eaton,M,34,USA,48,02:19:58,8398,47,0,Yes,Yes,139.96666666666667,751521,45,32,16.1
Chicago,2021,Sara Hall,F,39,USA,41,02:27:19,8839,3,0,Yes,Yes,147.31666666666666,776049,72,61,18.4
Chicago,2021,Oscar Medina,M,29,USA,29,02:24:46,8686,27,0,Yes,Yes,144.76666666666668,787950,72,61,18.4
Chicago,2022,Matt McDonald,M,29,USA,12,02:09:49,7789,12,0,Yes,Yes,129.81666666666666,818804,51.1,33.1,13.8
Chicago,2022,Paul Hogan,M,29,USA,26,02:14:55,8095,25,0,Yes,Yes,134.91666666666666,818817,51.1,33.1,13.8
Chicago,2023,Matt McDonald,M,34,USA,13,02:10:34,7834,13,0,Yes,Yes,130.56666666666666,860887,50,37,6.9
Chicago,2023,Oscar Medina,M,34,USA,35,02:18:27,8307,31,0,Yes,Yes,138.45,860905,50,37,6.9
