player,age,team,position,games,games_started,minutes_played,field_goals,field_goal_attempts,three_pointers,three_point_attempts,two_pointers,two_point_attempts,free_throws,free_throws_attempts,offensive_rebounds,defensive_rebounds,assists,steals,blocks,turnovers,personal_fouls,points
Shai Gilgeous-Alexander,26,OKC,PG,76,76,2598,860,1656,163,435,697,1221,601,669,67,312,486,131,77,183,164,2484
Anthony Edwards,23,MIN,SG,79,79,2871,721,1612,320,811,401,801,415,496,61,389,359,91,51,249,150,2177
Nikola Jokić,29,DEN,C,70,70,2571,786,1364,138,331,648,1033,361,451,200,692,716,127,45,230,160,2071
Giannis Antetokounmpo,30,MIL,PF,67,67,2289,793,1319,14,63,779,1256,436,707,147,651,433,58,78,206,155,2036
Jayson Tatum,26,BOS,PF,72,72,2624,662,1465,250,728,412,737,358,440,48,575,431,76,38,209,157,1932
Devin Booker,28,PHO,SG,75,75,2795,654,1420,183,551,471,869,432,483,76,229,529,67,16,220,198,1923
Trae Young,26,ATL,PG,76,76,2739,566,1376,218,642,348,734,491,561,36,200,880,91,12,355,145,1841
Tyler Herro,25,MIA,SG,77,77,2725,651,1378,251,670,400,708,287,327,35,364,424,69,17,198,85,1840
Cade Cunningham,23,DET,PG,70,70,2452,684,1457,149,418,535,1039,313,370,56,369,638,71,53,309,195,1830
James Harden,35,LAC,PG,79,79,2789,531,1295,235,668,296,627,505,578,55,401,687,118,55,341,162,1802
Karl-Anthony Towns,29,NYK,C,72,72,2517,639,1215,142,338,497,877,339,409,212,708,222,71,50,192,249,1759
Zach LaVine,29,CHI,SF,42,42,1432,363,710,136,305,227,405,145,182,12,190,189,39,10,121,64,1007
Zach LaVine,29,SAC,SG,32,32,1170,262,513,103,231,159,282,90,103,10,103,121,19,2,87,57,717
Jalen Green,22,HOU,SG,82,82,2697,608,1437,234,661,374,776,273,336,45,332,282,71,27,203,127,1723
Stephen Curry,36,GSW,PG,70,70,2252,564,1258,311,784,253,474,279,299,40,270,421,80,30,200,95,1718
DeMar DeRozan,35,SAC,SF,77,77,2768,624,1308,84,256,540,1052,378,441,50,248,342,62,32,105,150,1710
LeBron James,40,LAL,SF,70,70,2444,651,1270,149,396,502,874,259,331,72,474,575,70,39,260,99,1710
Donovan Mitchell,28,CLE,SG,71,71,2232,585,1320,233,633,352,687,298,362,57,265,354,95,17,149,140,1701
Jalen Brunson,28,NYK,PG,65,65,2301,585,1200,152,397,433,803,368,448,27,160,475,60,8,164,138,1690
Kevin Durant,36,PHO,PF,62,62,2265,592,1124,160,372,432,752,303,361,23,351,263,50,77,190,104,1647
Jaren Jackson Jr.,25,MEM,C,74,74,2207,592,1213,146,389,446,824,311,398,91,326,148,92,113,153,257,1641
Pascal Siakam,30,IND,PF,78,78,2548,613,1182,126,324,487,858,226,308,133,407,263,70,42,109,189,1578
Darius Garland,25,CLE,PG,75,75,2301,554,1174,212,529,342,645,224,255,47,167,506,91,11,189,143,1544
Coby White,24,CHI,SG,74,73,2450,508,1121,216,584,292,537,277,307,25,248,330,69,16,177,154,1509
Jalen Williams,23,OKC,SG,69,69,2237,565,1168,124,340,441,828,236,299,59,310,354,111,46,150,158,1490
Austin Reaves,26,LAL,SG,73,73,2550,477,1037,200,531,277,506,321,366,61,268,421,81,22,177,151,1475
De'Aaron Fox,27,SAC,PG,45,45,1663,414,883,92,286,322,597,204,246,45,180,276,66,20,133,118,1124
De'Aaron Fox,27,SAS,PG,17,17,578,125,280,26,95,99,185,59,72,9,64,116,25,5,41,46,335
Alperen Şengün,22,HOU,C,76,76,2395,567,1143,21,90,546,1053,296,428,262,524,372,84,61,194,209,1451
Franz Wagner,23,ORL,SF,60,60,2023,537,1161,104,352,433,809,271,311,56,286,284,75,21,138,147,1449
Damian Lillard,34,MIL,PG,58,58,2093,444,992,197,524,247,468,362,393,29,243,410,70,10,162,97,1447
Mikal Bridges,28,NYK,SF,82,82,3036,592,1183,164,463,428,720,96,118,71,188,306,75,43,132,127,1444
Jamal Murray,27,DEN,PG,67,67,2418,531,1121,156,397,375,724,218,246,45,216,403,91,33,138,128,1436
Bam Adebayo,27,MIA,C,78,78,2674,540,1113,79,221,461,892,251,328,185,564,337,98,53,161,162,1410
Luka Dončić,25,DAL,PG,22,22,785,216,466,75,212,141,254,112,146,16,167,172,44,9,75,58,619
Luka Dončić,25,LAL,PG,28,28,984,245,559,102,269,143,290,197,249,24,202,211,45,12,104,68,789
Jaylen Brown,28,BOS,SF,63,63,2158,518,1118,116,358,402,760,246,322,82,286,286,73,19,162,154,1398
Michael Porter Jr.,26,DEN,SF,77,77,2593,528,1048,193,489,335,559,149,194,138,402,165,50,38,104,157,1398
Jordan Poole,25,WAS,SG,68,68,2001,457,1057,235,622,222,435,242,274,31,172,303,86,27,204,201,1391
Tyrese Maxey,24,PHI,PG,52,52,1960,477,1091,161,478,316,613,254,289,15,159,317,91,21,124,116,1369
Tyrese Haliburton,24,IND,PG,73,73,2451,476,1006,218,562,258,444,189,222,42,216,673,105,49,120,92,1359
Nikola Vučević,34,CHI,C,73,72,2278,550,1038,129,321,421,717,120,149,178,557,256,61,52,119,163,1349
Anfernee Simons,25,POR,SG,70,70,2292,479,1125,215,593,264,532,175,194,25,164,337,60,5,143,117,1348
Ivica Zubac,27,LAC,C,80,80,2624,592,942,0,0,592,942,156,236,300,710,214,55,90,127,168,1340
Domantas Sabonis,28,SAC,C,70,70,2429,527,893,65,156,462,737,218,289,267,705,423,48,26,202,229,1337
Malik Beasley,28,DET,SG,82,18,2283,461,1071,319,766,142,305,95,140,47,167,139,73,5,83,125,1336
Shaedon Sharpe,21,POR,SG,72,52,2252,499,1104,147,472,352,632,190,242,68,256,198,62,16,150,120,1335
OG Anunoby,27,NYK,PF,74,74,2706,489,1027,171,460,318,567,183,226,97,261,164,110,65,102,172,1332
Desmond Bane,26,MEM,SG,69,68,2205,493,1018,164,418,329,600,177,198,62,356,369,80,28,169,164,1327
Evan Mobley,23,CLE,PF,71,71,2167,505,906,85,230,420,676,221,305,164,495,226,61,113,145,141,1316
Norman Powell,31,LAC,SG,60,60,1958,457,945,179,428,278,517,213,265,21,169,125,73,9,108,114,1306
Miles Bridges,26,CHO,PF,64,64,2029,469,1089,141,450,328,639,221,254,72,409,248,44,45,136,93,1300
Julius Randle,30,MIN,PF,69,69,2226,455,939,108,314,347,625,270,335,144,343,323,47,16,196,175,1288
Anthony Davis,31,LAL,C,42,42,1440,400,758,28,94,372,664,253,321,119,380,141,54,90,93,82,1081
Anthony Davis,31,DAL,PF,9,9,266,70,152,7,30,63,122,33,48,15,76,40,5,20,20,16,180
Scottie Barnes,23,TOR,PF,65,65,2134,474,1063,76,280,398,783,228,302,109,393,378,93,63,185,113,1252
Derrick White,30,BOS,SG,76,76,2574,424,959,265,691,159,268,135,161,67,274,361,72,80,131,138,1248
Kyrie Irving,32,DAL,SG,50,50,1804,447,945,144,359,303,586,196,214,60,180,231,66,23,111,101,1234
RJ Barrett,24,TOR,SF,58,58,1869,460,982,107,306,353,676,196,311,61,305,314,46,17,165,137,1223
Deni Avdija,24,POR,SF,72,54,2161,402,844,125,342,277,502,290,372,110,412,281,71,35,196,171,1219
Christian Braun,23,DEN,SG,79,77,2675,476,821,89,224,387,597,177,214,98,312,205,85,37,81,170,1218
Paolo Banchero,22,ORL,PF,46,46,1582,412,911,87,272,325,639,280,385,51,294,219,36,28,136,97,1191
Stephon Castle,20,SAS,PG,81,47,2162,423,988,95,333,328,655,249,344,89,208,332,74,22,177,164,1190
LaMelo Ball,23,CHO,PG,47,47,1505,406,1003,179,528,227,475,193,229,47,185,346,54,13,167,157,1184
CJ McCollum,33,NOP,PG,56,56,1832,444,1000,171,459,273,541,124,173,42,170,227,46,24,106,124,1183
Ja Morant,25,MEM,PG,50,50,1519,404,889,88,285,316,604,263,319,34,171,364,61,12,185,113,1159
Collin Sexton,26,UTA,SG,63,61,1758,416,867,110,271,306,596,217,251,60,111,264,47,6,160,144,1159
Bennedict Mathurin,22,IND,SF,72,49,2149,391,853,98,288,293,565,276,332,87,296,136,47,24,135,162,1156
Payton Pritchard,27,BOS,PG,80,3,2271,409,866,255,626,154,240,71,84,102,205,279,70,14,83,118,1144
Naz Reid,25,MIN,C,80,17,2200,426,923,175,462,251,461,111,143,92,388,181,58,72,108,189,1138
Keyonte George,21,UTA,PG,67,35,2109,359,919,174,507,185,412,233,285,26,227,377,46,9,183,111,1125
Trey Murphy III,24,NOP,SF,53,51,1854,381,839,158,438,223,401,204,230,47,221,188,56,39,103,112,1124
Myles Turner,28,IND,C,72,72,2174,390,811,156,394,234,417,184,238,90,381,111,54,144,123,183,1120
Malik Monk,26,SAC,SG,65,45,2054,412,939,139,428,273,511,154,178,30,215,362,61,38,159,158,1117
Victor Wembanyama,21,SAS,C,46,46,1527,408,857,142,403,266,454,158,189,82,424,168,52,176,149,105,1116
Jarrett Allen,26,CLE,C,82,82,2296,452,640,0,5,452,635,199,277,216,582,158,77,73,97,127,1103
Quentin Grimes,24,DAL,SG,47,12,1070,169,365,80,201,89,164,62,81,30,149,101,32,10,61,78,480
Quentin Grimes,24,PHI,SG,28,25,943,215,458,82,220,133,238,100,133,29,116,127,42,12,80,60,612
De'Andre Hunter,27,ATL,SF,37,4,1064,227,492,97,247,130,245,151,176,27,118,57,31,5,59,88,702
De'Andre Hunter,27,CLE,SF,27,5,676,131,270,60,141,71,129,64,78,17,96,35,19,8,23,67,386
Andrew Wiggins,29,GSW,SF,43,43,1296,261,588,94,248,167,340,139,179,66,131,102,40,33,56,70,755
Andrew Wiggins,29,MIA,SF,17,17,546,115,251,36,100,79,151,57,78,23,49,56,20,17,43,31,323
Dyson Daniels,21,ATL,SG,76,76,2571,455,923,80,235,375,688,83,140,124,325,333,229,55,155,175,1073
Cameron Johnson,28,BRK,PF,57,57,1800,355,747,159,408,196,339,201,225,54,193,194,53,25,99,104,1070
Dillon Brooks,29,HOU,SF,75,75,2388,384,895,186,469,198,426,99,121,75,200,128,60,16,76,242,1053
Josh Hart,29,NYK,SG,77,77,2897,404,770,84,252,320,518,159,205,161,576,453,119,27,158,201,1051
Brook Lopez,36,MIL,C,80,80,2546,394,774,139,373,255,401,114,138,113,288,143,50,148,84,171,1041
Devin Vassell,24,SAS,SG,64,53,1983,394,889,158,429,236,460,95,120,34,221,183,84,33,88,108,1041
Josh Giddey,22,CHI,PG,70,69,2117,371,798,105,278,266,520,175,224,127,439,503,84,45,202,122,1022
Harrison Barnes,32,SAS,PF,82,82,2230,347,683,156,360,191,323,161,199,97,213,136,39,14,50,75,1011
Klay Thompson,34,DAL,SF,72,72,1965,361,877,216,553,145,324,67,74,44,202,145,50,30,88,81,1005
Tobias Harris,32,DET,PF,73,73,2305,384,805,91,264,293,541,143,166,65,367,162,74,57,85,138,1002
Jaden McDaniels,24,MIN,PF,82,82,2614,398,834,100,303,298,531,104,128,129,341,163,110,74,95,225,1000
Russell Westbrook,36,DEN,PG,75,36,2092,373,831,94,291,279,540,154,233,102,268,457,106,37,242,188,994
Onyeka Okongwu,24,ATL,C,74,40,2064,388,684,48,148,340,536,164,216,220,440,168,69,68,90,193,988
Dennis Schröder,31,BRK,PG,23,23,772,147,325,58,150,89,175,72,81,4,64,152,26,4,59,56,424
Dennis Schröder,31,GSW,SG,24,18,628,94,251,37,115,57,136,29,39,10,46,105,25,3,48,67,254
Dennis Schröder,31,DET,PG,28,8,705,95,251,32,106,63,145,80,96,13,61,147,15,5,35,57,302
Keldon Johnson,25,SAS,SF,77,0,1838,371,770,87,274,284,496,150,194,112,259,125,49,22,77,115,979
Amen Thompson,22,HOU,SF,69,42,2225,388,697,25,91,363,606,169,247,192,372,265,97,89,138,167,970
Jimmy Butler,35,MIA,PF,25,25,766,142,263,13,36,129,227,129,161,55,76,120,27,10,30,23,426
Jimmy Butler,35,GSW,SF,30,30,980,159,334,19,68,140,266,201,231,70,95,178,50,8,44,29,538
Kyle Kuzma,29,WAS,PF,32,30,887,191,455,45,160,146,295,59,98,27,158,79,20,7,73,52,486
Kyle Kuzma,29,MIL,PF,33,32,1049,179,393,51,153,128,240,69,104,27,158,73,16,12,73,67,478
Keegan Murray,24,SAC,PF,76,76,2610,364,820,154,449,210,371,60,72,146,361,109,61,69,60,186,942
Zaccharie Risacher,19,ATL,SF,75,73,1843,357,779,122,344,235,435,106,149,86,182,92,52,37,92,149,942
Jalen Duren,21,DET,C,78,78,2034,378,546,0,0,378,546,162,242,277,530,209,54,89,136,251,918
Naji Marshall,27,DAL,SF,69,31,1919,362,712,60,218,302,494,130,160,76,252,208,70,11,112,109,914
Aaron Wiggins,26,OKC,SG,76,26,1744,355,728,130,339,225,389,74,89,81,214,134,60,18,69,101,914
Buddy Hield,32,GSW,SG,82,22,1863,328,786,203,549,125,237,53,64,51,213,134,69,23,91,132,912
Kelly Oubre Jr.,29,PHI,SF,60,57,2078,348,741,71,242,277,499,139,185,97,271,108,92,30,80,180,906
Bradley Beal,31,PHO,SG,53,38,1702,345,694,102,264,243,430,110,137,34,143,195,58,28,99,136,902
Lauri Markkanen,27,UTA,PF,47,47,1476,296,700,138,399,158,301,162,185,72,206,70,33,17,66,79,892
Toumani Camara,24,POR,PF,78,78,2548,328,716,135,360,193,356,91,126,173,277,175,116,50,109,230,882
Ty Jerome,27,CLE,SG,70,3,1392,319,618,111,253,208,365,129,148,50,123,237,78,3,92,102,878
Spencer Dinwiddie,31,DAL,PG,79,30,2136,284,682,109,326,175,356,195,243,18,191,349,70,17,102,121,872
Alex Sarr,19,WAS,C,67,67,1814,326,828,105,341,221,487,112,165,124,311,161,44,101,114,146,869
Rudy Gobert,32,MIN,C,72,72,2388,341,510,0,0,341,510,184,273,265,520,127,56,104,89,182,866
Tim Hardaway Jr.,32,DET,SG,77,77,2153,276,680,168,457,108,223,124,145,18,165,123,38,7,48,96,844
Fred VanVleet,30,HOU,PG,60,60,2111,287,759,159,461,128,298,111,137,32,189,333,94,25,87,140,844
Jonas Valančiūnas,32,WAS,C,49,12,983,231,422,7,27,224,395,95,106,120,284,108,22,28,88,97,564
Jonas Valančiūnas,32,SAC,C,32,9,541,114,205,1,10,113,195,50,59,70,153,56,15,18,32,84,279
Keon Johnson,22,BRK,SG,79,56,1925,303,779,126,401,177,378,107,139,63,234,175,82,30,116,209,839
Scoot Henderson,20,POR,PG,66,10,1759,287,685,105,297,182,388,158,206,52,146,335,68,13,177,181,837
P.J. Washington,26,DAL,PF,57,56,1835,301,665,91,239,210,426,143,198,82,360,131,63,60,118,131,836
Obi Toppin,26,IND,PF,79,4,1545,317,599,110,301,207,298,89,114,56,262,128,46,28,68,108,833
Tyus Jones,28,PHO,PG,81,58,2174,306,683,166,401,140,282,51,57,40,156,429,69,8,91,63,829
Jakob Poeltl,29,TOR,C,57,56,1686,363,579,1,3,362,576,97,144,189,358,158,66,71,111,176,824
Gary Trent Jr.,26,MIL,SG,74,9,1893,283,657,180,433,103,224,78,92,20,148,87,72,4,42,124,824
Jaylen Wells,21,MEM,SG,79,74,2043,287,676,138,392,149,284,111,135,87,181,135,44,8,69,146,823
Kristaps Porziņģis,29,BOS,C,42,42,1210,277,574,103,250,174,324,161,199,68,216,87,31,63,53,116,818
Duncan Robinson,30,MIA,SF,74,37,1785,290,663,190,483,100,180,47,53,18,149,176,40,6,86,135,817
Julian Champagnie,23,SAS,SF,82,29,1932,276,665,178,480,98,185,85,94,67,251,111,61,35,74,114,815
Santi Aldama,24,MEM,PF,65,16,1660,313,648,120,326,193,322,65,94,94,322,188,52,29,71,76,811
Bub Carrington,19,WAS,PG,82,57,2458,300,748,138,407,162,341,69,85,33,308,364,54,21,141,190,807
Kawhi Leonard,33,LAC,SF,37,37,1180,310,623,78,190,232,433,98,121,35,184,116,59,17,72,56,796
Georges Niang,31,CLE,PF,51,1,1053,166,348,90,225,76,123,23,29,34,155,67,17,7,48,129,445
Georges Niang,31,ATL,PF,28,2,644,120,272,76,184,44,88,23,29,13,70,44,11,7,34,72,339
Derrick Jones Jr.,27,LAC,SF,77,55,1873,310,589,78,219,232,370,83,118,93,170,60,79,33,66,153,781
Scotty Pippen Jr.,24,MEM,PG,79,21,1683,285,594,87,219,198,375,122,171,65,194,347,103,30,138,203,779
Gradey Dick,21,TOR,SG,54,54,1587,265,647,114,326,151,321,133,155,44,149,98,48,10,83,120,777
Caris LeVert,30,CLE,SF,38,3,904,135,298,60,148,75,150,58,83,22,85,140,33,19,51,48,388
Caris LeVert,30,ATL,SG,26,0,692,145,301,46,136,99,165,52,72,19,77,75,24,14,25,51,388
Rui Hachimura,26,LAL,PF,59,57,1869,293,576,102,247,191,329,87,113,79,216,83,45,26,49,105,775
Nickeil Alexander-Walker,26,MIN,SG,82,10,2073,270,616,141,370,129,246,92,118,54,211,223,50,34,99,139,773
Brice Sensabaugh,21,UTA,SF,71,15,1432,275,599,157,372,118,227,65,73,42,168,110,46,8,107,111,772
Kevin Porter Jr.,24,LAC,SG,45,2,884,172,407,26,106,146,301,49,76,29,131,144,43,11,84,70,419
Kevin Porter Jr.,24,MIL,SG,30,2,598,121,245,29,71,92,174,81,93,13,105,112,38,2,52,49,352
Guerschon Yabusele,29,PHI,C,70,43,1895,282,563,104,274,178,289,100,138,134,261,148,58,24,87,164,768
John Collins,27,UTA,PF,40,31,1220,280,531,59,148,221,383,139,164,89,238,80,39,40,103,116,758
Isaiah Joe,25,OKC,SG,74,16,1604,259,588,192,466,67,122,46,56,41,155,119,48,9,38,113,756
Jalen Wilson,24,BRK,PF,79,22,2031,246,620,122,362,124,258,135,165,75,195,145,40,5,79,164,749
Max Christie,21,LAL,SG,46,25,1154,128,288,60,163,68,125,74,87,25,98,66,35,21,39,73,390
Max Christie,21,DAL,SG,32,11,973,124,302,55,151,69,151,56,65,13,122,80,29,10,49,42,359
Aaron Gordon,29,DEN,PF,51,42,1447,264,497,75,172,189,325,145,179,80,167,164,23,14,73,82,748
Brandin Podziemski,21,GSW,SG,64,33,1716,280,629,115,309,165,320,72,95,65,260,220,69,13,75,95,747
Zion Williamson,24,NOP,PF,30,30,857,288,508,3,13,285,495,158,241,76,140,159,37,27,90,82,737
Anthony Black,21,ORL,PG,78,10,1887,262,620,62,195,200,425,150,197,52,178,240,86,48,139,166,736
D'Angelo Russell,28,LAL,PG,29,10,763,129,311,56,168,73,143,45,53,8,72,136,23,4,50,53,359
D'Angelo Russell,28,BRK,PG,29,26,717,120,327,57,192,63,135,76,92,12,70,161,33,19,58,62,373
Bilal Coulibaly,20,WAS,SF,59,59,1948,263,624,63,224,200,400,138,185,91,203,199,78,41,125,139,727
Nic Claxton,25,BRK,C,70,62,1882,320,568,5,21,315,547,79,154,157,358,157,62,100,87,150,724
Moses Moody,22,GSW,SG,74,34,1649,246,568,126,337,120,231,106,133,52,137,96,59,31,54,116,724
Donte DiVincenzo,28,MIN,SG,62,10,1606,250,593,174,438,76,155,49,63,32,196,225,73,17,99,114,723
Chris Paul,39,SAS,PG,82,82,2292,249,583,140,371,109,212,85,92,33,263,605,103,22,129,151,723
T.J. McConnell,32,IND,PG,79,1,1415,324,624,15,49,309,575,57,77,44,149,351,83,21,109,79,720
Luguentz Dort,25,OKC,SF,71,71,2073,258,593,170,413,88,180,33,46,89,204,115,79,39,51,208,719
Jonathan Kuminga,22,GSW,PF,47,10,1144,258,568,46,151,212,417,157,235,56,161,104,38,21,71,90,719
Dalton Knecht,23,LAL,SF,78,16,1494,257,557,128,340,129,217,64,84,37,179,66,24,8,37,93,706
Corey Kispert,25,WAS,SF,61,0,1602,255,565,120,330,135,235,75,88,36,145,103,26,14,64,98,705
Daniel Gafford,26,DAL,C,57,31,1226,283,403,0,0,283,403,135,196,155,233,80,23,102,66,152,701
Jabari Smith Jr.,21,HOU,PF,57,39,1716,248,566,98,277,150,289,104,126,105,294,60,25,41,61,123,698
Amir Coffey,27,LAC,SG,72,13,1748,240,510,101,247,139,263,115,129,32,129,77,40,7,45,120,696
Kyle Filipowski,21,UTA,C,72,27,1522,260,518,77,220,183,298,93,143,112,328,140,48,22,102,171,690
Matas Buzelis,20,CHI,SF,80,31,1511,252,555,96,266,156,289,88,108,55,223,79,29,75,74,128,688
Tari Eason,23,HOU,PF,57,16,1420,272,559,63,184,209,375,79,104,128,234,83,97,50,65,136,686
Jrue Holiday,34,BOS,PG,62,62,1896,254,573,108,306,146,267,70,77,76,189,239,66,27,77,101,686
Kevin Huerter,26,SAC,SG,43,15,899,128,310,62,205,66,105,20,28,19,101,74,36,16,37,70,338
Kevin Huerter,26,CHI,SG,26,16,780,129,294,70,186,59,108,15,21,11,74,82,30,7,30,51,343
Grayson Allen,29,PHO,SG,64,7,1544,219,489,149,350,70,139,93,114,34,160,137,54,19,75,95,680
Jalen Johnson,23,ATL,SF,36,36,1284,271,542,44,141,227,401,94,126,62,297,181,56,36,106,67,680
Royce O'Neale,31,PHO,SF,75,22,1837,241,570,179,441,62,129,19,26,53,296,163,67,34,65,151,680
Bobby Portis,29,MIL,PF,49,7,1244,277,595,65,178,212,417,61,73,90,321,104,35,26,57,94,680
Terry Rozier,30,MIA,PG,64,23,1658,248,635,91,308,157,327,92,108,44,194,167,37,14,78,73,679
Jerami Grant,30,POR,PF,47,47,1524,214,574,108,296,106,278,141,166,26,137,101,41,46,65,109,677
Kentavious Caldwell-Pope,31,ORL,SG,77,77,2279,239,544,113,330,126,214,82,95,33,136,136,99,34,62,136,673
Mark Williams,23,CHO,C,44,41,1171,270,447,0,4,270,443,131,163,132,315,109,32,54,71,105,671
Ochai Agbaji,24,TOR,SG,64,45,1739,266,534,101,253,165,281,34,48,61,181,98,58,30,54,125,667
Keon Ellis,25,SAC,SG,80,28,1948,227,464,139,321,88,143,73,86,60,152,120,121,63,71,176,666
Paul George,34,PHI,PF,41,41,1334,245,570,96,268,149,302,79,97,24,195,178,75,20,106,101,665
Yves Missi,20,NOP,C,73,67,1956,269,492,0,1,269,491,127,204,255,346,99,37,98,82,145,665
Taurean Prince,30,MIL,SF,80,73,2166,235,514,147,335,88,179,39,48,34,253,155,76,15,82,165,656
Andrew Nembhard,25,IND,SG,65,65,1881,247,539,51,175,196,364,108,136,34,182,326,79,11,112,149,653
Walker Kessler,23,UTA,C,58,58,1740,278,419,6,34,272,385,79,152,266,441,97,36,138,86,130,641
Isaiah Hartenstein,26,OKC,C,57,53,1590,279,480,0,19,279,461,79,117,163,448,219,47,62,96,171,637
Ziaire Williams,23,BRK,SF,63,45,1541,214,520,103,302,111,218,101,123,61,226,84,62,28,67,149,632
Cole Anthony,24,ORL,PG,67,22,1234,230,543,77,218,153,325,93,113,46,158,191,45,32,103,151,630
Wendell Carter Jr.,25,ORL,C,68,51,1758,226,491,37,158,189,333,129,175,151,341,134,52,41,77,199,618
Jeremy Sochan,21,SAS,PF,54,23,1364,251,469,28,91,223,378,87,125,127,225,128,45,27,84,131,617
Isaiah Collier,20,UTA,PG,71,46,1839,234,555,42,169,192,386,105,154,32,203,446,66,16,208,149,615
Draymond Green,34,GSW,PF,68,66,1983,216,509,80,246,136,263,101,147,74,340,383,99,70,174,219,613
Miles McBride,24,NYK,PG,64,10,1593,222,547,115,312,107,235,52,64,47,114,187,67,17,41,108,611
Zach Edey,22,MEM,C,66,55,1416,251,433,18,52,233,381,90,127,232,316,65,36,85,88,182,610
Sam Hauser,27,BOS,PF,71,19,1541,214,474,166,399,48,75,11,11,44,180,64,41,13,23,87,605
Jordan Hawkins,22,NOP,SG,56,9,1321,207,556,110,332,97,224,80,98,25,133,66,30,23,58,51,604
Jordan Clarkson,32,UTA,SG,37,9,962,201,493,84,232,117,261,114,143,25,93,138,31,9,86,52,600
Cam Thomas,23,BRK,SG,25,23,781,199,454,68,195,131,259,133,151,15,68,94,15,2,62,44,599
Kel'el Ware,20,MIA,C,64,36,1422,257,464,35,111,222,353,46,67,116,357,60,39,71,57,111,595
Ausar Thompson,22,DET,SF,59,48,1328,246,460,11,49,235,411,91,142,111,192,134,98,40,80,164,594
Nick Smith Jr.,20,CHO,SG,60,27,1369,222,568,104,306,118,262,43,46,13,115,145,17,6,82,79,591
Kyshawn George,21,WAS,SG,68,38,1802,203,546,114,354,89,192,70,93,49,236,169,68,50,97,201,590
Julian Strawther,22,DEN,SG,65,4,1384,210,486,94,269,116,217,74,90,17,125,83,39,16,57,151,588
Davion Mitchell,26,TOR,PG,44,22,1080,106,244,42,117,64,127,25,37,16,69,203,31,8,78,116,279
Davion Mitchell,26,MIA,PG,30,15,947,117,232,42,94,75,138,33,47,19,63,160,41,8,50,69,309
Bogdan Bogdanović,32,ATL,SG,24,0,598,83,224,44,146,39,78,30,34,12,54,49,20,6,37,57,240
Bogdan Bogdanović,32,LAC,SG,30,4,750,127,268,61,143,66,125,28,32,12,81,97,21,5,37,70,343
Mike Conley,37,MIN,PG,71,64,1756,187,468,127,310,60,158,81,90,32,150,319,79,14,75,111,582
Jose Alvarado,26,NOP,PG,56,23,1366,204,521,111,309,93,212,60,74,27,109,259,74,14,86,91,579
Deandre Ayton,26,POR,C,40,40,1206,265,468,6,32,259,436,40,60,124,282,64,31,39,69,88,576
Luke Kennard,28,MEM,SG,65,11,1472,206,431,113,261,93,170,51,57,37,146,215,50,5,72,59,576
Johnny Juzang,23,UTA,SG,64,18,1270,204,475,118,314,86,161,45,53,42,142,68,39,8,36,126,571
Jaime Jaquez Jr.,23,MIA,SF,66,17,1368,213,462,37,119,176,343,107,142,84,206,166,61,14,98,81,570
Brandon Miller,22,CHO,SF,27,27,924,198,491,104,293,94,198,68,79,25,106,98,29,20,76,74,568
Cason Wallace,21,OKC,SG,68,43,1876,232,489,74,208,158,281,30,37,71,158,173,120,35,59,145,568
Jalen Suggs,23,ORL,PG,35,35,1002,197,481,76,242,121,239,97,110,23,118,129,51,33,102,98,567
Ayo Dosunmu,25,CHI,SG,46,26,1394,221,449,62,189,159,260,62,79,26,135,208,43,18,69,105,566
Patrick Williams,23,CHI,PF,63,36,1576,205,516,96,272,109,244,60,83,43,194,124,48,32,86,88,566
Immanuel Quickley,25,TOR,PG,33,33,918,184,438,85,225,99,213,111,128,16,101,191,23,4,58,61,564
Dalano Banton,25,POR,PG,67,7,1120,198,507,72,222,126,285,91,125,30,105,160,43,34,86,58,559
Peyton Watson,22,DEN,SF,68,18,1656,204,428,48,136,156,292,95,137,47,186,94,48,93,56,123,551
Dorian Finney-Smith,31,BRK,PF,20,20,579,73,159,47,108,26,51,15,24,31,60,31,18,12,18,54,208
Dorian Finney-Smith,31,LAL,PF,43,20,1239,122,276,82,206,40,70,15,21,49,107,59,40,11,38,82,341
Justin Champagnie,23,WAS,SF,62,31,1340,210,411,74,193,136,218,50,73,112,239,60,65,39,54,110,544
Dejounte Murray,28,NOP,PG,31,31,1012,194,494,52,174,142,320,102,124,17,183,228,63,12,106,61,542
A.J. Green,25,MIL,SG,73,7,1659,182,424,155,363,27,61,22,27,18,156,108,37,7,40,157,541
Aaron Nesmith,25,IND,SF,45,37,1123,192,379,84,195,108,184,73,80,37,141,54,35,17,37,114,541
Jared Butler,24,WAS,PG,32,0,362,85,176,15,41,70,135,35,45,14,27,82,12,5,29,40,220
Jared Butler,24,PHI,SG,28,17,682,118,277,45,128,73,149,40,46,11,58,138,30,8,51,57,321
Al Horford,38,BOS,C,60,42,1659,195,461,114,314,81,147,34,38,79,290,128,36,51,46,81,538
Brandon Clarke,28,MEM,PF,64,18,1207,236,380,1,17,235,363,61,87,127,199,66,52,36,41,145,534
Tristan Da Silva,23,ORL,SF,74,38,1629,199,483,80,239,119,244,55,63,73,172,113,33,18,56,94,533
Jamal Shead,22,TOR,PG,75,11,1467,204,504,72,223,132,281,53,69,30,85,316,58,10,117,158,533
Ricky Council IV,23,PHI,SF,73,12,1250,177,463,55,213,122,250,123,153,51,163,97,32,13,52,67,532
Nick Richards,27,CHO,C,21,9,440,64,114,0,1,64,113,59,87,51,107,28,7,26,33,48,187
Nick Richards,27,PHO,C,36,34,816,141,233,0,1,141,232,60,73,97,211,21,7,29,48,93,342
Jaden Ivey,22,DET,SG,30,30,898,190,413,63,154,127,259,85,116,40,84,119,28,11,89,67,528
Jalen Smith,24,CHI,C,64,2,962,190,408,72,222,118,186,72,89,89,268,65,17,44,37,95,524
Tyrese Martin,25,BRK,SG,60,11,1315,189,465,99,282,90,183,46,58,58,161,122,34,9,74,77,523
Ron Holland,19,DET,SF,81,2,1266,197,416,36,151,161,265,92,122,40,178,82,49,17,72,141,522
Terance Mann,28,LAC,SG,37,12,732,87,195,26,75,61,120,23,32,32,75,59,28,11,25,68,223
Terance Mann,28,ATL,SG,30,1,682,118,218,34,88,84,130,24,36,36,56,62,19,4,22,60,294
Ryan Dunn,22,PHO,SF,74,44,1410,205,477,82,264,123,213,19,39,92,175,57,44,40,40,162,511
Sam Merrill,28,CLE,SG,71,4,1401,172,424,137,368,35,56,28,29,38,119,108,53,14,35,124,509
Josh Green,24,CHO,SG,68,67,1887,180,421,97,248,83,173,49,72,56,116,108,74,15,70,165,506
Goga Bitadze,25,ORL,C,70,42,1430,207,339,3,28,204,311,85,133,167,296,137,49,98,72,150,502
Chris Boucher,32,TOR,PF,50,0,862,182,370,70,193,112,177,68,87,70,154,33,24,25,29,68,502
Cameron Payne,30,NYK,PG,72,5,1090,179,446,93,256,86,190,49,54,14,90,203,39,16,52,111,500
Jaden Hardy,22,DAL,SG,57,3,907,180,414,76,197,104,217,60,86,9,80,81,28,5,82,90,496
Nikola Jović,21,MIA,PF,46,10,1156,172,377,78,210,94,167,72,87,26,154,131,38,13,60,82,494
Clint Capela,30,ATL,C,55,41,1176,218,390,0,1,218,389,52,97,174,295,62,34,53,47,106,488
Chet Holmgren,22,OKC,C,32,32,877,167,341,44,116,123,225,101,134,48,209,63,23,71,56,72,479
Haywood Highsmith,28,MIA,SF,74,42,1818,179,391,89,233,90,158,31,43,72,180,112,68,37,54,164,478
Cam Whitmore,20,HOU,SF,51,3,827,179,403,65,183,114,220,54,72,36,115,49,31,13,46,44,477
Kris Dunn,30,LAC,PG,74,58,1783,192,437,75,224,117,213,15,22,53,198,210,128,27,74,197,474
Max Strus,28,CLE,SF,50,37,1273,165,373,113,293,52,80,28,34,53,164,158,26,12,54,104,471
Jarace Walker,21,IND,PF,75,5,1187,170,360,75,185,95,175,46,69,25,204,110,54,25,78,115,461
Gabe Vincent,28,LAL,PG,72,11,1527,168,420,109,309,59,111,15,21,20,72,98,51,13,41,152,460
Jake LaRavia,23,MEM,PF,47,0,982,118,241,40,90,78,151,67,96,67,138,133,44,20,69,92,343
Jake LaRavia,23,SAC,PF,19,0,367,42,96,20,52,22,44,11,19,23,31,25,18,3,17,40,115
Jusuf Nurkić,30,PHO,C,25,23,592,74,163,19,59,55,104,48,69,46,183,47,23,16,57,78,215
Jusuf Nurkić,30,CHO,C,26,9,471,94,189,13,46,81,143,37,59,39,130,68,17,18,40,52,238
Joel Embiid,30,PHI,C,19,19,574,140,315,23,77,117,238,149,169,36,119,85,14,18,62,42,452
Trey Lyles,29,SAC,PF,69,5,1349,157,374,81,238,76,136,56,80,80,236,82,41,23,39,86,451
Trendon Watford,24,BRK,PF,44,6,913,164,350,29,88,135,262,93,122,37,123,115,27,12,83,95,450
Ja'Kobe Walter,20,TOR,SG,52,18,1103,159,393,65,186,94,207,66,83,59,101,81,43,10,50,95,449
Brandon Boston Jr.,23,NOP,SG,42,10,993,166,381,49,140,117,241,67,85,28,106,92,53,9,52,73,448
Simone Fontecchio,29,DET,SF,75,0,1237,150,373,76,227,74,146,70,84,52,163,65,31,12,54,95,446
Justin Edwards,21,PHI,SF,44,26,1155,172,378,69,190,103,188,32,46,46,102,69,45,16,49,98,445
Seth Curry,34,CHO,SG,68,14,1062,164,343,83,182,81,161,33,39,24,89,60,27,7,32,59,444
Luke Kornet,29,BOS,C,73,16,1361,187,280,0,3,187,277,67,97,190,198,117,36,71,31,119,441
Khris Middleton,33,MIL,SF,23,7,534,108,211,35,86,73,125,39,46,5,80,102,17,5,37,52,290
Khris Middleton,33,WAS,SF,14,14,309,52,126,13,47,39,79,33,38,8,44,48,18,3,19,23,150
Jay Huff,26,MEM,C,64,2,748,157,305,81,200,76,105,44,56,30,99,38,16,56,34,78,439
Donovan Clingan,20,POR,C,67,37,1324,180,334,14,49,166,285,62,104,217,310,77,34,110,72,189,436
Kenrich Williams,30,OKC,PF,69,7,1132,171,354,66,171,105,183,28,39,65,176,97,43,10,39,110,436
Isaiah Stewart,23,DET,C,72,4,1434,176,315,17,53,159,262,66,87,130,269,123,28,101,68,183,435
Thomas Bryant,27,MIA,C,10,0,115,12,28,6,17,6,11,11,11,6,26,4,1,9,2,9,41
Thomas Bryant,27,IND,C,56,8,848,151,293,42,131,109,162,44,53,77,142,49,27,32,28,67,388
Noah Clowney,20,BRK,PF,46,20,1042,133,372,87,261,46,111,67,80,43,138,40,24,21,46,105,420
Jamison Battle,23,TOR,SF,59,10,1042,149,347,105,259,44,88,16,18,37,121,53,17,10,27,92,419
Jeremiah Robinson-Earl,24,NOP,PF,66,9,1239,158,347,56,164,102,183,46,55,110,205,88,39,7,51,79,418
Vit Krejci,24,ATL,PG,57,16,1153,145,292,90,206,55,86,32,45,22,134,147,36,26,50,105,412
Trayce Jackson-Davis,24,GSW,C,62,37,967,174,302,0,3,174,299,59,102,122,189,104,23,38,45,73,407
Zach Collins,27,SAS,C,36,4,425,61,132,14,46,47,86,31,35,38,63,52,14,15,23,70,167
Zach Collins,27,CHI,PF,28,8,552,92,170,18,60,74,110,38,43,64,123,59,15,14,37,62,240
Moussa Diabaté,23,CHO,C,71,8,1241,167,280,0,6,167,274,69,116,187,251,56,46,40,61,109,403
Brandon Ingram,27,NOP,SF,18,18,595,155,333,43,115,112,218,47,55,17,83,93,16,11,69,45,400
Gary Payton II,32,GSW,SG,62,11,927,171,298,31,95,140,203,27,38,53,132,83,52,17,39,108,400
Day'Ron Sharpe,23,BRK,C,50,2,907,165,317,11,45,154,272,56,74,149,181,91,41,42,63,113,397
Jonathan Mogbo,23,TOR,PF,63,18,1286,156,356,17,70,139,286,60,82,109,202,146,55,34,70,136,389
Moritz Wagner,27,ORL,C,30,1,564,140,249,27,75,113,174,79,110,40,108,42,24,12,49,55,386
Sandro Mamukelashvili,25,SAS,PF,61,0,681,141,281,60,161,81,120,43,58,62,125,48,22,17,26,60,385
Kelly Olynyk,33,TOR,C,24,2,383,59,118,19,43,40,75,34,43,25,64,56,16,8,35,59,171
Kelly Olynyk,33,NOP,C,20,20,508,75,150,14,36,61,114,49,65,37,80,72,17,11,41,64,213
Jaxson Hayes,24,LAL,C,56,35,1093,161,223,0,3,161,220,61,98,78,191,58,31,51,43,136,383
Alex Caruso,30,OKC,SG,54,3,1041,140,314,60,170,80,144,42,51,38,121,137,87,30,37,102,382
Jonathan Isaac,27,ORL,PF,71,1,1090,134,324,39,151,95,173,73,107,120,194,40,61,80,33,90,380
Precious Achiuwa,25,NYK,C,57,10,1170,164,327,10,36,154,291,41,69,101,216,55,47,42,45,81,379
Talen Horton-Tucker,24,CHI,SG,58,0,724,133,291,41,122,92,169,72,98,19,81,83,21,11,40,59,379
Marcus Sasser,24,DET,PG,57,1,811,137,296,58,152,79,144,43,51,18,51,133,37,4,54,72,375
Julian Phillips,21,CHI,SF,79,5,1123,128,287,50,153,78,134,60,76,67,102,39,38,20,27,108,366
Cody Martin,29,CHO,SF,39,8,967,116,268,40,124,76,144,34,49,40,136,89,43,26,42,72,306
Cody Martin,29,PHO,SF,14,0,206,20,57,3,27,17,30,9,12,13,35,16,13,6,9,23,52
Kyle Anderson,31,GSW,PF,36,3,541,76,169,19,52,57,117,18,27,27,83,81,26,20,20,40,189
Kyle Anderson,31,MIA,SF,25,1,461,66,134,6,18,60,116,30,38,26,70,64,14,13,17,41,168
Alec Burks,33,MIA,SG,49,14,863,115,271,88,207,27,64,38,49,15,109,55,28,7,29,37,356
Caleb Martin,29,PHI,SF,31,24,943,101,232,33,87,68,145,46,74,43,93,69,34,20,43,63,281
Caleb Martin,29,DAL,SF,14,0,275,28,72,4,16,24,56,15,24,10,31,26,12,3,13,24,75
Garrison Mathews,28,ATL,SG,47,2,830,102,257,85,218,17,39,64,78,13,74,60,26,15,31,81,353
Tidjane Salaün,19,CHO,PF,60,10,1244,114,345,58,205,56,140,67,94,70,210,74,29,14,58,84,353
Jared McCain,20,PHI,SG,23,8,592,126,274,51,133,75,141,49,56,13,43,60,15,0,37,37,352
Ryan Rollins,22,MIL,PG,56,19,820,132,271,49,120,83,151,36,45,21,87,104,42,17,53,88,349
Javonte Green,31,NOP,SG,50,18,1092,100,224,38,108,62,116,50,66,49,129,45,55,30,28,77,288
Javonte Green,31,CLE,SG,18,1,166,23,63,8,33,15,30,5,10,10,30,11,10,1,4,21,59
Kevon Looney,28,GSW,C,76,6,1142,143,278,2,5,141,273,56,99,185,277,118,46,37,39,154,344
Aaron Holiday,28,HOU,PG,62,3,792,117,268,72,181,45,87,34,41,13,65,83,19,11,37,64,340
Quinten Post,24,GSW,PF,42,14,686,123,274,73,179,50,95,21,27,35,113,56,16,18,33,83,340
Bruce Brown,28,TOR,PG,18,0,353,57,131,11,36,46,95,26,29,17,51,28,17,3,19,26,151
Bruce Brown,28,NOP,PG,23,12,569,73,178,16,45,57,133,27,36,23,73,56,17,7,20,45,189
Adem Bona,21,PHI,C,58,11,905,135,192,0,1,135,191,67,100,92,153,27,26,69,61,125,337
Isaac Okoro,24,CLE,SG,55,22,1053,124,267,56,151,68,116,33,46,49,81,68,32,16,23,104,337
Svi Mykhailiuk,27,UTA,SF,38,13,760,118,302,70,203,48,99,28,35,22,68,76,19,7,52,43,334
Mason Plumlee,34,PHO,C,74,21,1300,125,202,0,4,125,198,83,128,116,339,134,33,47,59,154,333
Ben Sheppard,23,IND,SG,63,9,1228,120,287,68,199,52,88,24,27,44,133,85,38,14,22,125,332
Tristan Vukcevic,21,WAS,C,35,1,513,120,242,38,102,82,140,52,67,26,104,39,11,23,42,57,330
Tre Jones,25,SAS,PG,28,0,450,45,93,8,26,37,67,25,33,15,43,104,18,5,21,33,123
Tre Jones,25,CHI,PG,18,9,455,83,145,11,22,72,123,30,34,16,42,88,19,5,14,22,207
Dalen Terry,22,CHI,SG,73,5,987,120,268,37,104,83,164,49,69,38,86,97,44,15,53,114,326
Karlo Matković,23,NOP,PF,42,7,791,135,235,21,66,114,169,34,44,64,145,46,22,41,43,106,325
Dean Wade,28,CLE,PF,59,30,1252,112,271,80,222,32,49,16,30,51,198,76,42,20,22,101,320
DaQuan Jeffries,27,CHO,SG,47,20,1071,118,291,55,164,63,127,24,30,37,98,53,26,25,35,99,315
Shake Milton,28,BRK,SG,27,1,492,73,157,28,72,45,85,25,33,16,35,64,15,1,20,43,199
Shake Milton,28,LAL,SG,30,1,345,42,97,10,34,32,63,22,26,15,38,38,10,3,20,24,116
Dereck Lively II,20,DAL,C,36,29,833,134,191,0,0,134,191,46,73,104,166,85,20,56,41,100,314
Nicolas Batum,36,LAC,PF,78,8,1367,104,238,88,203,16,35,17,21,47,171,84,52,36,34,111,313
Jabari Walker,22,POR,SF,60,1,749,118,229,28,72,90,157,49,71,59,152,37,33,6,34,87,313
Neemias Queta,25,BOS,C,62,6,863,132,203,0,3,132,200,46,61,89,147,45,18,42,40,106,310
Malcolm Brogdon,32,WAS,PG,24,13,564,104,240,16,56,88,184,81,92,21,70,98,13,5,38,30,305
Antonio Reeves,24,NOP,SG,44,6,660,113,248,51,129,62,119,28,35,18,45,39,21,4,30,40,305
Marcus Smart,30,MEM,PG,19,6,400,53,148,29,90,24,58,30,36,14,29,71,23,6,35,31,165
Marcus Smart,30,WAS,PG,15,1,280,48,109,20,51,28,58,24,35,4,25,38,16,3,19,22,140
Orlando Robinson,24,SAC,C,9,0,57,7,17,1,5,6,12,4,7,3,11,9,3,1,4,6,19
Orlando Robinson,24,TOR,C,35,8,713,109,244,16,47,93,197,50,63,86,120,68,14,15,45,94,284
Andre Drummond,31,PHI,C,40,23,751,117,234,3,20,114,214,56,90,109,201,34,39,18,55,94,293
Kris Murray,24,POR,SF,69,6,1040,117,279,27,120,90,159,26,57,76,106,68,35,17,43,66,287
Landry Shamet,27,NYK,SG,50,0,762,106,230,62,156,44,74,12,18,11,50,27,23,2,22,52,286
Jeff Dowtin,27,PHI,PG,41,3,621,112,230,28,70,84,160,33,45,12,48,78,24,12,15,29,285
Josh Okogie,26,PHO,SG,25,1,351,56,114,16,42,40,72,22,32,32,40,14,21,10,16,28,150
Josh Okogie,26,CHO,SG,15,6,274,38,98,16,50,22,48,41,53,13,28,19,27,8,15,19,133
KJ Simpson,22,CHO,PG,36,15,842,104,301,33,130,71,171,41,50,39,70,112,34,6,56,56,282
Drew Eubanks,27,UTA,C,37,4,568,88,145,3,5,85,140,36,57,40,128,45,10,32,31,46,215
Drew Eubanks,27,LAC,C,24,0,178,27,49,0,1,27,48,11,14,20,38,9,2,7,10,17,65
Jaylin Williams,22,OKC,PF,47,9,784,97,221,61,153,36,68,23,30,48,214,120,22,29,35,79,278
Brandon Williams,25,DAL,PG,33,3,487,98,188,24,60,74,128,55,66,12,46,76,24,5,39,33,275
KJ Martin,24,PHI,PF,24,7,480,61,99,8,21,53,78,24,29,21,51,19,11,16,12,62,154
KJ Martin,24,UTA,SF,19,9,432,50,102,7,37,43,65,13,18,9,44,29,6,6,12,39,120
Vasilije Micić,31,CHO,PG,36,16,764,95,273,45,125,50,148,34,41,20,67,127,15,0,74,44,269
Vasilije Micić,31,PHO,PG,5,0,21,0,0,0,0,0,0,0,0,0,2,1,0,0,3,1,0
Lonzo Ball,27,CHI,PG,35,14,777,89,243,67,195,22,48,22,27,25,93,115,47,17,41,55,267
Tosan Evbuomwan,23,BRK,SF,28,0,665,94,220,24,77,70,143,55,73,32,88,55,24,10,39,55,267
Jett Howard,21,ORL,SF,60,0,701,98,262,55,186,43,76,16,23,20,50,44,13,11,36,68,267
Eric Gordon,36,PHI,SG,39,13,768,87,204,56,137,31,67,36,48,8,38,65,26,12,28,32,266
Lindy Waters III,27,GSW,SG,38,9,655,76,205,49,148,27,57,8,11,16,80,42,22,10,17,55,209
Lindy Waters III,27,DET,SG,14,0,123,16,44,15,38,1,6,0,0,4,10,10,5,1,3,7,47
Ben Simmons,28,BRK,PG,33,24,825,93,170,0,0,93,170,18,26,30,142,229,26,16,88,81,204
Ben Simmons,28,LAC,PG,18,0,295,23,53,0,0,23,53,6,7,17,52,56,12,7,14,26,52
Oso Ighodaro,22,PHO,PF,61,6,1045,113,187,0,2,113,185,29,50,66,156,71,28,29,39,102,255
Pelle Larsson,23,MIA,SG,55,8,782,89,203,32,95,57,108,41,61,28,64,65,32,7,24,91,251
Lonnie Walker IV,26,PHI,SG,20,7,477,89,212,45,127,44,85,24,30,6,57,50,10,5,25,27,247
Bol Bol,25,PHO,PF,36,10,448,96,183,32,93,64,90,20,26,20,84,22,9,25,20,20,244
Caleb Houstan,22,ORL,SF,58,6,788,80,190,64,160,16,30,15,17,19,56,35,22,6,13,62,239
A.J. Lawson,24,TOR,SG,26,2,486,80,190,33,101,47,89,43,63,20,66,31,13,6,15,44,236
Malaki Branham,21,SAS,SG,47,0,427,87,190,34,84,53,106,27,33,7,44,38,11,2,34,29,235
Ajay Mitchell,22,OKC,SG,36,1,597,91,184,23,60,68,124,29,35,18,50,64,25,4,29,68,234
Monte Morris,29,PHO,PG,45,0,571,83,195,31,86,52,109,36,42,12,55,73,20,3,21,23,233
Richaun Holmes,31,WAS,PF,31,7,534,90,139,0,3,90,136,50,60,62,115,42,9,23,21,49,230
Andre Jackson Jr.,23,MIL,SG,67,43,980,94,197,30,76,64,121,12,24,65,117,83,34,14,58,114,230
Cody Williams,20,UTA,SG,50,21,1060,83,257,35,135,48,122,29,40,27,86,59,23,16,44,95,230
Reed Sheppard,20,HOU,PG,52,3,654,84,239,48,142,36,97,13,16,16,62,75,35,17,37,53,229
Gui Santos,22,GSW,PF,56,2,762,82,179,34,103,48,76,29,42,72,100,80,25,10,42,91,227
Steven Adams,31,HOU,C,58,3,794,91,167,0,2,91,165,43,93,166,161,66,22,28,54,60,225
AJ Johnson,20,MIL,SG,7,0,44,8,19,3,5,5,14,1,2,0,7,7,1,0,4,0,20
AJ Johnson,20,WAS,SG,22,11,595,74,194,21,85,53,109,31,35,8,44,69,11,3,31,50,200
Rob Dillingham,20,MIN,PG,49,1,516,93,211,25,74,68,137,8,15,12,38,98,20,1,53,37,219
Blake Wesley,21,SAS,SG,58,0,683,81,186,17,58,64,128,38,61,17,44,114,37,6,54,46,217
Pat Connaughton,32,MIL,SG,41,1,603,83,177,26,81,57,96,24,31,19,90,70,9,11,24,45,216
GG Jackson II,20,MEM,PF,29,3,459,74,199,32,95,42,104,29,40,27,65,29,12,5,31,30,209
DeAndre Jordan,36,DEN,C,56,5,691,91,140,0,0,91,140,27,64,84,200,53,16,27,40,74,209
Herbert Jones,26,NOP,SF,20,20,648,75,172,22,72,53,100,33,40,22,56,65,37,9,35,66,205
Larry Nance Jr.,32,ATL,PF,24,3,463,80,155,34,76,46,79,9,13,23,80,38,20,13,16,37,203
Olivier-Maxence Prosper,22,DAL,PF,52,4,584,70,174,12,51,58,123,49,76,44,82,40,26,6,14,28,201
Jock Landale,29,HOU,C,42,3,500,81,152,11,26,70,126,27,40,56,81,37,13,10,21,49,200
Jalen Pickett,25,DEN,SG,49,4,666,77,180,40,101,37,79,6,8,15,56,107,19,5,24,38,200
Kai Jones,24,LAC,C,28,0,208,26,36,0,2,26,34,9,12,15,31,10,6,13,10,23,61
Kai Jones,24,DAL,C,12,6,260,61,73,1,3,60,70,14,20,25,54,15,9,10,8,27,137
Mouhamed Gueye,22,ATL,PF,33,28,533,72,171,21,81,51,90,32,42,44,95,27,28,33,15,55,197
Jamal Cain,25,NOP,SF,37,0,502,68,158,26,80,42,78,34,50,27,58,22,23,9,22,46,196
Collin Gillespie,25,PHO,PG,33,9,461,68,158,39,90,29,68,19,22,22,56,78,21,5,17,30,194
Duop Reath,28,POR,C,46,0,469,70,166,34,106,36,60,20,22,44,48,26,12,14,16,41,194
Craig Porter Jr.,24,CLE,PG,51,1,513,72,140,21,48,51,92,23,32,19,48,71,17,15,38,25,188
Jae'Sean Tate,29,HOU,SF,52,2,588,70,148,16,46,54,102,32,47,50,67,47,26,7,22,82,188
Zeke Nnaji,24,DEN,PF,57,4,608,70,141,17,52,53,89,27,44,33,57,23,25,38,14,62,184
Paul Reed,25,DET,C,45,0,438,72,142,8,28,64,114,32,42,40,83,44,39,25,26,75,184
Tre Mann,23,CHO,PG,13,0,319,70,161,24,60,46,101,19,21,12,26,39,7,4,25,24,183
Vince Williams Jr.,24,MEM,SG,27,5,499,67,167,26,95,41,72,19,24,22,76,55,12,7,33,45,179
Cory Joseph,33,ORL,PG,50,16,612,62,154,39,107,23,47,14,18,17,57,72,26,4,18,50,177
Dante Exum,29,DAL,PG,20,13,372,64,134,23,53,41,81,23,31,4,29,56,12,3,22,34,174
Jeff Green,38,HOU,PF,32,3,396,61,121,29,79,32,42,21,26,11,47,20,6,4,9,32,172
Kessler Edwards,24,DAL,SF,40,18,608,67,135,22,54,45,81,12,13,22,93,42,19,20,16,62,168
Keaton Wallace,25,ATL,PG,31,5,501,65,162,27,82,38,80,11,11,7,43,81,28,9,33,39,168
Jaylon Tyson,22,CLE,SG,47,3,453,64,149,20,58,44,91,19,24,37,59,44,13,3,26,50,167
Grant Williams,26,CHO,PF,16,7,479,54,123,27,74,27,49,31,37,18,64,37,18,13,28,46,166
Jaylen Clark,23,MIN,SG,40,4,522,56,120,22,51,34,69,29,37,26,27,26,36,2,8,61,163
Quenton Jackson,26,IND,PG,28,7,381,58,122,15,40,43,82,31,40,14,30,53,21,5,16,43,162
Micah Potter,26,UTA,C,38,10,705,57,135,31,98,26,37,17,20,43,121,31,14,14,31,50,162
Daniel Theis,32,NOP,C,38,9,621,61,129,9,37,52,92,31,37,44,120,60,18,20,25,70,162
Jordan Goodwin,26,LAL,PG,29,5,543,63,144,26,68,37,76,9,11,38,74,42,30,11,26,43,161
Charles Bassey,24,SAS,C,36,1,376,68,117,0,0,68,117,21,33,56,96,17,14,30,23,50,157
Colby Jones,22,SAC,SG,24,0,130,11,26,4,10,7,16,0,0,8,15,7,6,7,7,13,26
Colby Jones,22,WAS,SG,15,0,385,48,103,12,39,36,64,23,35,13,51,37,20,6,16,24,131
Rayan Rupert,20,POR,SG,52,0,460,58,142,16,59,42,83,23,30,26,44,25,16,4,30,37,155
Jevon Carter,29,CHI,PG,36,1,321,55,146,35,105,20,41,8,10,4,35,40,13,3,11,15,153
David Roddy,23,ATL,PF,27,3,346,44,93,16,43,28,50,18,22,11,59,30,12,8,20,18,122
David Roddy,23,PHI,PF,3,0,29,8,19,2,11,6,8,0,0,2,7,3,2,0,1,1,18
David Roddy,23,HOU,PF,3,0,35,5,13,1,7,4,6,2,4,0,5,2,0,1,1,1,13
Jordan Miller,25,LAC,SF,37,0,420,58,134,8,38,50,96,28,35,23,35,34,17,5,26,26,152
Trevelin Queen,27,ORL,SG,31,2,430,56,147,22,77,34,70,18,21,26,28,38,31,10,22,38,152
Wendell Moore Jr.,23,DET,SG,20,1,219,23,50,4,14,19,36,13,14,11,33,23,10,3,9,15,63
Wendell Moore Jr.,23,CHO,SG,16,0,280,36,76,10,27,26,49,5,8,19,32,19,10,2,18,16,87
Bones Hyland,24,LAC,PG,20,0,222,45,115,31,80,14,35,23,26,5,19,28,18,4,24,26,144
Bones Hyland,24,MIN,PG,4,0,17,2,3,1,2,1,1,0,0,0,1,4,0,0,1,3,5
Dominick Barlow,21,ATL,SF,35,4,375,60,113,7,27,53,86,21,33,35,50,19,9,16,5,47,148
Doug McDermott,33,SAC,SF,42,3,342,50,117,44,101,6,16,3,5,3,19,7,4,2,6,30,147
Jarred Vanderbilt,25,LAL,PF,36,2,581,59,121,9,32,50,89,20,36,68,114,41,35,10,29,67,147
Gary Harris,30,ORL,SG,48,3,711,51,133,36,101,15,32,7,12,20,44,30,26,12,17,45,145
Bismack Biyombo,32,SAS,C,28,26,528,67,114,0,0,67,114,10,25,43,115,31,16,23,27,52,144
Keion Brooks Jr.,24,NOP,SF,14,6,332,53,109,14,43,39,66,22,30,12,46,13,10,10,12,30,142
Ousmane Dieng,21,OKC,C,37,1,405,54,125,23,71,31,54,11,16,18,63,31,17,7,18,33,142
Devin Carter,22,SAC,PG,36,0,396,47,127,18,61,29,66,26,44,19,57,41,21,4,18,39,138
Luka Garza,26,MIN,C,39,0,219,52,105,10,36,42,69,24,35,31,23,11,6,3,12,29,138
Kyle Lowry,38,PHI,PG,35,12,659,41,117,29,88,12,29,27,33,11,56,96,33,11,21,62,138
Terrence Shannon Jr.,24,MIN,SG,32,1,339,55,114,11,31,44,83,17,21,10,37,32,7,5,15,27,138
Mo Bamba,26,LAC,C,28,2,352,48,103,15,50,33,53,17,25,26,94,16,9,28,19,49,128
Mo Bamba,26,NOP,C,4,0,61,4,9,0,4,4,5,2,2,6,19,2,0,3,1,7,10
Reggie Jackson,34,PHI,PG,31,1,384,52,133,25,74,27,59,7,9,8,34,45,16,3,17,34,136
Marvin Bagley III,25,WAS,C,19,1,166,38,71,2,10,36,61,15,23,27,29,7,7,5,11,12,93
Marvin Bagley III,25,MEM,PF,12,1,99,17,35,1,9,16,26,8,12,11,17,4,2,3,1,6,43
Dillon Jones,23,OKC,SF,54,3,551,51,133,16,63,35,70,17,28,30,91,58,16,4,28,54,135
Isaac Jones,24,SAC,PF,40,0,304,54,83,3,8,51,75,23,36,22,35,12,5,10,16,30,134
Hunter Tyson,24,DEN,PF,51,2,400,45,120,23,74,22,46,21,28,25,53,20,10,6,14,44,134
Anthony Gill,32,WAS,PF,51,0,397,43,88,10,31,33,57,33,50,18,48,16,9,2,10,30,129
Delon Wright,32,MIL,PG,26,2,405,22,82,12,49,10,33,9,16,15,31,48,23,9,14,17,65
Delon Wright,32,NYK,PG,14,5,230,23,49,8,24,15,25,6,9,12,8,29,12,3,8,8,60
Colin Castleton,24,MEM,C,10,0,46,2,10,0,4,2,6,10,11,3,6,0,1,1,1,6,14
Colin Castleton,24,TOR,C,11,4,288,32,64,2,8,30,56,13,18,34,42,18,6,8,21,32,79
Colin Castleton,24,PHI,C,5,0,98,12,24,0,4,12,20,6,9,16,21,10,1,1,1,13,30
Branden Carlson,25,OKC,C,32,0,246,43,97,22,66,21,31,14,18,17,37,14,5,21,7,22,122
Kevin Love,36,MIA,PF,23,9,251,41,115,24,67,17,48,16,23,22,72,22,15,4,14,21,122
Isaiah Wong,24,CHO,SG,20,0,265,41,105,13,33,28,72,25,34,14,18,28,11,0,18,21,120
Josh Minott,22,MIN,SF,46,0,276,44,90,14,43,30,47,17,19,12,35,18,15,12,11,34,119
Jared Rhoden,25,CHO,SG,4,0,12,2,8,0,2,2,6,0,0,2,2,2,1,0,1,1,4
Jared Rhoden,25,TOR,SG,10,2,215,40,79,12,37,28,42,22,25,12,26,14,9,2,8,19,114
Robert Williams,27,POR,C,20,3,351,50,78,1,3,49,75,15,17,35,83,21,13,33,17,31,116
Maxwell Lewis,22,LAL,SF,7,0,29,2,6,0,0,2,6,0,0,2,0,2,1,0,2,1,4
Maxwell Lewis,22,BRK,SF,21,1,298,43,102,19,50,24,52,7,10,16,37,17,8,7,12,28,112
Dariq Whitehead,20,BRK,SF,20,0,246,39,96,33,74,6,22,3,5,4,25,12,6,1,15,22,114
Dwight Powell,33,DAL,C,55,3,551,42,61,2,5,40,56,28,43,47,71,55,18,21,18,75,114
Baylor Scheierman,24,BOS,SG,31,2,384,39,110,26,82,13,28,9,12,19,46,33,17,2,12,22,113
John Konchar,28,MEM,SG,46,4,558,41,91,23,62,18,29,7,8,37,114,42,30,14,16,32,112
Matisse Thybulle,27,POR,SG,15,5,312,42,88,21,48,21,40,7,15,14,38,28,33,9,13,14,112
Patty Mills,36,UTA,PG,17,0,260,26,76,17,57,9,19,5,5,3,18,21,12,3,16,12,74
Patty Mills,36,LAC,PG,12,0,61,10,20,9,18,1,2,8,9,1,0,5,1,0,1,12,37
Damion Baugh,24,CHO,SG,15,2,370,42,130,12,56,30,74,13,15,14,36,56,15,2,31,22,109
Drew Timme,24,BRK,PF,9,2,254,45,102,9,35,36,67,10,16,17,48,20,4,1,15,21,109
Jaden Springer,22,BOS,SG,26,0,141,12,34,6,19,6,15,15,21,4,20,10,12,1,4,17,45
Jaden Springer,22,UTA,PG,17,2,224,23,56,6,29,17,27,12,17,13,21,23,12,3,12,25,64
Torrey Craig,34,CHI,SF,9,1,113,22,45,15,35,7,10,3,4,8,17,5,2,1,0,15,62
Torrey Craig,34,BOS,SF,17,3,201,16,45,9,31,7,14,5,8,19,29,12,6,11,8,19,46
Taj Gibson,39,CHO,C,37,11,409,47,95,1,2,46,93,12,20,51,69,21,9,18,25,54,107
Oscar Tshiebwe,25,UTA,C,14,1,255,42,70,0,0,42,70,23,31,46,76,9,13,1,10,24,107
Cam Spencer,24,MEM,SG,25,1,252,34,82,19,53,15,29,19,19,12,18,34,9,1,6,23,106
Jalen Hood-Schifino,21,LAL,SG,2,0,14,1,1,0,0,1,1,2,2,1,0,1,0,1,1,3,4
Jalen Hood-Schifino,21,PHI,SG,13,0,301,36,97,14,46,22,51,16,19,2,24,36,5,6,17,22,102
Cam Reddish,25,LAL,SF,33,8,589,38,94,13,47,25,47,16,26,17,49,22,33,10,12,43,105
Johnny Furphy,20,IND,SG,50,0,379,35,92,15,50,20,42,18,22,23,48,19,18,11,12,41,103
Maxi Kleber,33,DAL,PF,34,4,637,37,96,13,49,24,47,16,21,25,70,43,9,17,23,66,103
Pat Spencer,28,GSW,PG,39,0,250,41,101,5,22,36,79,11,15,15,31,48,14,3,18,20,98
Jericho Sims,26,NYK,C,39,5,422,28,46,0,0,28,46,8,13,51,78,22,8,10,21,46,64
Jericho Sims,26,MIL,C,14,0,210,17,25,0,0,17,25,0,0,20,48,11,2,9,12,19,34
Jordan McLaughlin,28,SAC,PG,28,0,190,16,44,10,26,6,18,11,16,4,17,24,11,0,11,13,53
Jordan McLaughlin,28,SAS,PG,18,0,124,15,28,9,20,6,8,6,6,2,7,27,5,1,5,5,45
Trey Jemison,25,NOP,C,16,0,166,15,32,0,0,15,32,8,21,22,22,10,7,6,10,27,38
Trey Jemison,25,LAL,C,22,0,226,26,42,0,0,26,42,5,12,22,39,6,2,9,14,42,57
Reece Beekman,23,GSW,PG,2,0,4,1,1,0,0,1,1,0,0,1,0,1,1,0,0,1,2
Reece Beekman,23,BRK,PG,34,4,465,34,106,7,40,27,66,16,21,12,26,62,32,2,21,35,91
Christian Koloko,24,LAL,C,37,0,342,40,66,0,4,40,62,10,14,35,57,16,8,16,12,44,90
Mitchell Robinson,26,NYK,C,17,3,290,37,56,0,0,37,56,13,19,52,49,13,16,18,10,26,87
Dru Smith,27,MIA,SG,14,1,268,31,61,16,30,15,31,9,12,12,24,23,21,6,17,30,87
Lester Quiñones,24,PHI,SG,4,0,17,4,8,0,3,4,5,1,1,3,1,1,0,0,4,0,9
Lester Quiñones,24,NOP,SG,9,0,166,27,70,13,41,14,29,10,12,1,14,23,3,2,10,18,77
Elfrid Payton,30,NOP,PG,18,7,388,37,101,1,6,36,95,4,7,14,52,146,18,8,52,24,79
Elfrid Payton,30,CHO,PG,6,2,123,3,21,0,0,3,21,0,0,1,12,20,6,3,7,12,6
Damion Lee,32,PHO,SG,25,0,144,27,74,9,37,18,37,20,21,3,17,11,6,0,10,6,83
Jordan Walsh,20,BOS,PF,52,1,403,30,83,15,55,15,28,7,12,23,46,19,12,11,17,30,82
Tyler Kolek,23,NYK,PG,41,0,296,27,82,14,47,13,35,13,17,8,19,70,12,4,18,26,81
Johnny Davis,22,WAS,SG,34,0,242,32,78,7,29,25,49,9,15,10,28,11,15,6,7,18,80
MarJon Beauchamp,24,MIL,SF,26,0,122,18,47,7,21,11,26,9,12,7,25,8,3,1,13,10,52
MarJon Beauchamp,24,LAC,SF,3,0,17,4,7,2,3,2,4,2,4,2,1,2,0,0,1,2,12
MarJon Beauchamp,24,NYK,SF,6,0,17,5,11,1,5,4,6,4,4,2,7,1,1,0,1,2,15
Jaylen Martin,21,BRK,SF,3,0,5,1,2,1,1,0,1,0,0,0,0,0,0,0,0,1,3
Jaylen Martin,21,WAS,SF,13,0,234,30,72,6,22,24,50,9,10,11,33,17,9,0,12,13,75
Kobe Brown,25,LAC,PF,40,0,272,33,72,6,26,27,46,5,7,19,46,24,7,4,12,23,77
Alex Reese,25,OKC,PF,1,0,2,1,1,0,0,1,1,0,0,1,0,0,0,0,0,0,2
Alex Reese,25,PHI,PF,14,0,214,25,53,15,41,10,12,9,12,8,38,4,10,10,6,21,74
Moses Brown,25,IND,C,9,0,46,13,20,0,0,13,20,3,5,4,9,0,2,1,6,6,29
Moses Brown,25,DAL,C,4,2,73,21,29,0,0,21,29,5,6,8,23,2,4,3,5,11,47
Lamar Stevens,27,MEM,PF,17,1,155,29,63,8,27,21,36,8,11,4,34,8,5,3,10,15,74
Alex Len,31,SAC,C,36,3,258,22,41,1,6,21,35,7,13,25,39,30,8,18,11,35,52
Alex Len,31,LAL,C,10,4,122,10,22,1,3,9,19,1,4,13,18,8,1,3,9,21,22
JT Thor,22,CLE,PF,9,0,42,9,15,3,6,6,9,7,8,3,3,1,2,3,6,6,28
JT Thor,22,WAS,PF,11,0,207,16,44,3,15,13,29,8,14,17,25,5,6,6,3,11,43
Tristan Thompson,33,CLE,C,40,0,328,31,71,0,3,31,68,7,30,32,102,24,2,11,14,36,69
Marcus Bagley,23,PHI,SF,10,4,253,27,69,5,32,22,37,8,10,23,47,10,9,12,7,16,67
Jaylen Nowell,25,NOP,SG,8,0,168,26,73,8,27,18,46,7,11,6,14,18,1,4,8,9,67
Tyler Smith,20,MIL,PF,23,0,122,24,50,13,30,11,20,6,8,6,19,4,3,4,8,11,67
Adam Flagler,25,OKC,SG,37,0,203,25,96,14,72,11,24,1,2,7,20,12,8,3,4,15,65
Jeenathan Williams,25,HOU,SG,20,0,147,27,62,6,26,21,36,5,8,5,8,9,8,4,14,16,65
Bronny James,20,LAL,SG,27,1,181,21,67,9,32,12,35,11,14,4,14,22,9,3,13,13,62
De'Anthony Melton,26,GSW,SG,6,2,121,22,54,13,35,9,19,5,8,6,14,17,7,2,10,18,62
Tony Bradley,27,IND,C,14,0,113,29,45,1,3,28,42,2,6,18,24,6,2,9,5,11,61
Markelle Fultz,26,SAC,PG,21,0,184,28,67,4,8,24,59,1,1,6,14,27,10,2,15,12,61
Cole Swider,25,DET,SF,2,0,13,0,5,0,5,0,0,0,0,0,2,1,0,0,0,1,0
Cole Swider,25,TOR,SF,8,0,156,22,58,15,42,7,16,0,1,5,20,2,4,2,4,11,59
Bruno Fernando,26,TOR,C,17,2,147,26,49,0,0,26,49,6,8,21,30,18,4,9,14,27,58
Dario Šarić,30,DEN,C,16,4,210,21,58,7,26,14,32,7,10,14,36,23,7,1,15,19,56
Markieff Morris,35,DAL,PF,7,0,41,5,22,2,13,3,9,0,0,0,8,4,1,1,2,2,12
Markieff Morris,35,LAL,PF,8,2,124,16,48,7,23,9,25,5,6,3,12,17,1,2,3,14,44
Tyson Etienne,25,BRK,PG,7,0,151,17,52,13,44,4,8,8,10,3,6,12,3,1,8,17,55
Killian Hayes,23,BRK,PG,6,5,162,18,43,8,21,10,22,10,12,5,13,31,4,4,9,13,54
Drew Peterson,25,BOS,PF,25,1,186,17,41,13,33,4,8,7,9,9,31,13,5,2,8,18,54
Kobe Bufkin,21,ATL,SG,10,0,124,18,47,4,19,14,28,13,18,5,16,17,3,2,8,9,53
Garrett Temple,38,TOR,SG,28,0,227,18,60,6,28,12,32,11,12,9,20,31,17,2,10,23,53
Chuma Okeke,26,PHI,PF,7,3,171,18,33,10,22,8,11,2,3,20,23,13,5,3,3,5,48
Chuma Okeke,26,CLE,PF,2,0,25,2,7,1,6,1,1,0,0,1,3,2,0,1,0,0,5
Patrick Baldwin Jr.,22,WAS,SF,22,0,101,17,33,11,21,6,12,2,4,5,17,2,3,2,5,5,47
Patrick Baldwin Jr.,22,LAC,SF,2,0,6,2,2,2,2,0,0,0,0,0,3,1,0,0,0,2,6
Oshae Brissett,26,PHI,SF,6,2,142,19,39,6,18,13,21,8,14,7,15,4,4,3,8,14,52
Ariel Hukporti,22,NYK,C,25,1,217,21,31,0,0,21,31,6,13,14,37,11,1,15,21,32,48
Enrique Freeman,24,IND,PF,22,1,181,16,37,1,10,15,27,13,19,11,19,9,3,3,6,21,46
Kevin Knox,25,GSW,SF,14,0,84,18,36,4,15,14,21,6,8,7,10,5,2,4,4,6,46
Keshad Johnson,23,MIA,SF,16,0,98,18,26,3,7,15,19,4,9,6,22,4,5,4,4,11,43
Daeqwon Plowden,26,ATL,SG,6,0,72,16,25,9,17,7,8,2,2,4,7,2,0,0,4,10,43
Jaylen Sims,26,CHO,SG,6,0,112,12,28,6,15,6,13,12,15,3,3,12,3,1,8,10,42
Pete Nance,24,PHI,C,7,0,68,5,15,4,12,1,3,1,2,2,8,3,1,0,0,10,15
Pete Nance,24,MIL,PF,6,1,70,9,17,5,12,4,5,0,0,3,8,7,1,2,4,7,23
Emoni Bates,21,CLE,SF,10,0,75,13,38,11,30,2,8,0,0,0,7,8,1,1,2,4,37
Chris Duarte,27,CHI,SG,17,0,74,12,26,6,15,6,11,6,8,5,15,9,0,0,1,7,36
Alex Ducas,24,OKC,SG,21,0,125,12,30,10,21,2,9,2,2,9,17,5,5,0,4,12,36
Yuki Kawamura,23,MEM,PG,22,0,93,11,30,7,23,4,7,7,9,0,12,19,2,0,5,8,36
Nae'Qwan Tomlin,24,CLE,PF,5,1,63,13,32,2,10,11,22,8,11,9,12,2,0,1,2,9,36
Isaiah Jackson,23,IND,C,5,1,84,14,23,0,0,14,23,7,14,11,17,5,3,8,5,14,35
TyTy Washington Jr.,23,PHO,PG,16,0,118,14,45,4,21,10,24,3,6,4,9,16,3,0,3,4,35
Xavier Tillman Sr.,26,BOS,C,33,2,231,13,53,5,32,8,21,3,4,10,33,7,11,5,14,18,34
Kylor Kelley,27,DAL,C,8,1,67,10,13,0,0,10,13,4,6,8,13,2,0,2,1,8,24
Kylor Kelley,27,NOP,C,3,1,59,4,9,0,0,4,9,2,4,4,14,3,1,1,3,7,10
JD Davison,22,BOS,PG,16,0,93,12,34,4,18,8,16,5,7,2,11,13,5,1,13,2,33
PJ Hall,22,DEN,C,19,0,66,14,24,2,8,12,16,3,4,6,16,4,0,4,2,11,33
Trey Alexander,21,DEN,SG,24,0,117,13,41,3,17,10,24,3,4,1,11,11,2,1,5,10,32
Elijah Harkless,24,UTA,SG,10,0,138,11,35,7,25,4,10,3,6,9,12,8,10,1,3,18,32
Josh Richardson,31,MIA,SG,8,0,150,11,38,6,22,5,16,4,4,6,6,12,8,1,8,17,32
Sidy Cissoko,20,SAS,SF,17,0,54,9,18,3,7,6,11,1,6,3,7,6,1,0,2,6,22
Sidy Cissoko,20,POR,SF,5,0,60,4,12,0,6,4,6,2,3,5,6,9,1,1,9,4,10
Pacome Dadiet,19,NYK,SG,18,0,111,10,31,6,19,4,12,4,6,3,15,5,3,2,4,7,30
RayJ Dennis,23,IND,PG,11,0,70,11,33,6,21,5,12,2,2,2,10,14,7,2,5,7,30
Chris Livingston,21,MIL,SF,21,1,106,9,27,0,8,9,19,12,16,10,25,5,5,0,6,8,30
Josh Christopher,23,MIA,SG,14,0,69,11,31,2,11,9,20,4,6,0,9,8,5,3,6,2,28
Marcus Garrett,26,CHO,SG,4,0,79,11,27,3,8,8,19,3,4,1,5,13,3,2,6,10,28
Matt Ryan,27,NYK,SF,19,0,68,10,31,6,19,4,12,2,2,0,8,3,2,0,3,1,28
Spencer Jones,23,DEN,SF,20,0,125,11,34,1,17,10,17,3,3,8,9,5,5,5,5,17,26
Vlatko Čančar,27,DEN,PF,13,0,136,10,26,4,15,6,11,0,0,6,26,9,3,2,11,10,24
N'Faly Dante,23,HOU,C,4,0,51,10,13,0,0,10,13,4,5,6,15,2,1,5,2,9,24
Jazian Gortman,21,DAL,PG,16,0,57,9,23,4,11,5,12,2,4,1,4,6,2,1,5,9,24
Jae Crowder,34,SAC,PF,9,2,103,7,22,4,15,3,7,5,6,6,14,6,3,0,4,10,23
Mason Jones,26,SAC,SG,10,0,45,9,18,1,8,8,10,4,5,2,7,11,0,1,1,3,23
Jacob Toppin,24,NYK,SF,16,0,49,3,10,0,2,3,8,0,0,2,9,4,2,0,2,3,6
Jacob Toppin,24,ATL,SF,1,0,27,6,12,5,8,1,4,0,0,1,3,2,0,0,1,0,17
Jackson Rowe,28,GSW,PF,6,0,52,8,17,3,10,5,7,3,6,3,8,4,4,0,1,4,22
E.J. Liddell,24,CHI,PF,12,0,53,8,15,3,10,5,5,2,2,3,6,3,1,1,2,11,21
Leonard Miller,21,MIN,SF,13,0,32,6,15,0,5,6,10,8,8,3,8,0,2,1,2,2,20
Cam Christie,19,LAC,SG,13,0,59,7,24,2,13,5,11,2,4,3,9,6,5,1,2,4,18
Justin Minaya,25,POR,SF,19,0,101,8,21,2,10,6,11,0,2,5,5,7,6,1,5,12,18
Jamaree Bouyea,25,MIL,PG,5,1,62,6,12,1,5,5,7,4,6,1,4,10,4,2,8,2,17
David Duke Jr.,25,SAS,SG,6,0,34,6,14,3,6,3,8,1,2,1,4,4,1,0,2,1,16
Malachi Flynn,26,CHO,PG,4,0,44,5,13,1,4,4,9,5,6,3,4,7,3,0,4,4,16
Joe Ingles,37,MIN,SF,19,1,114,6,23,3,15,3,8,0,0,2,9,23,2,0,9,12,15
Bobi Klintman,21,DET,SF,8,0,42,6,10,2,5,4,5,1,2,1,6,7,2,1,1,8,15
Stanley Umude,25,MIL,SG,22,0,86,5,26,3,15,2,11,2,4,4,13,4,3,6,3,8,15
Taylor Hendricks,21,UTA,PF,3,3,75,4,18,3,12,1,6,3,4,5,10,2,5,4,2,8,14
Jack McVeigh,28,HOU,PF,9,0,43,5,17,4,13,1,4,0,0,2,3,1,0,2,2,3,14
Tolu Smith,24,DET,PF,1,0,22,6,9,0,0,6,9,2,3,4,4,0,0,0,2,3,14
Armel Traoré,22,LAL,SF,9,0,67,6,19,0,7,6,12,2,7,2,13,1,4,2,3,6,14
Isaiah Crawford,23,SAC,SF,15,0,46,5,11,1,5,4,6,2,4,1,7,1,1,2,1,2,13
Bryce McGowens,22,POR,SG,13,0,32,4,14,0,4,4,10,5,6,2,1,2,1,0,4,3,13
Luke Travers,23,CLE,SG,12,0,88,5,20,0,9,5,11,2,2,8,12,8,1,1,8,6,12
Trentyn Flowers,19,LAC,SF,6,0,27,4,11,0,2,4,9,3,3,1,3,0,0,0,1,4,11
Jahmir Young,24,CHI,PG,6,0,30,4,5,1,2,3,3,2,2,1,2,6,0,0,1,2,11
Emanuel Miller,24,CHI,PF,6,0,25,4,8,0,1,4,7,2,2,4,4,2,1,0,0,3,10
Jalen Bridges,23,PHO,SF,8,0,30,2,7,2,7,0,0,3,4,0,4,0,0,0,4,0,9
Liam Robbins,25,MIL,C,13,0,57,2,8,0,2,2,6,5,10,7,5,2,2,2,6,9,9
P.J. Tucker,39,NYK,SF,3,1,58,3,7,3,6,0,1,0,0,4,4,0,1,1,1,8,9
James Johnson,37,IND,PF,12,0,37,4,11,0,3,4,8,0,1,0,6,4,0,2,4,5,8
Adama Sanogo,22,CHI,C,4,0,21,4,7,0,0,4,7,0,0,5,1,1,0,0,1,1,8
Anton Watson,24,NYK,SF,9,0,22,4,9,0,1,4,8,0,0,1,2,2,1,0,2,3,8
Phillip Wheeler,22,PHI,PF,5,0,44,3,21,0,10,3,11,2,2,2,6,2,1,2,1,1,8
PJ Dozier,28,MIN,SG,9,0,35,2,3,2,3,0,0,1,6,1,4,5,1,0,1,3,7
Daniss Jenkins,23,DET,PG,7,0,23,3,10,1,7,2,3,0,2,0,2,3,0,0,1,2,7
Miles Norris,24,BOS,PF,3,0,35,2,9,2,7,0,2,1,2,2,7,0,2,1,0,0,7
Kevin McCullar Jr.,23,NYK,SF,4,0,29,2,7,0,1,2,6,2,2,0,8,2,1,1,0,6,6
Isaiah Mobley,25,PHI,PF,1,0,17,2,7,1,3,1,4,1,2,1,3,5,1,1,0,3,6
Taze Moore,26,POR,SG,2,0,20,2,10,1,4,1,6,1,2,4,4,1,2,0,2,0,6
James Wiseman,23,IND,C,1,0,5,2,4,0,1,2,3,2,2,0,1,0,0,0,0,0,6
Ulrich Chomche,19,TOR,PF,7,0,32,2,5,0,0,2,5,1,2,4,4,2,0,1,2,5,5
Skal Labissière,28,SAC,PF,4,0,12,2,4,1,1,1,3,0,0,1,2,1,0,0,0,1,5
Alondes Williams,25,DET,SG,1,0,4,2,2,1,1,1,1,0,0,0,0,1,0,0,0,0,5
Ron Harper Jr.,24,DET,SF,1,0,17,1,8,0,6,1,2,2,2,4,3,2,0,0,0,0,4
Harrison Ingram,22,SAS,SF,5,0,35,2,4,0,1,2,3,0,0,2,7,3,3,0,1,2,4
D.J. Carton,24,TOR,SG,4,0,33,1,7,0,3,1,4,1,1,0,4,3,2,0,4,1,3
Cui Yongxi,21,BRK,SG,5,0,10,1,7,0,3,1,4,1,2,0,2,0,0,0,0,0,3
Braxton Key,27,GSW,SF,3,0,11,0,4,0,1,0,3,3,6,1,1,0,2,0,1,0,3
Tristen Newton,23,IND,SG,5,0,8,1,6,0,3,1,3,1,1,0,0,1,0,0,1,2,3
Tristen Newton,23,MIN,SG,3,0,8,0,2,0,0,0,2,0,0,2,2,1,1,0,1,2,0
Quincy Olivari,23,LAL,PG,2,0,10,1,5,1,5,0,0,0,0,0,0,1,0,0,1,0,3
Yuri Collins,23,GSW,PG,2,0,16,1,3,0,0,1,3,0,0,2,1,4,2,0,0,5,2
Malevy Leons,25,OKC,SF,6,0,21,0,2,0,1,0,1,2,4,1,2,1,0,0,1,4,2
Daishen Nix,22,MIN,PG,3,0,13,0,1,0,1,0,0,1,2,0,4,3,0,0,4,1,1
Terence Davis,27,SAC,SG,1,0,8,0,2,0,1,0,1,0,0,0,1,1,0,0,0,0,0
Jesse Edwards,24,MIN,C,2,0,5,0,0,0,0,0,0,0,0,0,0,1,0,0,0,2,0
Mac McClung,26,ORL,SG,2,0,10,0,2,0,1,0,1,0,0,0,1,3,0,0,0,2,0
Jalen McDaniels,27,WAS,SF,4,0,7,0,0,0,0,0,0,0,0,0,0,1,1,0,0,0,0
Riley Minix,24,SAS,SF,1,0,7,0,1,0,1,0,0,0,0,0,2,0,0,0,0,0,0
Jahlil Okafor,29,IND,C,1,0,3,0,0,0,0,0,0,0,0,0,1,1,0,0,0,0,0
Zyon Pullin,23,MEM,SG,3,0,3,0,1,0,0,0,1,0,0,0,0,0,0,0,0,0,0
Isaiah Stevens,24,MIA,PG,3,0,6,0,2,0,1,0,1,0,0,0,2,0,1,0,0,0,0
Terry Taylor,25,SAC,PF,3,0,6,0,1,0,0,0,1,0,0,1,0,2,0,0,0,0,0
