rk,player,age,team,pos,g,gs,mp,fg,fga,fg_percent,x3p,x3pa,x3p_percent,x2p,x2pa,x2p_percent,e_fg_percent,ft,fta,ft_percent,orb,drb,trb,ast,stl,blk,tov,pf,pts,o_rtg,d_rtg,awards
41,A.J. Green,26,MIL,SG,78,68,2270,5.7,13.4,0.424,5,12,0.419,0.6,1.4,0.469,0.612,1.1,1.3,0.855,0.6,4,4.6,3.3,0.8,0.2,1.6,3.9,17.5,118,123,
457,A.J. Lawson,25,TOR,SG,24,0,226,7.3,16.8,0.436,4.1,9.7,0.422,3.2,7.1,0.455,0.558,3,3.9,0.778,1.9,7.3,9.3,1.5,2.6,0.9,1.3,5.8,21.8,117,111,
393,AJ Johnson,21,2TM,SG,48,0,454,5.9,18.3,0.324,1.2,5.9,0.211,4.7,12.4,0.378,0.358,3.5,4.2,0.85,1.5,4.3,5.7,4.9,1.1,0.3,3.1,3.1,16.7,88,123,
278,Aaron Gordon,30,DEN,PF,36,33,1005,9.6,19.3,0.497,3,7.6,0.389,6.7,11.7,0.568,0.574,6.1,7.9,0.767,2.5,7.7,10.1,4.7,1,0.5,1.8,3,28.3,127,118,
329,Aaron Holiday,29,HOU,PG,57,1,781,6.7,16.1,0.417,4.3,10.9,0.394,2.4,5.2,0.463,0.55,2.2,2.6,0.854,0.8,2.9,3.7,3.8,1.7,0.3,2.4,4.6,20,117,117,
206,Aaron Nesmith,26,IND,SF,45,42,1335,7.5,18.2,0.414,3.7,9.9,0.379,3.8,8.4,0.455,0.517,3.3,4,0.829,1.7,4.9,6.7,3.1,0.9,0.8,2.2,4.4,22.1,107,121,
187,Aaron Wiggins,27,OKC,SG,65,21,1414,7.9,18.3,0.431,3.3,9.2,0.356,4.6,9.1,0.508,0.521,1.8,2.5,0.736,1.4,5.4,6.8,3.7,2.1,1,2.8,2.8,20.9,104,109,
82,Ace Bailey,19,UTA,SF,72,61,1988,9.3,21.1,0.443,3.2,9.4,0.344,6.1,11.7,0.522,0.52,1.6,2.1,0.75,2.5,4.7,7.1,3.1,1.4,1.2,2.5,4.6,23.4,105,124,
452,Adama-Alpha Bal,22,MEM,SG,8,1,241,5.5,13.4,0.412,3.5,8.6,0.409,2,4.7,0.417,0.544,1.8,2,0.9,1.2,3.7,4.9,3.7,1.8,0.2,1.2,5.3,16.3,119,121,
225,Adem Bona,22,PHI,C,71,18,1234,5.1,8.6,0.595,0.1,0.2,0.333,5,8.4,0.603,0.6,3.1,4.4,0.708,5,7,12,1.3,1.2,3.2,2.2,6,13.5,123,114,
170,Ajay Mitchell,23,OKC,SG,57,16,1473,9.4,19.4,0.485,2,5.8,0.347,7.4,13.6,0.543,0.536,4.6,5.3,0.87,1.3,4.9,6.2,6.8,2.3,0.6,2.7,3.9,25.4,118,109,6MOY-5
287,Al Horford,39,GSW,C,45,13,969,6.9,16.2,0.426,3.7,10.3,0.361,3.2,6,0.538,0.54,1.1,1.3,0.846,2.2,8.8,11,5.8,1.5,2.6,2.1,2.6,18.6,116,113,
273,Alex Caruso,31,OKC,SG,56,0,1020,6,14.2,0.423,2.5,8.6,0.293,3.5,5.6,0.622,0.512,1.9,2.4,0.804,1.3,6,7.3,5.2,3.4,0.8,2.3,3.2,16.5,110,106,
215,Alex Sarr,20,WAS,C,48,48,1305,11.5,23.8,0.482,1.8,5.4,0.333,9.7,18.4,0.526,0.52,3.7,5.3,0.692,3.8,9.1,12.9,4.7,1.4,3.4,3,3.8,28.4,110,119,
25,Alperen Şengün,23,HOU,C,72,72,2398,12.1,23.4,0.519,0.8,2.7,0.305,11.3,20.7,0.547,0.537,5.4,7.8,0.691,4.5,8.9,13.3,9.3,1.8,1.6,4.7,5,30.5,118,111,AS
1,Amen Thompson,23,HOU,PG,79,79,2953,9.4,17.7,0.534,0.4,2,0.216,9,15.7,0.573,0.545,5.1,6.6,0.779,4,6.4,10.4,7.1,2,0.8,3.2,3,24.4,125,114,DPOY-8
385,Amir Coffey,28,2TM,SG,46,3,490,5.5,11.4,0.487,1.7,4.9,0.347,3.8,6.4,0.594,0.562,2.2,2.8,0.786,1.9,3.8,5.7,2.7,0.9,0.5,0.9,3,15,126,121,
226,Andre Drummond,32,PHI,C,63,25,1231,6.2,13.2,0.472,1.3,3.5,0.356,5,9.7,0.514,0.519,2.1,3.3,0.631,7.8,13,20.9,3.1,1.5,1.9,2.4,4.9,15.8,119,111,
406,Andre Jackson Jr.,24,MIL,SG,48,1,408,4.7,14.3,0.328,1.8,7.2,0.25,2.9,7.1,0.407,0.391,2.4,3.9,0.625,3,5.7,8.7,5.2,2.3,0.5,3.7,5.2,13.6,91,119,
115,Andrew Nembhard,26,IND,PG,57,57,1786,8.9,20,0.442,2.8,7.9,0.361,6,12.2,0.495,0.513,5.1,6.2,0.825,0.7,3.6,4.3,11.6,1.4,0.2,3.6,3.4,25.7,115,122,
68,Andrew Wiggins,30,MIA,SF,68,68,2063,8.8,18.5,0.475,3.1,7.5,0.414,5.7,11,0.516,0.559,2.9,3.6,0.784,2.6,4.8,7.4,4.1,1.7,1.6,2.3,3.5,23.5,117,115,
198,Anfernee Simons,26,2TM,SG,55,5,1372,10.4,23.7,0.44,5.3,13.8,0.385,5.1,9.8,0.517,0.552,2.5,2.8,0.896,1.1,3.8,4.9,4.9,1,0.3,2.5,3.4,28.7,117,118,
95,Anthony Black,22,ORL,PG,64,40,1910,8.7,19.4,0.447,2.5,7.5,0.333,6.2,11.9,0.519,0.512,4.2,5.8,0.732,1.2,5,6.1,5.9,2.3,1.1,3.3,4.3,24.1,108,114,
358,Anthony Davis,32,DAL,PF,20,20,626,12.7,25.2,0.506,0.8,2.8,0.27,12,22.4,0.535,0.521,4.4,6.1,0.728,4.7,12,16.7,4.2,1.7,2.5,3.1,3.2,30.7,111,111,
60,Anthony Edwards,24,MIN,SG,61,60,2137,13.5,27.5,0.489,4.6,11.5,0.399,8.9,16,0.554,0.572,7.8,9.8,0.796,0.8,5.9,6.7,5,1.9,1.1,3.9,2.6,39.3,117,114,"CPOY-3,AS"
290,Anthony Gill,33,WAS,PF,55,8,951,6.7,10.7,0.628,0.8,2.4,0.354,5.9,8.3,0.707,0.667,1.7,2.3,0.739,2.9,5,7.9,3.4,1.5,1,1.8,4.4,16,131,124,
380,Ariel Hukporti,23,NYK,C,54,5,498,4.5,8,0.563,0.1,0.4,0.25,4.4,7.6,0.579,0.569,2.6,3.3,0.788,5.6,10.3,15.8,2.9,0.9,2.6,3.2,6.7,11.6,118,111,
379,Asa Newell,20,ATL,PF,44,2,500,8.6,16,0.538,2.7,7.1,0.387,5.9,8.9,0.66,0.624,1.5,2.7,0.552,4.2,4.9,9.1,2.5,1.5,1.4,2.2,6.1,21.4,120,115,
98,Ausar Thompson,23,DET,SF,73,72,1896,7.7,14.7,0.525,0.2,0.6,0.25,7.6,14.1,0.537,0.53,2.8,4.9,0.571,3.8,6.8,10.7,5.8,3.7,1.8,2.8,5.1,18.4,115,105,"DPOY-3,DEF1"
121,Austin Reaves,27,LAL,SG,51,45,1762,10.3,21.1,0.49,3.3,9.1,0.36,7.1,12,0.588,0.567,9,10.3,0.871,0.9,5.7,6.7,7.8,1.6,0.6,4.2,3,32.9,123,118,
100,Ayo Dosunmu,26,2TM,SG,69,19,1881,9.7,18.7,0.517,3.1,7,0.439,6.6,11.7,0.563,0.599,3.2,3.6,0.876,1.2,4.8,5.9,6.2,1.5,0.5,2.4,3.3,25.6,124,119,6MOY-9
29,Bam Adebayo,28,MIA,C,73,73,2365,9.9,22.5,0.442,2.5,7.8,0.318,7.4,14.6,0.509,0.497,6.5,8.3,0.778,2.9,11.4,14.4,4.6,1.7,1,2.4,2.4,28.8,115,111,"DPOY-11,DEF2"
184,Baylor Scheierman,25,BOS,SG,77,20,1429,5.3,11.8,0.453,3.4,8.6,0.399,1.9,3.2,0.6,0.599,1,1.1,0.903,2,7.5,9.5,4.1,1.5,0.2,1.6,3.8,15.1,128,114,
295,Ben Saraf,19,BRK,SG,44,11,916,6.5,16.4,0.396,1,4.9,0.211,5.5,11.5,0.474,0.427,3.9,4.8,0.83,1.1,3.9,5,7.8,2.1,0.4,5.3,4.4,17.9,92,120,
193,Ben Sheppard,24,IND,SG,65,20,1390,5.7,13.2,0.434,2.9,7.9,0.362,2.9,5.3,0.542,0.543,1.3,1.7,0.765,1.5,5.2,6.7,3.9,1.3,0.2,1.4,3.9,15.7,114,121,
144,Bennedict Mathurin,23,2TM,SF,54,25,1620,8.7,20.3,0.43,2.2,7.1,0.315,6.5,13.1,0.492,0.485,8.7,10.1,0.869,1.6,7.1,8.8,3.9,1.3,0.4,3.5,4.1,28.4,111,119,
384,Bez Mbeng,22,UTA,SG,15,5,492,4.8,9.5,0.5,0.6,3,0.194,4.2,6.6,0.638,0.53,1.5,2.4,0.64,1.7,3.7,5.4,5.9,3.2,0.5,2.1,4.4,11.6,114,121,
172,Bilal Coulibaly,21,WAS,SG,56,56,1468,7.4,17.5,0.425,2.1,6.6,0.319,5.3,10.9,0.49,0.485,4.3,5.7,0.746,1.5,6.3,7.8,4.7,2.4,1.7,2.6,4.2,21.2,107,120,
440,Blake Hinson,26,UTA,SF,14,3,285,9.7,18.9,0.513,6.1,13,0.468,3.6,5.9,0.611,0.674,2,2.6,0.75,1.8,3.6,5.4,2.6,0.8,0.3,0.8,4,27.5,134,127,
417,Blake Wesley,22,POR,SG,31,0,361,7.4,16.4,0.452,1.3,4.8,0.278,6.1,11.6,0.523,0.492,3.4,6.2,0.553,1.1,4.1,5.2,8.2,2.1,0.7,4.1,4.5,19.6,104,116,
145,Bobby Portis,30,MIL,PF,67,9,1619,11.1,22.8,0.488,4.1,9,0.456,7,13.8,0.509,0.578,1.5,2.1,0.706,2.7,10.3,13,3.2,1.2,0.4,2,3.3,27.8,114,118,
394,Bogdan Bogdanović,33,LAC,SG,23,3,452,6.5,16.7,0.388,3.6,10.5,0.347,2.9,6.3,0.456,0.497,2.2,2.8,0.8,0.7,5.8,6.5,5.6,1.1,0.3,3,5.1,18.8,104,119,
239,Bones Hyland,25,MIN,PG,71,3,1177,8.6,19,0.453,4.7,12.1,0.388,3.9,6.9,0.568,0.577,2.6,3.3,0.78,0.9,4.2,5.2,7.6,1.8,0.7,2.8,4.9,24.5,120,116,
386,Branden Carlson,26,OKC,C,42,4,488,9.7,18.4,0.527,3.1,8.5,0.36,6.6,9.9,0.67,0.61,1.5,2.6,0.577,2.9,9.4,12.3,2.9,0.8,2.7,1.6,3.6,24,122,107,
33,Brandin Podziemski,22,GSW,SG,82,43,2333,8.2,18,0.455,3.2,8.6,0.371,5,9.4,0.531,0.543,4,5,0.797,1.5,7.2,8.7,6.3,1.8,0.3,2.7,2.8,23.5,117,116,
13,Brandon Ingram,28,TOR,SF,77,77,2604,11.5,24.1,0.477,2.5,6.6,0.382,9,17.5,0.512,0.529,5.5,6.7,0.82,1.2,6.9,8.1,5.3,1.1,1,3.5,2.8,31,110,114,AS
85,Brandon Miller,23,CHO,SF,65,65,1968,11.4,26.3,0.435,5.1,13.4,0.383,6.3,12.9,0.489,0.533,5,5.6,0.892,1.8,6.3,8,5.5,1.7,1.1,4.1,4.5,33,114,114,
174,Brandon Williams,26,DAL,PG,66,15,1463,9.4,19.9,0.472,1.2,5,0.232,8.2,14.9,0.552,0.501,7.8,9.8,0.793,1,5.2,6.2,8.3,2,0.6,4,3.3,27.7,112,117,
120,Brice Sensabaugh,22,UTA,SF,75,22,1762,10.5,22.8,0.46,4.3,11.8,0.367,6.2,11.1,0.559,0.554,4.4,5.4,0.826,1.5,4.7,6.2,3.8,1.4,0.3,3.3,3.8,29.7,111,124,
413,Bronny James,21,LAL,SG,42,1,375,6.1,15,0.409,2.9,7.4,0.386,3.3,7.6,0.431,0.504,0.8,0.9,0.857,0.7,2.3,3,6.6,2.5,0.5,3.3,3.6,15.9,102,118,
141,Brook Lopez,37,LAC,C,75,40,1635,7.1,16.5,0.428,3.5,9.6,0.36,3.6,6.8,0.524,0.533,1.7,2.3,0.757,1.4,6.9,8.3,3,1.4,2.6,1.9,4.7,19.3,110,115,
425,Brooks Barnhizer,23,OKC,SG,40,0,348,3.8,9.9,0.38,1,3.3,0.292,2.8,6.5,0.426,0.43,1,1.4,0.7,2.6,8.2,10.8,3.1,1.5,0.7,1.4,3.8,9.4,104,108,
78,Bruce Brown,29,DEN,SG,82,4,1998,6.1,12.7,0.475,1.4,3.6,0.385,4.7,9.1,0.511,0.53,2.3,3.1,0.762,2.1,5.7,7.8,4.2,2.1,0.5,2.2,4.8,15.9,113,117,
308,Bryce McGowens,23,NOP,SG,42,13,880,6.2,12.9,0.481,2.1,5.1,0.409,4.1,7.8,0.528,0.561,4,5.2,0.779,0.7,4.1,4.8,3.4,1.5,0.5,0.9,4.8,18.5,128,122,
40,Bub Carrington,20,WAS,PG,82,48,2271,6.5,15.5,0.424,3.5,8.6,0.408,3,6.8,0.443,0.538,1.7,2.3,0.73,0.7,5.1,5.8,7.9,1.1,0.4,4,3.8,18.3,105,126,
324,Buddy Hield,33,2TM,SG,51,3,819,8.4,19.3,0.437,4.4,12.5,0.349,4.1,6.8,0.6,0.55,1.8,2.2,0.811,1.6,5.3,6.9,4.2,2.3,0.5,2.8,3.4,23,109,116,
44,CJ McCollum,34,2TM,PG,76,60,2264,11,24.1,0.455,4,10.7,0.375,7,13.5,0.519,0.538,3.8,4.9,0.772,1.3,4,5.3,6.1,1.3,0.7,2.8,3,29.7,113,121,
57,Cade Cunningham,24,DET,PG,64,64,2172,12.2,26.5,0.461,2.8,8.1,0.342,9.4,18.3,0.514,0.513,6.9,8.5,0.812,1.2,6.7,7.9,14.1,2,1.2,5.3,4.4,34.1,117,110,"MVP-5,CPOY-4,AS,NBA1"
275,Caleb Love,24,POR,SG,49,1,1013,9,23.1,0.388,4.4,13.8,0.318,4.6,9.3,0.49,0.483,1.7,2.3,0.735,1.2,4.2,5.4,5.8,1.3,0.2,2.9,2.3,24,106,118,
315,Caleb Martin,30,DAL,SF,58,12,856,4.7,10.4,0.45,1.1,3.1,0.351,3.6,7.3,0.492,0.503,2,3.4,0.607,1.5,6.3,7.9,4.5,2.2,0.8,2.2,4.7,12.5,106,115,
388,Cam Christie,20,LAC,SG,55,0,480,5.5,14.4,0.381,1.2,5.1,0.245,4.2,9.3,0.456,0.424,3.9,5.2,0.76,2,6.1,8.1,3.2,1.7,0.3,2.3,2,16.2,102,118,
131,Cam Spencer,25,MEM,SG,72,20,1714,7.3,15.4,0.473,4,9,0.449,3.2,6.4,0.506,0.604,3.5,3.7,0.94,1.1,4,5.1,11.1,1.4,0.3,2.6,2.8,22.1,133,122,
307,Cam Thomas,24,2TM,SG,42,8,881,10.6,25.8,0.41,2.9,9.4,0.31,7.7,16.4,0.468,0.466,7.7,9.5,0.811,0.6,3.4,4,6.1,0.5,0.2,4.1,2.4,31.8,103,124,
423,Cam Whitmore,21,WAS,SF,21,0,354,10.3,22.6,0.456,2.1,7.5,0.286,8.2,15.1,0.54,0.503,3.1,4.1,0.742,2.5,5.2,7.8,2,2,1.1,2.4,3.3,25.8,104,123,
140,Cameron Johnson,29,DEN,SF,54,54,1647,6.8,14.1,0.48,3.3,7.6,0.43,3.5,6.5,0.539,0.596,2.8,3.3,0.839,1.3,4.8,6.1,3.9,1.2,0.6,1.4,3.7,19.6,127,120,
415,Cameron Payne,31,PHI,PG,22,1,374,7.2,19.2,0.376,4.1,12.5,0.33,3.1,6.7,0.462,0.483,2.5,2.8,0.864,0.4,5.3,5.7,7.5,3.1,0.9,1.4,3.9,21,115,114,
249,Caris LeVert,31,DET,SG,60,0,1154,6.8,16.4,0.417,2.5,7.5,0.333,4.3,8.8,0.488,0.494,2.4,3.5,0.679,1,3.9,4.9,6.7,2.1,1.7,3.4,3.8,18.6,105,111,
325,Carter Bryant,20,SAS,PF,71,0,818,6.3,15.6,0.408,3.1,9.1,0.335,3.3,6.5,0.509,0.506,1.8,2.5,0.714,2.2,8.2,10.5,2.8,0.9,1.4,1.9,5.5,17.5,108,112,
71,Cason Wallace,22,OKC,SG,77,58,2046,6,13.8,0.432,2.4,6.8,0.351,3.6,7,0.51,0.518,1.3,1.6,0.809,1.5,4.1,5.6,4.7,3.5,0.7,1.7,3.6,15.6,112,107,"DPOY-7,DEF2"
147,Cedric Coward,22,MEM,SG,62,47,1598,9,19.2,0.471,2.8,8.2,0.338,6.3,11.1,0.568,0.542,4.2,4.9,0.843,2.5,8.3,10.8,5.1,1.2,0.8,3.1,3.7,25,114,119,ROY-5
426,Chaney Johnson,23,BRK,SF,17,1,348,7.2,13.4,0.543,1.3,4.3,0.3,6,9.1,0.656,0.59,4,5,0.8,4.7,6.5,11.2,5.1,2.1,1.3,2.8,7.2,19.8,125,117,
447,Chaz Lanier,24,DET,SG,34,0,262,5.2,16.4,0.315,3.5,12.4,0.284,1.7,4.1,0.409,0.421,0.9,1.1,0.833,1.5,2.8,4.2,3.1,1.3,0,0.6,2.2,14.8,106,116,
79,Chet Holmgren,23,OKC,PF,69,69,1997,10.5,18.9,0.557,2.1,5.9,0.362,8.4,13,0.646,0.614,5.4,6.9,0.792,3.1,11.7,14.9,2.8,1,3.2,2.6,3.8,28.6,125,104,"DPOY-2,AS,NBA3,DEF1"
456,Chris Paul,40,LAC,PG,16,0,228,3.9,12.2,0.321,2.2,6.5,0.333,1.7,5.7,0.308,0.411,0.2,0.4,0.5,1.3,4.8,6.1,11.6,2.4,0,3.5,5,10.3,101,117,
189,Christian Braun,24,DEN,SG,44,44,1399,7,13.6,0.519,1.5,5,0.301,5.5,8.6,0.646,0.575,2.8,3.5,0.782,2.1,5.2,7.4,4.2,1,0.4,1.5,3.6,18.3,125,120,
421,Christian Koloko,25,3TM,C,27,4,357,4.1,9.8,0.419,0.1,1.2,0.111,4,8.6,0.462,0.426,1.3,2,0.667,4.1,6.6,10.7,2.4,1.9,3,2.1,6.4,9.7,100,114,
294,Clint Capela,31,HOU,C,75,3,926,6.4,12.2,0.52,0.1,0.1,0.5,6.3,12.1,0.52,0.522,2.4,4.2,0.577,8.6,10,18.6,2.7,1.9,3.4,2.2,4,15.2,122,108,
222,Coby White,25,2TM,SG,50,26,1249,10.6,23.8,0.446,4.4,12.1,0.362,6.2,11.6,0.534,0.539,7.5,9.2,0.817,0.6,5.8,6.5,7.6,1,0.2,4.9,4.2,33.1,113,120,
143,Cody Williams,21,UTA,SG,67,41,1631,6.8,14.6,0.468,0.8,3.8,0.214,6,10.9,0.556,0.495,2.4,3.4,0.706,1.8,3.9,5.7,3.9,1.5,0.7,2.1,3.5,16.9,107,124,
375,Cole Anthony,25,MIL,PG,35,0,527,9.1,21.6,0.424,2.1,6.7,0.306,7.1,14.8,0.478,0.472,1.5,2.4,0.615,1.5,6.6,8.1,11.3,1.9,1,6.1,6.8,21.8,96,118,
39,Collin Gillespie,26,PHO,PG,80,58,2282,7.6,18.2,0.418,5,12.5,0.401,2.6,5.7,0.455,0.556,1.6,1.9,0.874,1.9,5.2,7.1,8,2.1,0.3,2.7,2.8,21.9,121,115,
223,Collin Murray-Boyles,20,TOR,PF,57,22,1246,7.7,13.4,0.579,0.7,2,0.34,7.1,11.4,0.62,0.604,2.8,4.2,0.657,5.2,5.9,11.2,4.1,2,2.1,2.3,5.8,18.9,125,112,
146,Collin Sexton,27,2TM,SG,68,22,1614,10.8,22.2,0.485,3.4,8.4,0.401,7.4,13.9,0.536,0.561,6.5,7.6,0.855,1.2,3.4,4.6,6.7,2.3,0.3,4.2,4.3,31.5,117,117,
30,Cooper Flagg,19,DAL,SF,70,70,2344,11.3,24,0.468,1.4,4.9,0.295,9.8,19.1,0.513,0.498,5.7,6.9,0.827,1.7,7.6,9.4,6.4,1.7,1.3,3.2,2.9,29.6,110,115,ROY-1
267,Corey Kispert,26,2TM,SF,58,10,1080,8.1,17.2,0.467,3.8,10.4,0.367,4.2,6.9,0.618,0.577,3.4,4.2,0.794,1.2,4.6,5.8,4,0.7,0.4,2,2.6,23.3,119,121,
446,Cormac Ryan,27,MIL,SG,11,2,271,9.6,18.5,0.52,4.9,10.7,0.458,4.7,7.8,0.605,0.652,4.4,4.7,0.923,1.5,3.6,5.1,3.4,2,0.5,3.1,4.9,28.5,123,121,
251,Craig Porter Jr.,25,CLE,PG,64,3,1148,4.9,10.8,0.45,1.4,3.9,0.355,3.5,6.9,0.503,0.514,1,1.7,0.6,3.6,5.7,9.2,8.6,2.4,1.6,2.5,2.9,12.1,121,114,
382,D'Angelo Russell,29,DAL,PG,26,3,495,9,22.1,0.405,3.1,10.7,0.295,5.8,11.4,0.508,0.476,4.1,5.7,0.717,0.8,5.1,5.8,9.9,1.1,0.2,4.7,2.9,25.2,102,119,
463,DaRon Holmes,23,DEN,PF,25,6,210,7.2,14.2,0.508,4.6,10.5,0.444,2.6,3.7,0.688,0.672,2.6,3.3,0.786,1.9,6.3,8.1,3.7,0.2,1.4,2.8,4.4,21.6,124,120,
318,Daeqwon Plowden,27,SAC,SG,32,7,844,6.9,16,0.43,3.6,10.7,0.333,3.3,5.3,0.624,0.541,2.4,2.8,0.857,1.9,3.7,5.6,2.3,1.3,0.4,1.5,4.5,19.7,116,124,
369,Dalen Terry,23,2TM,SG,48,0,551,5.8,13.3,0.439,2.1,5.7,0.364,3.8,7.6,0.494,0.516,1.4,2.6,0.533,2.2,5.1,7.4,5.7,2.5,1.3,2.2,4.2,15.1,110,116,
367,Dalton Knecht,24,LAL,SF,54,1,553,7.7,16.9,0.455,3.4,9.8,0.342,4.3,7.1,0.613,0.555,1.4,1.9,0.727,1.2,5.4,6.6,1.9,1,1,2,4,20.1,108,119,
234,Daniel Gafford,27,DAL,C,55,44,1195,8.2,12.5,0.655,0,0,NA,8.2,12.5,0.655,0.655,4.3,6.4,0.683,5.4,9.5,14.9,2.3,1.7,2.7,2.5,5.7,20.7,129,112,
175,Daniss Jenkins,24,DET,PG,72,19,1455,7.7,18.9,0.408,2.4,6.5,0.374,5.3,12.4,0.426,0.473,4.5,5.4,0.832,1.7,3.8,5.5,9.2,2.1,0.5,3.8,3.6,22.3,111,113,
235,Danny Wolf,21,BRK,PF,57,15,1187,7.4,18.3,0.405,2.8,8.8,0.322,4.6,9.5,0.48,0.482,3.5,4.5,0.771,2.4,9.3,11.7,5.3,1.2,1.3,3,5.2,21.2,105,118,
205,Darius Garland,26,2TM,PG,45,43,1344,11.2,24.4,0.46,4.4,11.2,0.396,6.8,13.2,0.514,0.551,3.8,4.4,0.861,0.7,3.2,3.9,10.9,1.6,0.3,4.7,3,30.6,115,119,
77,Davion Mitchell,27,MIA,PG,70,70,2000,6.1,12.4,0.49,2.1,5.3,0.395,4,7.1,0.561,0.574,1,1.5,0.646,0.7,3.6,4.3,10.5,1.6,0.3,2.5,4.2,15.2,122,118,
245,Day'Ron Sharpe,24,BRK,C,62,7,1160,9.1,15.2,0.601,0.4,1.7,0.231,8.7,13.5,0.647,0.614,4.4,6.5,0.678,7.3,10.3,17.6,6.2,2.9,1.1,4.5,6.3,23,121,114,
49,De'Aaron Fox,28,SAS,PG,72,72,2231,11,22.5,0.486,2.8,8.5,0.332,8.1,14,0.58,0.549,4,5.3,0.76,0.9,4.9,5.8,9.6,1.9,0.4,3.5,3.5,28.8,117,113,AS
240,De'Andre Hunter,28,2TM,SF,45,25,1176,8.5,20.5,0.415,3.1,10.1,0.305,5.4,10.4,0.522,0.49,5.1,5.8,0.867,1.2,6.3,7.6,3.7,1.2,0.2,3.1,4.6,25.1,107,118,
257,De'Anthony Melton,27,GSW,PG,49,24,1125,9.3,22.8,0.407,3.1,10.6,0.294,6.2,12.2,0.505,0.475,4.3,5.2,0.826,1.7,5.1,6.8,5.4,3.3,0.9,3.9,3.9,25.9,102,113,
455,DeJon Jarreau,28,MEM,SG,11,0,231,6.8,17,0.398,0.8,6.2,0.133,5.9,10.9,0.547,0.422,3.7,4.7,0.783,2.5,8,10.5,7.4,2.1,1.6,5.3,5.7,18,93,116,
24,DeMar DeRozan,36,SAC,PF,77,77,2406,10,20.2,0.497,0.9,3,0.32,9.1,17.2,0.527,0.52,7.5,8.7,0.868,0.7,3.8,4.5,6.4,1.6,0.5,1.9,3,28.5,124,124,
212,Dean Wade,29,CLE,PF,59,38,1318,4.4,10.1,0.439,2.6,7.1,0.362,1.9,3,0.622,0.567,1,1.4,0.711,1.9,7.1,9,3.2,1.6,0.8,0.6,3.3,12.5,130,115,
87,Deandre Ayton,27,LAL,C,72,72,1958,10,15,0.671,0,0,NA,10,15,0.671,0.671,2.3,3.5,0.645,4.6,9.7,14.3,1.5,1,1.7,2.1,3.9,22.4,129,115,
410,Dejounte Murray,29,NOP,PG,14,14,389,10.8,22.4,0.484,2.3,7.6,0.306,8.5,14.8,0.575,0.536,4.8,5.5,0.867,0.5,8.7,9.2,10.9,2.8,0.4,5.8,4.1,28.8,109,116,
55,Deni Avdija,25,POR,SF,66,66,2199,10.7,23.1,0.462,2.7,8.5,0.318,8,14.6,0.547,0.521,10.6,13.2,0.802,1.6,8.3,9.9,9.6,1.1,0.9,5.5,3.6,34.7,119,115,AS
134,Dennis Schröder,32,2TM,PG,70,17,1697,7.3,17.9,0.405,2.1,6.5,0.329,5.1,11.4,0.449,0.465,4.9,5.8,0.834,0.9,4.5,5.4,9.7,1.6,0.3,3.5,3.1,21.5,111,121,
74,Derik Queen,21,NOP,C,81,48,2023,8.4,17.7,0.473,0.5,2.1,0.261,7.8,15.6,0.502,0.489,5.1,6.5,0.795,3.2,10.3,13.5,7,2,1.7,4.5,5.1,22.4,108,115,
204,Derrick Jones Jr.,28,LAC,SF,50,45,1350,7,14,0.499,2,5.6,0.359,4.9,8.3,0.593,0.571,2.6,3.4,0.763,2.2,4.1,6.4,2.5,1.7,1.8,1.5,3.8,18.6,122,117,
10,Derrick White,31,BOS,SG,77,77,2625,8.4,21.4,0.394,4,12.3,0.327,4.4,9,0.487,0.489,3.5,3.9,0.902,1.7,4.9,6.5,8,1.7,1.9,2.6,2.3,24.4,117,113,"DPOY-6,DEF1"
3,Desmond Bane,27,ORL,SG,82,82,2756,10.2,21,0.484,2.9,7.4,0.391,7.2,13.6,0.535,0.553,5.5,6,0.908,1.7,4.2,5.9,5.9,1.5,0.6,2.9,4.4,28.7,120,117,
59,Devin Booker,29,PHO,SG,64,64,2146,12.6,27.6,0.456,2.8,8.5,0.33,9.8,19.1,0.512,0.507,10.5,12,0.873,1.1,4.6,5.7,8.9,1.2,0.4,4.6,3.9,38.4,119,117,AS
344,Devin Carter,23,SAC,PG,38,12,700,8.4,20.2,0.414,2.1,7.9,0.263,6.3,12.3,0.511,0.466,4.6,6.5,0.713,2.5,6.2,8.6,7,2.3,0.6,3.7,3.5,23.4,104,120,
72,Devin Vassell,25,SAS,SG,67,65,2044,7.8,17.7,0.437,3.9,10.2,0.384,3.9,7.6,0.508,0.547,2.5,3.1,0.815,0.9,5.4,6.3,3.9,1.3,0.6,1.4,2.5,21.9,118,114,
133,Dillon Brooks,30,PHO,SF,56,56,1702,12.1,27.8,0.435,3.7,10.7,0.344,8.4,17.1,0.492,0.501,4.9,5.9,0.842,1.2,4.6,5.9,2.9,1.7,0.3,2.8,5.3,32.8,108,116,
366,Domantas Sabonis,29,SAC,C,19,15,564,10.3,19,0.543,0.4,2.3,0.185,9.9,16.6,0.593,0.554,4.8,6.6,0.727,5.5,13,18.5,6.7,1.5,0.3,4.4,5.7,25.8,115,118,
137,Dominick Barlow,22,PHI,PF,71,59,1689,6.1,11.4,0.539,0.6,2.3,0.256,5.5,9.1,0.612,0.565,2.7,3.7,0.718,3.8,5.9,9.7,2.5,1.8,1.5,1.6,4.3,15.6,124,116,
65,Donovan Clingan,21,POR,C,77,77,2094,8.1,15.6,0.52,1.9,5.6,0.341,6.2,10,0.621,0.582,3.1,4.6,0.68,7.9,12.4,20.3,3.7,1,3,2.2,4.2,21.3,131,110,
31,Donovan Mitchell,29,CLE,SG,70,70,2342,13.9,28.8,0.483,4.6,12.6,0.364,9.3,16.1,0.577,0.563,7.6,8.8,0.865,1,5.5,6.5,8.2,2.1,0.4,4.1,3.3,40.1,121,116,"MVP-7,AS,NBA2"
21,Donte DiVincenzo,29,MIN,SG,82,82,2494,6.5,16,0.406,4.7,12.3,0.379,1.8,3.7,0.497,0.552,1.5,2,0.743,1.3,5.1,6.4,6,2,0.7,2.3,3.8,19.1,116,115,
359,Dorian Finney-Smith,32,HOU,PF,37,1,620,3.5,10.6,0.333,2.2,8.1,0.27,1.4,2.6,0.531,0.436,0.6,0.7,0.889,2.8,4.7,7.5,2.9,1.3,0.5,1.8,4.9,9.9,105,117,
398,Doug McDermott,34,SAC,SF,29,0,439,5.9,15.3,0.388,5.3,13.6,0.39,0.7,1.8,0.375,0.561,0.9,1,0.889,0.8,3.3,4.1,2.4,0.7,0.4,1.4,3.1,18.1,113,126,
210,Drake Powell,20,BRK,SG,63,24,1320,5.4,13.4,0.402,1.9,6.8,0.28,3.5,6.6,0.528,0.473,2.6,2.9,0.896,0.8,3.4,4.2,3.4,1.3,0.5,2.2,3.3,15.3,102,122,
102,Draymond Green,35,GSW,PF,68,68,1869,5.3,12.7,0.418,2.6,8,0.326,2.7,4.7,0.575,0.52,1.5,2.2,0.702,1.4,8.3,9.7,9.8,1.6,1.1,4.7,5.1,14.8,104,115,DPOY-11
368,Drew Eubanks,28,SAC,C,42,11,552,8.1,13.7,0.596,0.1,0.6,0.143,8.1,13.1,0.617,0.599,2.8,5,0.561,3.4,7.7,11.1,1.7,1.3,2.3,2.6,5,19.2,112,120,
454,Drew Timme,25,LAL,PF,27,1,235,7.9,13.7,0.576,2.3,5.2,0.44,5.6,8.5,0.659,0.659,1,1.9,0.556,2.1,4.8,6.9,4.8,1.2,0,2.7,4.2,19.1,121,120,
253,Dru Smith,28,MIA,SG,70,1,1141,5.5,13.2,0.415,1.5,5.2,0.295,3.9,8,0.495,0.474,3.5,4.3,0.829,2.5,4.5,7,7.3,4.1,0.9,2.2,4.4,16.1,118,110,
63,Duncan Robinson,31,DET,SG,77,77,2113,7.3,16,0.456,5,12.3,0.41,2.2,3.7,0.605,0.613,1.9,2.5,0.755,0.7,4,4.7,3.6,1,0.5,1.2,3.8,21.5,129,115,
448,Duop Reath,29,POR,C,32,0,258,6.1,13.7,0.446,4.3,10.2,0.418,1.9,3.5,0.526,0.601,0.9,1.1,0.833,1.9,5.2,7,1.9,0.9,1.5,1.3,5.2,17.4,125,117,
302,Dwight Powell,34,DAL,C,63,12,904,3.4,5.3,0.644,0.1,0.4,0.286,3.3,4.9,0.67,0.653,4.1,5.8,0.696,5,8.4,13.4,3.5,1.8,1.1,2.1,6.9,11,135,115,
301,Dylan Cardwell,24,SAC,C,44,1,907,5.6,9.5,0.587,0.1,0.2,0.5,5.5,9.3,0.589,0.592,1.4,2.7,0.51,7.8,9.9,17.7,3.3,1.6,3.6,2.1,8.6,12.7,127,116,
154,Dylan Harper,19,SAS,SG,69,4,1558,10.2,20.2,0.505,1.9,5.5,0.343,8.3,14.7,0.565,0.551,2.8,3.7,0.756,1.7,5.5,7.2,8.2,1.7,0.7,3.1,4.3,25.1,117,113,"ROY-4,6MOY-11"
19,Dyson Daniels,22,ATL,SG,76,76,2520,7.5,14.6,0.517,0.4,2.2,0.188,7.1,12.4,0.576,0.532,1.4,2.3,0.615,3.4,6.3,9.7,8.4,2.8,0.6,2.5,3.1,16.9,119,112,"DPOY-9,DEF2"
424,E.J. Liddell,25,BRK,PF,26,5,349,7.7,15.7,0.486,2.6,7.4,0.346,5.1,8.4,0.61,0.568,3,3.7,0.808,2,7.8,9.8,3.4,0.9,1.4,2.1,6.4,20.8,116,119,
214,Egor Dёmin,19,BRK,PG,52,45,1308,6.8,17,0.399,4.7,12.2,0.385,2.1,4.8,0.433,0.537,2,2.5,0.831,0.8,5.4,6.2,6.5,1.6,0.6,3.3,3.5,20.3,107,120,
371,Elijah Harkless,25,UTA,SG,26,9,545,4.6,13.9,0.335,1.8,7.6,0.239,2.8,6.3,0.452,0.401,4.2,5.5,0.766,0.9,3.7,4.6,6.5,2.7,0.5,2.2,4.5,15.3,104,122,
353,Ethan Thompson,26,IND,SG,32,13,653,5.4,14.3,0.378,2.8,8.4,0.328,2.6,5.8,0.45,0.474,2.7,3.4,0.787,1.2,3.8,5,4.1,1.5,0.7,1.8,5,16.2,106,121,
67,Evan Mobley,24,CLE,PF,65,63,2074,10.9,19.9,0.546,1.4,4.8,0.297,9.4,15.1,0.626,0.582,4.2,6.9,0.606,3.6,10,13.6,5.4,1.1,2.6,2.8,3.7,27.3,120,113,
274,Franz Wagner,24,ORL,SF,34,32,1019,11.5,23.9,0.481,2.3,6.6,0.345,9.2,17.3,0.533,0.529,7.7,9.3,0.823,2,6.3,8.3,5.3,1.5,0.5,2.7,3.4,32.9,118,116,
238,GG Jackson II,21,MEM,PF,55,28,1178,10.3,20.7,0.496,2.6,7.8,0.332,7.7,12.9,0.595,0.558,4.5,6.1,0.742,2,7.5,9.5,3.3,1.2,1.8,3.4,3,27.6,109,118,
309,Gabe Vincent,29,2TM,PG,53,7,879,4.2,11.9,0.352,3.2,9.5,0.341,0.9,2.4,0.395,0.488,1.1,1.3,0.87,0.9,2,3,4.2,1.5,0.2,1.5,4.3,12.7,109,120,
352,Gary Harris,31,MIL,SG,48,2,661,3.4,7.7,0.442,2.1,5.1,0.412,1.3,2.7,0.5,0.577,0.6,0.7,0.889,1.2,3.3,4.5,3.8,2,0.7,1.4,3.9,9.5,119,121,
252,Gary Payton II,33,GSW,SG,73,1,1142,10.3,17.6,0.583,1.6,5.4,0.291,8.7,12.2,0.712,0.628,1.1,1.7,0.65,4.3,7,11.2,5.2,2.8,0.9,2.6,5.6,23.2,124,113,
196,Gary Trent Jr.,27,MIL,SG,65,21,1377,6.5,16.9,0.387,4.4,12.2,0.36,2.1,4.7,0.458,0.517,1.4,1.9,0.769,0.3,2.1,2.4,2.8,1.2,0.1,1.5,3,18.9,105,124,
270,Giannis Antetokounmpo,31,MIL,PF,36,36,1039,17.7,28.3,0.624,0.7,2.1,0.333,16.9,26.2,0.647,0.636,11,16.9,0.65,4.6,12,16.7,9.3,1.6,1.1,5.4,4.1,47,125,115,AS
285,Goga Bitadze,26,ORL,C,64,3,972,7.5,11.1,0.676,0.1,0.5,0.182,7.4,10.6,0.701,0.68,3.4,4.8,0.711,6.8,9,15.8,4.2,1.8,3,2.1,6.7,18.5,140,110,
269,Gradey Dick,22,TOR,SG,76,1,1067,7.4,17.6,0.419,2.6,8.5,0.301,4.8,9,0.53,0.492,3.5,4,0.875,1.9,4.8,6.7,2.3,2.1,0.3,2,4.6,20.8,108,114,
341,Grant Williams,27,CHO,PF,36,3,711,5.4,12.8,0.426,3.6,9.3,0.388,1.8,3.4,0.531,0.568,3.1,3.8,0.815,3.2,6.7,9.9,3.9,1.2,1.3,2.2,3.9,17.6,126,115,
173,Grayson Allen,30,PHO,SG,51,27,1467,9.1,22.5,0.403,5.4,15.3,0.349,3.7,7.1,0.519,0.522,4.8,5.7,0.857,1.2,4,5.2,6.6,2.3,0.4,2.8,3.9,28.3,118,115,
277,Guerschon Yabusele,30,2TM,C,67,19,1007,5.9,14.8,0.401,3.3,9.3,0.352,2.7,5.5,0.483,0.511,2.6,3.4,0.75,2.7,8.4,11.1,3,1.2,0.8,1.9,3.8,17.7,112,116,
190,Gui Santos,23,GSW,PF,68,30,1395,8,16,0.5,2.7,7.7,0.351,5.3,8.3,0.639,0.585,3,4.2,0.725,2.6,6.6,9.2,5.5,2.1,0.8,3.5,4.9,21.7,115,115,
83,Harrison Barnes,33,SAS,PF,77,52,1986,6.3,13.9,0.456,3.4,8.7,0.388,3,5.2,0.567,0.577,2.5,3,0.829,1.5,3.7,5.2,3.6,1.2,0.3,1.5,2.1,18.5,124,115,
149,Herbert Jones,27,NOP,SF,56,56,1588,5.5,14.4,0.383,2.4,7.8,0.309,3.1,6.6,0.47,0.467,1.5,1.9,0.806,1.4,4.3,5.7,4.7,2.7,0.8,2.2,5.3,14.9,103,119,
264,Hugo González,19,BOS,SF,74,3,1084,5.5,11.5,0.476,2,5.4,0.362,3.5,6.1,0.577,0.561,0.6,1.2,0.5,2.9,8.6,11.5,1.9,2,1,1.8,5.8,13.5,114,111,
50,Immanuel Quickley,26,TOR,PG,70,70,2231,8.8,19.8,0.443,3.9,10.4,0.374,4.9,9.4,0.52,0.541,3.7,4.5,0.821,0.8,5.3,6.2,9.1,2,0.1,2.2,3.1,25.1,121,114,
135,Isaac Okoro,25,CHI,SG,63,62,1695,5.8,12.7,0.46,2,6.1,0.33,3.8,6.6,0.58,0.539,2.5,3.1,0.795,1.9,2.9,4.8,2.8,1.3,0.8,1.3,4.5,16.1,118,121,
161,Isaiah Collier,21,UTA,PG,59,19,1517,7.9,15.9,0.495,0.8,3.1,0.27,7.1,12.8,0.549,0.521,4.7,6.5,0.722,0.6,4,4.6,13.1,2,0.6,4.6,4.3,21.3,114,123,
254,Isaiah Hartenstein,27,OKC,C,47,46,1137,7.8,12.6,0.622,0,0.3,0,7.8,12.3,0.637,0.622,2.7,4.5,0.61,6.3,12.5,18.8,7.1,2,1.5,3.5,5,18.4,127,103,
300,Isaiah Jackson,24,2TM,C,55,14,908,8,12.6,0.637,0,0.2,0,8,12.4,0.645,0.637,3.6,5.6,0.648,6,9.4,15.4,2.8,1.9,2.6,3.1,7.8,19.6,123,113,
162,Isaiah Joe,26,OKC,SG,71,9,1507,7.9,17.4,0.455,5.8,13.7,0.423,2.1,3.7,0.574,0.622,3.5,3.9,0.894,1.1,4.7,5.8,3,1.6,0.4,1.4,3.9,25.2,128,111,
427,Isaiah Livers,27,PHO,PF,36,0,347,3.1,9.1,0.344,1.7,5.7,0.3,1.4,3.4,0.417,0.438,1.3,1.7,0.75,2.7,6,8.7,3,1.9,1.1,1.7,4,9.3,106,114,
213,Isaiah Stewart,24,DET,C,58,13,1317,8.1,14.8,0.55,1.5,4.4,0.333,6.6,10.4,0.642,0.6,3.6,4.8,0.756,3.5,7.1,10.6,2.4,0.6,3.4,2.5,6.1,21.3,123,110,6MOY-7
178,Ivica Zubac,28,2TM,C,48,47,1446,9.9,16.5,0.598,0,0,NA,9.9,16.5,0.598,0.598,3.5,4.9,0.711,5.6,11.9,17.4,3.6,0.6,1.4,2.9,3.8,23.2,123,115,
459,JD Davison,23,HOU,PG,28,0,218,5.5,14.7,0.375,1.8,7.3,0.25,3.7,7.3,0.5,0.438,3,4.4,0.684,0.7,7.1,7.8,8,1.4,1.4,1.6,3.9,15.8,116,114,
365,Ja Morant,26,MEM,PG,20,20,569,11,26.8,0.41,1.7,7.1,0.235,9.3,19.7,0.473,0.441,8.7,9.7,0.897,0.7,4.7,5.4,13.4,1.7,0.5,5.9,3.3,32.4,107,121,
168,Ja'Kobe Walter,21,TOR,SG,72,19,1474,6,13.4,0.446,3.6,8.9,0.409,2.3,4.5,0.519,0.582,2.3,3,0.789,1.9,4.3,6.1,2.8,2.4,0.5,1.2,5.4,17.9,123,114,
5,Jabari Smith Jr.,22,HOU,PF,77,77,2705,8.1,18,0.45,3.3,9,0.363,4.8,9,0.537,0.541,3,3.9,0.775,2,7.8,9.8,2.6,1,1.3,1.9,3.5,22.4,120,114,
332,Jabari Walker,23,PHI,PF,64,6,762,6.1,13.5,0.455,2,6,0.337,4.1,7.5,0.551,0.531,3.2,4.3,0.735,4.6,7.6,12.2,2.2,1.5,0.8,1.7,6.5,17.5,120,116,
304,Jaden Hardy,23,2TM,SG,57,4,898,9.6,22.6,0.424,5.5,13.8,0.397,4.1,8.8,0.467,0.545,2.9,3.9,0.733,0.8,3.7,4.5,3.1,0.8,0.3,3.3,4.7,27.5,104,124,
350,Jaden Ivey,23,2TM,SG,37,5,670,8.2,18.4,0.445,3.6,9.6,0.373,4.6,8.8,0.525,0.543,2.7,3.4,0.809,1.7,4.8,6.5,4.9,1.7,1,2.9,3.8,22.7,113,114,
35,Jaden McDaniels,25,MIN,PF,73,73,2316,8.6,16.7,0.515,2.1,5.2,0.412,6.5,11.5,0.562,0.579,3,3.6,0.835,1.6,4.8,6.4,4.1,1.7,1.5,2.7,5,22.3,117,114,
408,Jae'Sean Tate,30,HOU,SF,46,1,405,6.9,13.4,0.514,1.2,3.9,0.313,5.7,9.5,0.597,0.56,0.9,1.4,0.636,4.1,4.9,9,3.1,1.2,0.4,2,5.9,15.9,120,117,
348,Jahmai Mashack,23,MEM,SG,31,7,673,5.4,13.7,0.395,1.3,5.3,0.253,4.1,8.4,0.483,0.444,1.3,2.5,0.543,1.6,4.1,5.7,4.9,2.6,1,3.4,4.7,13.5,90,118,
62,Jaime Jaquez Jr.,24,MIA,SF,75,1,2121,10.2,20,0.507,1.3,4,0.317,8.9,16,0.555,0.539,3.6,4.7,0.769,2.1,6.1,8.2,7.7,1.1,0.5,3.3,3,25.2,115,117,6MOY-2
69,Jake LaRavia,24,LAL,PF,82,43,2061,5.7,12.4,0.459,1.8,5.8,0.321,3.8,6.6,0.579,0.533,2.7,3.6,0.763,2.7,5,7.7,3.4,2.5,0.9,2.1,4.6,16,116,116,
250,Jakob Poeltl,30,TOR,C,46,44,1149,9.2,13.2,0.7,0,0,NA,9.2,13.2,0.7,0.7,2.5,4.2,0.602,4.8,8.9,13.7,3.9,1.7,1.4,2.4,6.2,20.9,132,111,
15,Jalen Brunson,29,NYK,PG,74,74,2590,13.2,28.2,0.467,3.7,10.1,0.369,9.5,18.1,0.522,0.533,6.8,8.1,0.841,0.6,4.1,4.7,9.6,1.1,0.2,3.4,3.3,36.9,122,117,"CPOY-5,AS,NBA2"
84,Jalen Duren,22,DET,C,70,70,1976,12.8,19.7,0.65,0,0,NA,12.8,19.7,0.65,0.65,7.9,10.5,0.747,6.5,11.6,18,3.4,1.4,1.4,3.2,4.8,33.4,134,108,"DPOY-11,AS,NBA3"
322,Jalen Green,23,PHO,SG,32,27,828,12.9,30.5,0.422,4.2,13.5,0.313,8.7,17,0.509,0.491,3.9,5.2,0.747,1,6,6.9,5.4,2,0.5,4.3,2.5,33.9,102,115,
18,Jalen Johnson,24,ATL,SF,72,72,2532,11.2,22.9,0.489,2.2,6.4,0.352,9,16.5,0.541,0.537,5.6,7.1,0.788,1.9,11.9,13.8,10.6,1.7,0.6,4.6,2.8,30.2,116,111,"AS,NBA3"
327,Jalen Pickett,26,DEN,SG,50,18,807,5.9,14,0.422,3,7.7,0.386,3,6.3,0.467,0.528,0.9,1.1,0.789,1.1,5.8,6.9,7,0.8,0.3,2.1,2.5,15.7,115,120,
432,Jalen Slawson,26,IND,SF,13,6,311,5.2,11.8,0.442,2.3,6.1,0.375,2.9,5.7,0.514,0.539,1.8,2.6,0.706,1.1,7.6,8.7,5.5,3.1,2.1,2.6,4.1,14.5,108,113,
262,Jalen Smith,25,CHI,C,53,21,1095,8.3,17.3,0.483,3.5,9.4,0.373,4.8,7.9,0.614,0.584,2.9,4,0.742,4.2,11,15.2,2.8,1,1.8,2.3,4.7,23.1,119,116,
150,Jalen Suggs,24,ORL,PG,57,56,1574,8.6,19.8,0.435,3.7,11,0.339,4.9,8.8,0.554,0.529,3.1,3.6,0.855,1.1,5.6,6.7,9.5,3.2,1.2,4.6,4.4,24,108,111,
292,Jalen Williams,24,OKC,SG,33,33,936,11.2,23,0.484,1.2,4,0.299,10,19.1,0.523,0.51,5.6,6.7,0.837,1.4,6.5,7.9,9.4,2,0.5,3.3,3.4,29.1,116,109,
314,Jalen Wilson,25,BRK,PF,54,2,859,6.3,16,0.396,3.1,8.8,0.355,3.2,7.3,0.444,0.493,4,5.5,0.719,1,5.6,6.6,2.9,1.3,0.1,2.2,4.9,19.7,105,121,
387,Jamal Cain,26,ORL,SF,40,1,486,7.3,15,0.487,2.8,7.2,0.384,4.5,7.8,0.582,0.579,3.9,4.5,0.848,2.8,4.9,7.7,2.9,1.1,0.4,1.9,5.2,21.2,124,117,
9,Jamal Murray,28,DEN,PG,75,75,2652,12.1,25,0.483,4.5,10.4,0.435,7.6,14.7,0.517,0.573,6.4,7.2,0.887,0.6,5.5,6.1,9.8,1.2,0.5,3.1,2.4,35.1,126,119,"CPOY-2,AS,NBA3"
105,Jamal Shead,23,TOR,PG,82,12,1852,4.9,13.3,0.367,2.2,6.9,0.321,2.7,6.4,0.417,0.45,2.4,3.1,0.784,0.7,3.1,3.8,11.7,2,0.4,2.9,4.3,14.4,111,116,6MOY-12
354,Jamaree Bouyea,26,PHO,PG,46,1,644,8.3,18.1,0.458,1.8,6,0.295,6.5,12.1,0.538,0.506,1.8,2.7,0.686,1.4,4.9,6.3,6.3,2.2,1.2,2.3,2.9,20.2,112,114,
23,James Harden,36,2TM,PG,70,70,2438,9.8,22.6,0.434,4.3,11.5,0.375,5.5,11.1,0.495,0.529,9.3,10.6,0.884,0.8,6,6.8,11.2,1.6,0.6,4.9,2.8,33.3,120,117,
272,Jamir Watkins,24,WAS,SG,50,7,1032,6.1,13.6,0.446,2.2,7.3,0.297,3.9,6.3,0.616,0.525,2.6,3.8,0.695,2.2,6.7,8.9,3.1,2.5,1.1,1.8,5.9,16.9,113,120,
378,Jamison Battle,24,TOR,SF,61,2,517,7,13.7,0.51,3.3,8,0.412,3.7,5.7,0.65,0.631,0.8,1.3,0.643,1.9,6.5,8.4,2.3,0.7,0.3,1.8,4,18.1,118,117,
88,Jarace Walker,22,IND,PF,76,41,1953,7.5,17.8,0.419,3.2,8.7,0.374,4.2,9.2,0.462,0.51,3.3,4.5,0.749,1.2,8.3,9.5,4.7,1.5,0.6,3.4,3,21.5,102,118,
246,Jared McCain,21,2TM,SG,67,3,1160,8.5,20,0.425,4.1,10.7,0.385,4.4,9.3,0.471,0.528,2.1,2.5,0.864,1,4.7,5.7,3.7,1.5,0.2,2.3,3.4,23.2,108,115,
176,Jaren Jackson Jr.,26,2TM,C,48,48,1454,11.1,23.4,0.476,2.7,7.7,0.357,8.4,15.8,0.533,0.534,5.3,6.6,0.803,1.4,7.5,8.9,3.1,1.7,2.2,3.5,5.8,30.3,107,117,
256,Jarred Vanderbilt,26,LAL,PF,65,3,1128,4.9,10.4,0.471,1.3,4.3,0.293,3.6,6.1,0.596,0.531,1.4,2.4,0.589,3.5,9.2,12.6,3.6,2.4,0.8,2.4,4.5,12.5,111,113,
160,Jarrett Allen,27,CLE,C,56,56,1519,10.7,16.7,0.638,0,0.3,0.1,10.6,16.4,0.649,0.639,5.9,8.3,0.709,4.6,10.5,15.1,3.2,1.7,1.5,2.4,3,27.2,132,112,
363,Jase Richardson,20,ORL,SG,54,0,587,7.3,15.4,0.473,2.3,6.5,0.354,5,8.9,0.56,0.548,2.7,3.8,0.717,1.7,3.4,5.2,4.7,1.6,0.2,2,4.3,19.6,116,118,
320,Javon Small,23,MEM,PG,41,12,830,7.6,16.4,0.465,3.4,8.1,0.423,4.2,8.3,0.507,0.569,3.9,4.7,0.829,2.1,5.3,7.3,8.6,1.9,0.5,3.2,3.7,22.6,122,120,
177,Javonte Green,32,DET,SG,82,6,1446,6.2,13.8,0.447,3.1,8.3,0.381,3,5.6,0.545,0.56,3.5,4.2,0.84,2.1,5.6,7.7,1.9,3.4,0.8,1.5,3.6,19,124,108,
230,Jaxson Hayes,25,LAL,C,66,9,1207,8,10.6,0.756,0.1,0.1,1,7.9,10.5,0.753,0.761,4,6.1,0.653,4,7,11,2.4,1.2,2.1,1.3,5.1,20.1,149,116,
129,Jay Huff,27,IND,C,82,47,1719,8,16.9,0.476,3.3,10.3,0.319,4.8,6.6,0.723,0.574,2.3,2.7,0.828,2,6.9,9,3.3,1.1,4.2,2.1,5.4,21.6,114,115,
22,Jaylen Brown,29,BOS,SF,71,71,2443,15.2,32,0.477,2.9,8.4,0.347,12.3,23.6,0.523,0.522,8.8,11.1,0.795,1.7,8.5,10.2,7.5,1.5,0.6,5.4,4,42.2,114,113,"MVP-6,AS,NBA2"
306,Jaylen Clark,24,MIN,SG,68,1,888,5.3,12.3,0.434,1.8,5.4,0.327,3.5,6.8,0.52,0.507,2.4,3.6,0.657,2.9,3.5,6.5,2.3,2.5,0.5,1.2,4.7,14.8,116,115,
110,Jaylen Wells,22,MEM,SG,69,69,1821,7.8,18.2,0.431,3.4,9.5,0.353,4.5,8.7,0.517,0.524,3.5,4.4,0.784,1.6,4.1,5.7,2.9,1.6,0.2,1.9,3.9,22.5,111,122,
220,Jaylin Williams,23,OKC,PF,65,11,1277,5.6,13.3,0.423,3.7,9.7,0.383,1.9,3.6,0.531,0.563,2.8,3.5,0.793,1.2,12.3,13.6,6,1.2,1.6,2.5,4.8,17.8,118,105,
118,Jaylon Tyson,23,CLE,SG,66,42,1777,8.9,18.1,0.493,3.6,8.1,0.446,5.3,10.1,0.53,0.592,2.1,2.9,0.738,3.2,5.9,9.1,4,1.5,0.8,2.7,4.4,23.6,119,117,
376,Jayson Tatum,27,BOS,PF,16,16,522,11.4,27.8,0.411,4.6,13.9,0.329,6.9,14,0.493,0.493,6.3,7.7,0.823,0.8,14.7,15.5,8.2,2.1,0.3,3.8,2.5,33.7,113,107,
136,Jerami Grant,31,POR,PF,57,38,1695,9.3,20.6,0.453,3.8,9.9,0.389,5.5,10.7,0.513,0.547,7.4,9.1,0.814,1.5,4,5.6,3.4,1.2,1,3.4,4,29.9,119,118,
64,Jeremiah Fears,19,NOP,PG,82,49,2112,9.9,22.8,0.434,2.3,6.9,0.33,7.6,15.9,0.48,0.485,4.4,5.6,0.789,1.4,5.4,6.8,6.3,2.2,0.7,4,3.4,26.5,104,119,
418,Jeremiah Robinson-Earl,25,2TM,PF,22,3,361,4.9,13.1,0.37,1.3,5.4,0.244,3.5,7.8,0.458,0.42,2.2,2.4,0.944,4.7,8.8,13.5,2,1.2,0.1,1.6,3.4,13.3,105,119,
390,Jeremy Sochan,22,2TM,PF,44,0,469,6.6,13.3,0.496,1.1,4.6,0.244,5.5,8.7,0.631,0.539,2,2.7,0.731,3.8,7.2,11,4.1,1.8,0.7,2.2,6.4,16.3,118,112,
211,Jericho Sims,27,MIL,C,67,19,1318,5.4,6.9,0.784,0,0,NA,5.4,6.9,0.784,0.784,1.6,2.6,0.62,5.5,8.3,13.8,3.9,0.7,0.6,2.8,5.4,12.5,136,120,
345,Jett Howard,22,ORL,SF,55,0,695,7.3,17.3,0.418,3.7,10,0.372,3.5,7.3,0.481,0.526,2.6,2.7,0.949,1.6,4.4,6,3.1,0.7,0.8,1,4.6,20.8,118,118,
311,Jevon Carter,30,2TM,PG,53,1,867,6.8,16.9,0.401,4.3,11.8,0.363,2.5,5.1,0.489,0.528,0.8,1,0.789,0.8,4.1,4.9,4.8,2.2,0.5,2,3.1,18.6,108,116,
236,Jimmy Butler,36,GSW,SF,38,38,1182,9.8,18.9,0.519,1.3,3.5,0.376,8.5,15.5,0.552,0.554,10.2,11.8,0.864,3.6,5,8.7,7.6,2.3,0.3,2.5,1.9,31.2,136,117,
431,Joan Beringer,19,MIN,PF,40,3,314,9.9,14.9,0.663,0,0,NA,9.9,14.9,0.663,0.663,4,5.6,0.703,6.8,7.1,14,1.8,1.1,4,1.7,7.1,23.7,139,111,
163,Jock Landale,30,2TM,C,68,27,1506,8.9,17.2,0.515,2.3,6.1,0.383,6.5,11.2,0.586,0.582,2.5,4,0.635,5.8,6.4,12.2,3.6,1.1,1.1,1.9,4.7,22.6,124,119,
231,Joel Embiid,31,PHI,C,38,38,1201,13.7,28,0.489,2.1,6.4,0.333,11.6,21.6,0.535,0.527,11.5,13.5,0.854,3,8.8,11.8,6,0.8,1.8,4.4,3.3,41,119,116,
101,John Collins,28,LAC,PF,69,56,1872,9.7,17.5,0.552,2.4,5.8,0.406,7.3,11.7,0.625,0.62,3.1,4.1,0.766,2.9,6.8,9.8,1.9,1.6,1.4,2.5,5,24.8,121,116,
260,John Konchar,29,2TM,SG,56,8,1115,4,8.4,0.472,1.2,4.2,0.283,2.8,4.2,0.66,0.543,1.4,1.9,0.727,3.1,7,10.1,5,3.5,1.6,1.5,3.3,10.5,125,116,
450,John Poulakidas,22,DAL,SG,13,0,253,7.3,17,0.429,5.8,14.4,0.403,1.5,2.6,0.571,0.599,1.1,1.3,0.857,0.7,4.8,5.6,2.1,1.3,0.7,0.7,5.2,21.4,122,118,
355,Johnny Furphy,21,IND,SG,35,21,643,5.2,11,0.47,1.7,5.2,0.324,3.5,5.8,0.603,0.547,1.3,2.6,0.486,2.4,8.9,11.3,3,1.5,0.5,2.1,4.8,13.3,106,118,
310,Jonas Valančiūnas,33,DEN,C,65,6,871,12.7,21.9,0.582,0.4,1.5,0.308,12.3,20.4,0.602,0.592,5.9,7.6,0.772,5.9,12.6,18.4,4.4,0.8,2.1,4.1,7.5,31.8,121,114,
377,Jonathan Isaac,28,ORL,PF,52,0,521,4.2,10,0.422,0.6,3.5,0.184,3.6,6.5,0.549,0.454,3.2,5.3,0.603,4,8.2,12.2,2,1.8,2.9,1.7,3.8,12.4,109,111,
321,Jonathan Kuminga,23,2TM,PF,36,14,830,9.1,19.6,0.463,2,6.1,0.333,7,13.5,0.521,0.515,5.1,7.1,0.724,2.8,8.8,11.7,4.8,1.3,0.6,3.9,3.2,25.3,108,115,
451,Jonathan Mogbo,24,TOR,PF,40,0,249,5.1,8.6,0.591,0,0.2,0,5.1,8.4,0.605,0.591,1.8,2.7,0.643,3.7,9.6,13.3,4.9,2.2,1.6,2.7,5.1,11.9,117,110,
219,Jordan Clarkson,33,NYK,SG,72,1,1279,9.2,20.4,0.451,2.7,8.3,0.327,6.5,12.1,0.535,0.517,3,3.6,0.83,2.4,2.5,4.9,3.7,1.2,0.3,2.4,4.8,24.1,113,118,
152,Jordan Goodwin,27,PHO,PG,70,10,1572,7.2,17.4,0.413,3.5,9.5,0.371,3.7,8,0.462,0.514,1.2,1.8,0.696,4.3,6.4,10.7,4.7,3.3,0.4,2.1,4.2,19.1,116,111,
346,Jordan Hawkins,23,NOP,SG,51,1,692,6.5,17.8,0.366,3.2,9.3,0.348,3.2,8.4,0.385,0.457,1.6,1.9,0.852,1.4,4.7,6.1,2.9,0.9,0.7,2.4,2.1,17.8,98,123,
442,Jordan McLaughlin,29,SAS,PG,44,0,282,5.6,13.5,0.418,2.9,6.8,0.425,2.7,6.6,0.41,0.525,1,1.2,0.857,1.2,4.3,5.4,6.5,3.4,0.3,2.6,1.9,15.2,111,110,
209,Jordan Miller,26,LAC,SF,60,1,1325,8,15,0.531,1.4,4.1,0.345,6.5,10.8,0.602,0.579,5.1,6.6,0.777,1.9,5,6.8,5.1,1.7,0.4,2.4,2.3,22.4,125,118,
293,Jordan Poole,26,NOP,PG,39,8,933,8.5,22.8,0.372,4.9,14.8,0.333,3.5,8,0.442,0.48,5,5.8,0.86,0.5,3.5,3.9,6.1,1.1,0.8,3.5,4.6,26.9,106,123,
229,Jordan Walsh,21,BOS,PF,68,25,1212,5.7,11.1,0.509,2,5.2,0.384,3.7,5.9,0.62,0.599,1.8,2.4,0.772,3.5,7.8,11.4,2.3,2,1.3,1.5,5.7,15.2,130,111,
199,Jose Alvarado,27,2TM,PG,69,3,1370,6.6,15.9,0.416,3.6,10.1,0.352,3,5.7,0.531,0.529,1.2,1.6,0.761,0.9,5.1,6,8.3,2.3,0.3,2.7,4.6,18,114,117,
127,Josh Giddey,23,CHI,PG,54,51,1731,8.7,19.4,0.448,2.8,7.7,0.364,5.9,11.7,0.502,0.52,4.7,6.2,0.763,1.8,10.3,12.1,13.4,1.5,0.7,5.3,2.4,24.9,113,116,
298,Josh Green,25,CHO,SG,58,0,908,4.5,9.9,0.459,3.2,7.5,0.42,1.4,2.3,0.581,0.619,1.4,1.5,0.893,2.5,3.1,5.6,2.6,1.9,0.3,1.9,3.5,13.6,125,117,
80,Josh Hart,30,NYK,SF,66,52,1994,7.5,14.7,0.508,2.5,6,0.413,5,8.7,0.574,0.593,2.2,3.1,0.72,2.3,9.8,12.1,7.9,1.9,0.4,3.2,4.1,19.7,122,112,
319,Josh Minott,23,2TM,PF,49,11,834,7.6,15.2,0.5,3.9,9.2,0.418,3.7,6,0.626,0.627,2.9,3.7,0.787,2.9,6.6,9.5,2.8,2.6,1.4,2.6,4.4,21.9,122,112,
202,Josh Okogie,27,HOU,SG,78,32,1354,4.6,10.8,0.425,2.3,5.9,0.385,2.3,4.9,0.474,0.531,1.5,2.5,0.594,3,4.4,7.4,2.5,2.3,0.6,1.5,3.9,13,119,114,
153,Jrue Holiday,35,POR,PG,53,51,1560,9.8,21.7,0.451,4.2,11.1,0.378,5.6,10.6,0.527,0.548,2.7,3.2,0.838,2.2,5.3,7.5,9.9,1.7,0.2,4.5,2.4,26.5,116,117,
42,Julian Champagnie,24,SAS,SF,82,68,2266,6.4,14.6,0.437,4.1,10.9,0.381,2.2,3.8,0.599,0.578,2.4,2.9,0.844,1.6,8.5,10,2.7,1.3,0.8,1.5,2.8,19.3,122,112,
400,Julian Phillips,22,2TM,SF,48,2,428,5.6,13.3,0.421,2.2,7.1,0.308,3.4,6.2,0.554,0.504,2,2.5,0.783,2.5,2.9,5.4,1.1,2.4,0.8,1.2,4.7,15.4,110,118,
409,Julian Reese,22,WAS,PF,13,10,402,7.4,14,0.529,0,0,NA,7.4,14,0.529,0.529,3.3,5.2,0.636,6.5,9.7,16.1,2.8,2.1,0.9,3.8,4.9,18.1,109,119,
313,Julian Strawther,23,DEN,SG,57,14,861,8.4,18.1,0.467,3.3,8.5,0.387,5.2,9.6,0.538,0.558,3.2,4,0.814,0.7,5.8,6.5,3.5,1.4,0.3,2,4.1,23.4,114,119,
12,Julius Randle,31,MIN,PF,79,79,2610,10.6,22.1,0.481,2,6.3,0.315,8.6,15.8,0.547,0.526,7.3,9.1,0.802,2.4,7.3,9.7,7.3,1.6,0.3,4,4.1,30.5,117,114,
194,Justin Champagnie,24,WAS,SF,69,19,1377,8,15.9,0.502,1.8,5.7,0.319,6.2,10.2,0.605,0.56,2.8,3.5,0.784,5,8.2,13.2,2.9,2,1.5,1.5,3.9,20.5,125,120,
283,Justin Edwards,22,PHI,SF,64,12,977,7.1,15.8,0.447,3.3,8.9,0.372,3.8,6.9,0.543,0.552,1.6,1.9,0.846,1.3,3.4,4.6,4,2.7,0.5,1.8,4.5,19.1,116,117,
265,Jusuf Nurkić,31,UTA,C,41,36,1083,7.8,15.5,0.503,1.1,3.1,0.352,6.7,12.4,0.54,0.538,2.7,4.9,0.549,4.6,13.8,18.4,8.5,2.3,1,4.4,5.8,19.4,110,116,
449,KJ Simpson,23,2TM,PG,20,2,257,6.5,19.1,0.343,2.3,7.7,0.3,4.2,11.4,0.373,0.404,2.1,3.5,0.611,1.7,5.4,7.1,8.3,3.1,0,4.8,3.5,17.5,93,113,
360,Kam Jones,23,IND,SG,37,7,616,5.2,13,0.402,1.7,5.8,0.293,3.5,7.3,0.489,0.467,0.3,0.6,0.5,1.2,3.5,4.6,9.2,1.4,0,2.8,3,12.5,103,122,
34,Karl-Anthony Towns,30,NYK,C,75,75,2322,11,22,0.501,2.4,6.6,0.368,8.6,15.5,0.557,0.556,7.6,8.9,0.858,5,14,19,4.8,1.4,0.9,4,5.4,32.1,123,110,AS
297,Karlo Matković,24,NOP,PF,62,2,912,7.4,12.3,0.604,2,4.7,0.422,5.5,7.6,0.717,0.685,1.6,2.2,0.732,3.8,8.2,12,2.6,1.3,2.8,1.8,5.5,18.5,134,117,
291,Kasparas Jakučionis,19,MIA,PG,53,12,945,5,11.7,0.429,3.2,7.7,0.423,1.8,4,0.439,0.567,2.8,3.2,0.879,2.1,4.7,6.8,6.7,1.6,0.3,2.5,4.9,16.1,124,117,
66,Kawhi Leonard,34,LAC,SF,65,65,2085,15.1,30,0.505,4.1,10.6,0.387,11,19.4,0.569,0.573,8.9,9.9,0.892,1.7,8.2,9.9,5.6,2.9,0.6,3.2,1.9,43.3,124,113,"MVP-7,CPOY-10,AS,NBA2"
373,Keaton Wallace,26,ATL,PG,53,3,536,6,15.1,0.398,3.3,9,0.373,2.6,6.1,0.435,0.509,1.1,1.6,0.667,0.3,4.7,4.9,8.3,2.1,0.4,2.5,4.2,16.4,109,115,
328,Keegan Murray,25,SAC,PF,23,22,793,7.7,18.3,0.42,1.9,6.8,0.277,5.8,11.5,0.505,0.472,2.3,3,0.776,2,6,8.1,2.3,1.5,2.2,1.6,2.6,19.6,104,121,
132,Kel'el Ware,21,MIA,C,77,34,1704,9.4,17.7,0.53,2.5,6.3,0.395,6.9,11.3,0.606,0.601,1.9,2.6,0.74,5.9,13,18.9,1.5,1.6,2.3,1.7,3.2,23.2,125,109,
94,Keldon Johnson,26,SAS,SF,82,0,1911,10.4,20,0.519,2.5,6.9,0.363,7.9,13.2,0.601,0.582,3.9,4.9,0.794,3.4,7.6,11.1,2.8,1.2,0.3,1.8,4.1,27.2,125,113,6MOY-1
419,Kelly Olynyk,34,SAS,C,42,0,360,6.3,12.8,0.49,1.6,6.3,0.255,4.7,6.5,0.714,0.552,3.6,5.1,0.711,3.2,6.9,10.1,6.5,2,0.4,3.2,5.2,17.7,119,111,
151,Kelly Oubre Jr.,30,PHI,SF,50,41,1574,7.8,16.7,0.467,2.6,7.3,0.36,5.2,9.4,0.551,0.546,3.4,4.4,0.766,1.5,6.2,7.7,2.5,2.1,0.7,2.1,3.9,21.6,114,116,
422,Kennedy Chandler,23,UTA,PG,11,2,355,8.1,18.1,0.445,2,5,0.395,6.1,13.1,0.465,0.5,3.7,5.7,0.651,0.8,4.1,4.9,9.8,1.5,0.3,3,3,21.8,111,125,
316,Kenrich Williams,31,OKC,PF,56,2,855,7.9,16.7,0.473,2.8,7.3,0.388,5.1,9.4,0.539,0.557,1.9,2.9,0.635,3.3,7.2,10.6,4.5,1.8,0.3,2.4,3.3,20.5,115,109,
263,Kentavious Caldwell-Pope,32,MEM,SG,51,14,1088,6.5,15.9,0.41,2.4,7.6,0.316,4.1,8.4,0.495,0.485,3.2,3.5,0.913,0.9,4.6,5.4,6.1,1.9,0.3,2.7,2.5,18.6,108,121,
167,Keon Ellis,26,2TM,SG,72,11,1478,5.5,12.5,0.44,3,8.2,0.363,2.5,4.3,0.586,0.559,1.7,2.3,0.729,1.2,3.2,4.4,2.3,2.7,1.5,1.3,4.4,15.7,116,117,
443,Keshad Johnson,24,MIA,SF,32,0,280,8.5,17.2,0.49,2.2,7.3,0.295,6.3,9.9,0.633,0.553,3.5,4.8,0.724,4.3,6,10.3,1.3,2.5,1.3,2.2,4.6,22.5,115,113,
2,Kevin Durant,37,HOU,SF,78,78,2840,12.6,24.2,0.52,3.3,7.9,0.413,9.3,16.3,0.572,0.588,7.2,8.2,0.874,0.7,6.8,7.5,6.5,1.1,1.2,4.3,2.5,35.6,124,115,"CPOY-9,AS,NBA2"
157,Kevin Huerter,27,2TM,SF,69,14,1549,8.2,18.2,0.451,3.1,9.9,0.308,5.2,8.3,0.624,0.535,1.7,2.2,0.775,1,6.3,7.3,5.4,1.9,1,2.2,3.5,21.2,112,115,
361,Kevin Love,37,UTA,PF,37,5,613,6,15.2,0.397,4.1,10.9,0.373,2,4.4,0.456,0.53,2.8,3.4,0.841,4.2,12.2,16.5,5.1,1.1,0.7,2.3,4.1,19,120,120,
221,Kevin Porter Jr.,25,MIL,PG,38,36,1261,9.3,20,0.465,1.8,5.6,0.322,7.5,14.5,0.52,0.51,5.3,6.1,0.878,1.3,6.4,7.7,10.9,3.2,0.7,4.3,3.4,25.8,115,116,
433,Kevon Looney,29,NOP,C,21,8,308,3.9,9.3,0.417,0.3,2,0.154,3.6,7.3,0.489,0.433,1.1,1.6,0.7,7.5,10.9,18.3,5.3,1.4,1.6,1.4,5.3,9.2,124,116,
116,Keyonte George,22,UTA,PG,54,54,1786,10.6,23.1,0.456,3.5,9.5,0.371,7,13.7,0.515,0.532,8.9,9.9,0.892,0.6,4.6,5.2,8.7,1.5,0.4,4.4,3.2,33.5,118,124,
404,Khaman Maluach,19,PHO,C,46,1,411,6.7,12.6,0.533,0.6,2.5,0.238,6.1,10.1,0.607,0.557,2.6,3.7,0.71,5.9,10.1,16,0.7,0.6,4,3,5.2,16.7,112,111,
181,Khris Middleton,34,2TM,SF,63,50,1439,7.5,17.7,0.42,2.2,6.1,0.36,5.3,11.6,0.452,0.482,3.9,4.5,0.875,1.7,5.9,7.6,5.8,1.3,0.3,3.5,4.7,21,105,122,
407,Killian Hayes,24,SAC,PG,23,3,406,5,16.4,0.304,2,7.5,0.27,3,8.9,0.333,0.366,3.1,3.3,0.929,0.5,6,6.4,9.7,2.5,0.5,3.3,4.3,15.1,96,120,
165,Klay Thompson,35,DAL,SF,69,8,1497,9,22.9,0.393,6.4,16.6,0.383,2.6,6.3,0.418,0.532,1.1,1.5,0.766,0.6,3.9,4.5,3,1,0.7,2,2.2,25.5,105,120,
289,Kobe Brown,26,2TM,PF,61,10,963,6.4,13.6,0.469,2.6,7,0.374,3.8,6.6,0.568,0.565,2.4,3,0.797,3.4,5.9,9.3,4,1.2,0.6,2.7,3.5,17.7,115,120,
203,Kobe Sanders,23,LAC,SG,68,16,1351,6.6,14.1,0.466,2.9,7.2,0.408,3.6,6.9,0.527,0.57,2.1,2.5,0.826,1.1,4.6,5.6,4,1.8,0.4,3,5.4,18.2,110,118,
17,Kon Knueppel,20,CHO,SF,81,80,2551,10,21.1,0.475,5.3,12.5,0.425,4.7,8.6,0.548,0.601,3.8,4.4,0.863,1.9,6.5,8.4,5.3,1.1,0.4,3.1,3.3,29.1,125,116,ROY-2
51,Kris Dunn,31,LAC,PG,82,68,2230,5.1,10.6,0.476,1.8,4.8,0.374,3.3,5.9,0.559,0.56,1.4,1.8,0.765,1.3,4.8,6,6.6,2.9,0.3,2.5,4.2,13.3,116,116,
207,Kris Murray,25,POR,SF,57,15,1333,4.6,9.9,0.467,1.2,4.4,0.279,3.4,5.5,0.617,0.529,1.4,2,0.684,3.2,4.2,7.4,2.9,1.8,0.8,1.7,3.3,11.9,117,116,
331,Kristaps Porziņģis,30,2TM,C,32,23,769,10.8,24.1,0.446,3.4,9.9,0.338,7.4,14.2,0.522,0.515,8.3,9.8,0.842,2.5,7.9,10.4,5,1.1,2.4,2.5,5.7,33.1,119,114,
317,Kyle Anderson,32,3TM,SF,43,5,853,5.9,11.2,0.53,0.2,0.6,0.364,5.7,10.6,0.539,0.54,2.7,3.8,0.706,2.3,6,8.3,7,2.5,1.4,2.2,5.3,14.8,121,116,
114,Kyle Filipowski,22,UTA,C,77,41,1801,8.4,17.1,0.492,1.9,5.9,0.325,6.5,11.2,0.58,0.548,4.1,5.5,0.75,3.8,10.6,14.4,5.2,1.9,1,3.3,6,22.9,115,119,
113,Kyle Kuzma,30,MIL,PF,69,43,1806,9.2,18.8,0.492,2.3,6.5,0.347,7,12.3,0.569,0.552,3.7,5.1,0.726,1.6,7,8.5,5,1.3,0.8,3.2,3.6,24.4,111,120,
192,Kyshawn George,22,WAS,SF,48,48,1391,8.6,19.6,0.438,3.4,8.9,0.381,5.2,10.8,0.486,0.524,3.6,4.5,0.802,1.5,6.9,8.3,7.3,1.6,1.5,4.3,5.8,24.2,107,122,
437,LJ Cryer,24,GSW,PG,18,1,292,7.8,19.4,0.402,6.1,15.6,0.394,1.7,3.8,0.435,0.56,2.8,3.2,0.895,0.7,4,4.6,3,0.5,0,2.3,4.6,24.6,112,121,
75,LaMelo Ball,24,CHO,PG,72,69,2017,12.4,30.6,0.407,6.7,18.2,0.368,5.8,12.4,0.464,0.516,4,4.4,0.899,1.6,6.9,8.5,12.6,2.1,0.4,5,4.8,35.5,116,114,
428,Lachlan Olbrich,22,CHI,C,37,2,344,4.9,10.5,0.468,0.3,2.6,0.105,4.6,7.9,0.586,0.481,2,5.4,0.375,6.1,9.1,15.2,5.7,1.6,1.1,2.2,6.7,12.1,113,116,
244,Landry Shamet,28,NYK,SG,51,12,1171,6.7,15.4,0.437,4.4,11.1,0.392,2.4,4.3,0.554,0.578,2.3,3.2,0.711,1,2.9,3.9,3,1.3,0.4,1.3,3.3,20.1,123,117,
396,Larry Nance Jr.,33,CLE,PF,35,3,449,5.6,13.3,0.419,2.2,6.7,0.333,3.3,6.5,0.508,0.504,0.6,1.4,0.462,3.1,6.8,10,3.6,2.2,0.6,2.1,5.9,14,107,114,
180,Lauri Markkanen,28,UTA,PF,42,42,1443,12.5,26.2,0.477,3.7,10.5,0.355,8.7,15.6,0.559,0.548,7.8,8.7,0.896,2.7,6.7,9.4,2.9,1.4,0.7,2,2.5,36.5,122,123,
81,LeBron James,41,LAL,SF,60,60,1989,11.6,22.6,0.515,1.9,6,0.317,9.7,16.6,0.586,0.557,5.7,7.8,0.737,1.1,7.9,8.9,10.6,1.8,0.9,4.4,2,30.8,117,116,AS
399,Leaky Black,26,WAS,SF,15,9,433,4.4,11.3,0.388,2.1,6,0.345,2.3,5.2,0.438,0.481,0.8,0.9,0.875,1.6,6.6,8.2,2.4,2,0.9,1.5,4.4,11.6,103,122,
340,Leonard Miller,22,2TM,SF,46,12,719,9.5,17.1,0.553,2.1,6.5,0.323,7.4,10.6,0.693,0.615,2.5,3.5,0.736,3.5,8.3,11.8,2.6,1.1,1,2.4,4.2,23.6,120,118,
416,Liam McNeeley,20,CHO,SF,31,0,368,5.1,12.8,0.4,3.2,8.1,0.4,1.9,4.7,0.4,0.526,4.3,5.3,0.821,1.8,8.1,9.8,3.2,0.7,0.4,1.8,4.9,17.8,124,116,
439,Lindy Waters III,28,SAS,SG,40,0,285,5.6,14.8,0.375,4.5,13.3,0.342,1,1.5,0.667,0.528,0.3,0.5,0.667,0.5,4.4,4.9,3.2,1,0.2,1.2,4,16,110,115,
338,Lonzo Ball,28,CLE,PG,35,3,728,3.5,11.6,0.301,2.6,9.7,0.272,0.9,1.9,0.448,0.415,0.9,1.4,0.667,1.7,7.5,9.2,9,3,0.6,3.4,3,10.6,100,112,
458,Lucas Williamson,27,MEM,SG,7,2,224,5.3,15.9,0.333,3.2,11.2,0.283,2.1,4.7,0.455,0.433,1.7,1.7,1,2.3,5.7,8,3.8,2.3,0.2,2.1,5.5,15.4,100,119,
107,Luguentz Dort,26,OKC,SF,69,69,1849,5.3,13.7,0.385,3.3,9.7,0.344,1.9,4,0.487,0.508,1.2,1.5,0.759,1.5,4.9,6.4,2.2,1.6,0.7,1.4,4.7,15.1,106,110,
37,Luka Dončić,26,LAL,PG,64,64,2289,14.8,31.1,0.476,5.4,14.8,0.366,9.4,16.3,0.575,0.563,10.7,13.8,0.78,0.9,9.7,10.6,11.3,2.2,0.7,5.4,3.3,45.7,120,114,"MVP-4,CPOY-8,AS,NBA1"
258,Luka Garza,27,BOS,C,69,6,1118,9.3,16.2,0.577,2.5,5.7,0.433,6.8,10.4,0.657,0.654,4.1,5.3,0.769,7.1,5.7,12.7,3,1.2,1.3,2.1,7.3,25.2,140,114,
139,Luke Kennard,29,2TM,SG,78,6,1681,6.7,12.6,0.533,3.3,7,0.478,3.4,5.6,0.601,0.665,1.8,2,0.913,0.9,4.3,5.2,5,1.6,0.2,1.7,2.9,18.6,132,118,
183,Luke Kornet,30,SAS,C,68,25,1430,5.9,9.1,0.643,0,0,NA,5.9,9.1,0.643,0.643,3.2,3.8,0.825,6.1,7.8,13.9,4.2,1.1,2.2,0.9,4,14.9,154,111,
420,Malachi Smith,26,BRK,SG,15,4,359,6.6,13.6,0.485,2.8,6.3,0.435,3.9,7.3,0.528,0.586,1.1,1.1,1,1.7,5.4,7,6.8,1.7,0.6,1.9,1.8,17.1,123,120,
445,Malaki Branham,22,WAS,SG,28,0,275,7.4,15.7,0.473,2.4,6.4,0.378,5,9.3,0.537,0.549,4.8,5.9,0.824,2.1,5.5,7.6,4,1.7,0.5,2.6,3.6,22,118,124,
444,Malevy Leons,26,GSW,SF,25,2,276,5.6,12.6,0.444,0.7,2.8,0.25,4.9,9.8,0.5,0.472,2.6,3.3,0.789,5.3,4,9.3,4,2.5,1.6,2.3,5.4,14.6,115,115,
200,Malik Monk,27,SAC,SG,62,3,1364,9.8,22.4,0.438,4.4,11.1,0.395,5.4,11.3,0.481,0.536,3.3,3.8,0.879,0.5,3.6,4.1,6.6,1.3,0.9,3.2,3.5,27.4,111,124,
392,Marcus Sasser,25,DET,PG,38,5,457,7.3,18.7,0.39,4.7,11.2,0.415,2.6,7.5,0.352,0.514,1.6,1.9,0.833,0.7,3.4,4.1,7.9,2.1,0.4,3.3,4.3,20.8,110,113,
119,Marcus Smart,31,LAL,SG,62,54,1769,5.2,13.1,0.395,2.7,8.1,0.331,2.5,5.1,0.497,0.497,2.9,3.6,0.822,1,3.8,4.7,5.1,2.4,0.6,2.5,4.5,16,109,117,
186,Mark Williams,24,PHO,C,60,55,1416,9.8,15.3,0.644,0,0,1,9.8,15.2,0.643,0.645,4.7,6.1,0.771,6.5,10.2,16.6,2,1.9,1.9,2.3,4.6,24.4,135,110,
232,Marvin Bagley III,26,2TM,PF,60,12,1201,10,16.2,0.618,0.9,2,0.462,9.1,14.1,0.641,0.647,3.7,5.7,0.66,5.9,8.5,14.4,3.3,1.1,1.7,2.4,4.8,24.7,130,119,
46,Matas Buzelis,21,CHI,PF,77,77,2248,9.3,20.1,0.463,3.6,10.3,0.349,5.7,9.7,0.583,0.553,3.9,5,0.786,1.6,7.7,9.3,3.3,1.1,2.4,3.3,3.7,26.1,108,117,
389,Matisse Thybulle,28,POR,SG,30,0,480,5.8,13.3,0.433,3.7,9.3,0.398,2.1,4.1,0.512,0.571,2.1,2.5,0.84,1.7,4.2,5.9,2.7,6,1.6,2.8,4.3,17.3,113,106,
48,Max Christie,22,DAL,SG,77,68,2244,6.7,15.2,0.441,3.8,9.4,0.404,2.9,5.9,0.502,0.566,2.6,2.9,0.899,0.3,4.9,5.2,3.2,1,0.6,2,2.1,19.9,113,119,
438,Max Strus,29,CLE,SF,12,5,288,7.8,17.7,0.443,5.5,13.7,0.402,2.3,4,0.583,0.599,1.2,1.5,0.778,1.5,9.3,10.8,4,0.5,0,1.5,5.7,22.4,123,117,
391,Maxi Kleber,34,LAL,PF,43,1,461,3.5,7.7,0.452,0.6,2.8,0.231,2.9,5,0.574,0.493,1.5,2.8,0.538,3.8,5.1,8.9,2.9,1.9,1.2,1.8,6.4,9.1,112,117,
86,Maxime Raynaud,22,SAC,C,74,56,1964,9.4,16.5,0.571,0.6,1.8,0.324,8.8,14.7,0.601,0.589,3.3,4.1,0.786,3.5,10.2,13.7,2.5,0.9,1,2.3,4.2,22.7,120,121,
296,Micah Peavy,24,NOP,SG,61,4,913,5.6,14.4,0.385,1.5,5.7,0.259,4.1,8.8,0.467,0.436,1.2,1.5,0.759,2.4,3.7,6.1,3.2,2.3,0.5,1,5,13.7,105,120,
299,Micah Potter,27,IND,C,47,7,908,7.9,15.3,0.515,3.7,8.8,0.423,4.2,6.5,0.64,0.637,4.4,5.3,0.842,3,9.2,12.2,3.6,1.2,0.8,2.5,4.3,24,127,118,
138,Michael Porter Jr.,27,BRK,SF,52,52,1689,13,28.1,0.463,5.2,14.2,0.363,7.8,13.8,0.567,0.555,5.7,6.6,0.859,2,8.7,10.7,4.6,1.6,0.4,3.6,3.4,36.9,113,118,
6,Mikal Bridges,29,NYK,SF,82,82,2692,8.7,17.7,0.49,2.9,7.7,0.371,5.8,10,0.582,0.571,1.5,1.8,0.827,1.5,4.3,5.7,5.6,2,1.1,1.5,2.9,21.8,125,114,
280,Mike Conley,38,MIN,PG,54,15,991,3.5,10.4,0.335,2.7,8,0.337,0.8,2.4,0.327,0.465,2.2,2.4,0.9,0.9,3.6,4.5,7.6,1.7,0.7,1.6,4,11.8,120,116,
26,Miles Bridges,27,CHO,PF,77,77,2387,10,21.6,0.46,3.1,9.2,0.333,6.9,12.4,0.554,0.531,4.3,5.3,0.822,1.6,7.8,9.3,5.1,1,0.7,2.2,2.7,27.3,120,116,
266,Miles McBride,25,NYK,SG,41,15,1080,7.9,18.5,0.423,5.1,12.4,0.413,2.7,6.1,0.444,0.562,1.7,2.2,0.787,1.1,3.5,4.6,4.9,1.6,0.4,1.5,3.2,22.5,122,116,
241,Mitchell Robinson,27,NYK,C,60,16,1175,6.3,8.7,0.723,0,0,NA,6.3,8.7,0.723,0.723,1.8,4.3,0.408,10.6,11.5,22.2,2.2,2.4,3,1.7,5.4,14.3,145,106,6MOY-8
356,Mohamed Diawara,20,NYK,SF,69,7,634,7,16.7,0.423,3.8,10.2,0.369,3.3,6.5,0.506,0.535,1.4,1.9,0.75,1.2,6.2,7.4,4.1,1.3,0.5,2.3,3.9,19.2,111,115,
401,Moritz Wagner,28,ORL,C,36,0,427,9.3,21.9,0.426,2.5,7.9,0.314,6.9,14.1,0.488,0.482,6.6,8.1,0.819,3,9.9,12.9,3,1.7,0.2,2.1,6.5,27.8,113,113,
158,Moses Moody,23,GSW,SG,60,49,1540,7.7,17.5,0.44,4.8,11.9,0.401,3,5.7,0.522,0.575,2.7,3.6,0.77,1.6,4.7,6.3,3.1,1.8,1.1,1.8,3.8,22.9,118,117,
237,Mouhamed Gueye,23,ATL,PF,77,8,1179,5.2,11.6,0.452,1.6,5.2,0.308,3.6,6.4,0.569,0.521,1.6,2.5,0.645,3.6,7.4,11,2.8,2.4,1.6,1.3,5.1,13.7,117,111,
374,Moussa Cisse,23,DAL,C,38,1,530,5.9,10.2,0.574,0,0,NA,5.9,10.2,0.574,0.574,3.4,7.2,0.469,7.9,11.3,19.2,0.8,1.7,4,2.7,6.5,15.1,114,110,
97,Moussa Diabaté,24,CHO,C,73,47,1899,6,9.5,0.631,0,0.1,0.5,6,9.4,0.632,0.632,3,4.6,0.659,7.1,9.5,16.6,3.7,1.5,1.9,1.9,4.6,15,139,112,
93,Myles Turner,29,MIL,C,71,71,1912,7.3,16.6,0.44,3.8,9.9,0.383,3.5,6.7,0.523,0.553,3.4,4.6,0.74,1.9,7.8,9.7,2.6,1.3,3,2.1,4.8,21.8,113,117,
405,Myron Gardner,24,MIA,SF,45,7,411,6.7,13.9,0.48,2.9,7.2,0.406,3.7,6.7,0.559,0.585,2.1,2.9,0.731,4.4,9.4,13.8,5,2.3,0.9,1.9,8.8,18.4,127,111,
279,Nae'Qwan Tomlin,25,CLE,PF,64,3,1004,7.2,15,0.478,1.3,5.5,0.235,5.9,9.5,0.618,0.521,2.2,2.9,0.77,4.1,4.8,8.9,2.5,2,1.6,1.4,6,17.9,119,115,
56,Naji Marshall,28,DAL,SF,74,47,2184,9.1,17.7,0.51,1.3,4.6,0.291,7.7,13.1,0.587,0.548,4.9,6.5,0.76,1.4,6.1,7.5,5.2,1.8,0.1,2.6,3.1,24.4,116,117,
453,Nate Williams,26,GSW,SG,14,2,239,8.7,17.8,0.489,2.6,6.1,0.433,6.1,11.8,0.517,0.563,2.6,3,0.867,4.1,2,6.1,2.8,1,0,3,5.3,22.7,113,122,
76,Naz Reid,26,MIN,C,77,3,2007,9.4,20.7,0.456,3.9,10.7,0.362,5.6,10.1,0.556,0.549,2.1,2.9,0.732,2.1,9.2,11.3,4,1.8,1.9,3,4.6,24.9,110,111,6MOY-4
91,Neemias Queta,26,BOS,C,76,75,1926,8.6,13.1,0.653,0,0.2,0.125,8.5,12.9,0.662,0.654,3.2,4.6,0.703,6,10.7,16.7,3.3,1.6,2.6,2,5.7,20.4,138,108,
92,Nic Claxton,26,BRK,C,69,68,1920,8.6,15,0.571,0.1,0.5,0.158,8.5,14.5,0.585,0.574,3.6,5.9,0.616,4.3,8,12.3,6.5,1.2,2,2.5,4.1,20.9,123,118,
342,Nick Richards,28,2TM,C,48,6,701,7,13.7,0.512,0.3,1.2,0.278,6.7,12.5,0.536,0.525,4.4,6.9,0.644,5.2,11.3,16.5,1.1,0.7,2.2,4,6,18.8,103,114,
414,Nick Smith Jr.,21,LAL,SG,30,1,375,9.1,21,0.435,4.4,11.2,0.395,4.7,9.8,0.48,0.54,1.4,2,0.733,0.4,2.6,3,4,1.2,0.3,2.7,3.6,24.1,105,121,
14,Nickeil Alexander-Walker,27,ATL,SG,78,71,2603,9.9,21.7,0.459,4.6,11.4,0.399,5.4,10.3,0.525,0.564,5,5.6,0.902,0.9,3.9,4.9,5.2,1.9,0.8,2.9,3.1,29.5,117,116,MIP-1
217,Nicolas Batum,37,LAC,PF,74,6,1295,3.7,9.1,0.403,3.5,8.8,0.404,0.2,0.4,0.4,0.597,0.3,0.4,0.818,0.9,6.2,7.1,2.5,1.8,0.9,1.4,3.8,11.3,115,117,
43,Nikola Jokić,30,DEN,C,65,65,2265,13.9,24.4,0.569,2.4,6.4,0.38,11.5,18,0.636,0.618,8.6,10.3,0.831,4.1,13.9,18,15,2,1.1,5.2,3.7,38.8,134,111,"MVP-2,CPOY-6,AS,NBA1"
326,Nikola Jović,22,MIA,PF,47,1,808,6.6,18,0.366,2.6,9.6,0.269,4,8.4,0.476,0.438,4,5.8,0.683,1.4,7.4,8.8,5.9,1.5,1,3.7,3.7,19.8,97,114,
111,Nikola Vučević,35,2TM,C,64,49,1818,10.3,20.9,0.493,2.6,7.1,0.369,7.7,13.8,0.557,0.556,2,2.4,0.828,3.3,10.8,14,5.6,1,1.1,2.2,3.3,25.2,118,116,
99,Nique Clifford,23,SAC,SG,75,28,1882,6.4,15.3,0.418,2,5.9,0.333,4.4,9.4,0.471,0.482,1.8,2.5,0.722,1.7,5.6,7.2,4.6,1.7,0.6,3,4,16.6,100,122,
117,Noah Clowney,21,BRK,PF,66,60,1780,6.9,17.5,0.396,3.6,10.9,0.329,3.4,6.6,0.506,0.498,5,6.2,0.804,1.4,6.1,7.6,3,1.4,1.3,2.8,4.7,22.5,106,119,
333,Noah Penda,21,ORL,SF,59,2,757,5.2,12.9,0.404,1.9,5.9,0.323,3.3,7,0.473,0.478,2.1,3,0.688,4.3,7.6,11.9,4.4,1.9,1.1,2.7,4.4,14.4,108,113,
224,Nolan Traoré,19,BRK,PG,56,31,1243,7.2,19.1,0.38,2.4,7.6,0.318,4.8,11.4,0.422,0.444,2.9,3.7,0.787,0.6,3.4,3.9,8.5,1.8,0.9,5.1,4.7,19.9,93,120,
130,Norman Powell,32,MIA,SG,58,52,1717,11.4,24.2,0.47,4.2,11.1,0.38,7.2,13.1,0.546,0.558,7.1,8.6,0.827,0.6,4.9,5.5,3.9,1.7,0.4,3,3.4,34.1,116,116,AS
52,OG Anunoby,28,NYK,PF,67,67,2224,8.7,17.9,0.484,3.5,9.1,0.386,5.2,8.9,0.584,0.581,4.1,4.9,0.828,1.9,5.9,7.8,3.2,2.3,1.1,2.7,3.7,24.9,120,112,"DPOY-10,DEF2"
403,Obi Toppin,27,IND,PF,24,3,424,11.2,22.3,0.503,4.1,11.8,0.352,7.1,10.5,0.67,0.595,4.7,5.2,0.913,1.5,10.4,11.9,6.2,1.3,0.1,3.1,3.1,31.3,120,118,
284,Ochai Agbaji,25,2TM,SG,62,13,973,6.1,14.1,0.436,1.7,6.4,0.266,4.4,7.7,0.579,0.496,1.8,2.2,0.837,2.3,4.8,7.1,2.4,1.2,0.9,1.6,4.7,15.8,108,117,
281,Olivier-Maxence Prosper,23,MEM,PF,53,24,984,9.2,16.9,0.549,2.9,7.1,0.405,6.4,9.7,0.653,0.634,4.1,5.5,0.754,2.8,6.2,9,2.5,1.9,0.6,2.3,4,25.5,124,119,
36,Onyeka Okongwu,25,ATL,C,74,63,2297,8.5,17.7,0.48,3,7.9,0.376,5.5,9.8,0.564,0.564,3.1,4.2,0.757,2.9,8.7,11.6,4.7,1.7,1.6,2.6,5,23.1,117,112,
397,Oscar Tshiebwe,26,UTA,C,27,6,448,9.6,15.2,0.634,0,0,NA,9.6,15.2,0.634,0.634,2.8,5.1,0.551,8.1,10.7,18.7,3.4,1.7,0.5,2.2,4.1,22.1,130,120,
112,Oso Ighodaro,23,PHO,PF,82,24,1808,6.5,10,0.653,0,0,0,6.5,10,0.655,0.653,1.4,3.2,0.453,3.8,7.7,11.4,5.1,2,1.6,2.8,6,14.5,122,112,
261,Ousmane Dieng,22,2TM,C,57,20,1099,7.5,17.7,0.422,2.8,8.2,0.341,4.7,9.5,0.493,0.501,1.4,2,0.711,1.3,6.7,8,6.1,1.1,0.8,3.3,3.5,19.2,101,118,
126,P.J. Washington,27,DAL,PF,56,53,1736,8,17.9,0.45,2.1,6.4,0.325,6,11.5,0.519,0.508,3.4,4.9,0.687,2.3,8.4,10.7,2.7,1.5,1.6,2.6,3.2,21.5,105,115,
461,PJ Hall,23,2TM,C,19,2,214,6.9,13.6,0.508,0.7,1.2,0.6,6.2,12.4,0.5,0.534,5.3,6.7,0.793,7.6,9.7,17.3,2.3,0.7,2.3,3.7,5.1,19.8,119,114,
20,Paolo Banchero,23,ORL,PF,72,72,2502,10.2,22.1,0.459,1.6,5.3,0.305,8.5,16.8,0.507,0.496,8.8,11.3,0.775,1.6,10,11.6,7.2,1,0.8,4.3,2.8,30.7,112,114,
70,Pascal Siakam,31,IND,PF,62,62,2057,12.9,26.7,0.484,2.4,6.8,0.358,10.5,19.9,0.527,0.529,6.1,8.7,0.693,2.1,7.4,9.5,5.5,1.6,0.6,3.2,3.4,34.3,110,118,AS
436,Pat Connaughton,33,CHO,SG,42,0,297,6.3,14.2,0.447,3.5,8.7,0.404,2.8,5.5,0.515,0.571,2.2,3.3,0.65,2.5,7.7,10.2,3,1.8,0.2,1.8,1.5,18.4,121,114,
227,Pat Spencer,29,GSW,PG,66,14,1229,7.3,17.2,0.427,2.4,6.6,0.357,5,10.6,0.47,0.495,1.7,2.2,0.772,2,4.2,6.2,9.2,1.9,0.2,3.4,3,18.8,110,118,
169,Patrick Williams,24,CHI,PF,72,6,1474,5.7,15.2,0.372,3,8.7,0.347,2.6,6.5,0.407,0.472,1.7,2.4,0.72,1.6,5.3,6.8,3.3,1.6,0.8,2.4,3,16,98,119,
255,Paul George,35,PHI,PF,37,37,1135,9.6,21.8,0.439,4.3,10.8,0.392,5.3,11,0.484,0.536,3.9,4.7,0.82,0.9,7.5,8.3,5.7,2.6,0.7,2.7,3.6,27.3,114,114,
303,Paul Reed,26,DET,C,65,11,901,11.2,18.2,0.617,0.7,2.1,0.325,10.5,16,0.656,0.636,3.9,5.9,0.664,7,8.8,15.8,4.3,3.1,3.2,3.1,6.4,27.1,129,104,
16,Payton Pritchard,28,BOS,PG,79,50,2556,10,21.6,0.464,4.2,11.1,0.377,5.8,10.5,0.556,0.561,2.4,2.7,0.89,1.4,4.8,6.2,8.1,1.1,0.2,2.2,2.3,26.6,126,116,
106,Pelle Larsson,24,MIA,SG,70,54,1849,7,14,0.496,1.6,4.8,0.323,5.4,9.2,0.586,0.551,4.6,5.8,0.797,1.7,4.4,6.1,5.9,1.2,0.4,2.5,3.7,20.1,121,118,
335,Pete Nance,25,MIL,PF,47,6,737,6.7,12.9,0.515,3.3,7.9,0.42,3.3,5,0.667,0.644,0.3,0.7,0.364,1.8,6.5,8.3,3.2,0.9,0.9,1.7,4.1,16.9,120,121,
148,Peyton Watson,23,DEN,SF,54,40,1598,8.7,17.7,0.491,2.5,6,0.411,6.2,11.7,0.531,0.56,4.2,5.8,0.73,1.5,6.6,8.1,3.4,1.5,1.9,2.8,4.2,24.1,112,116,
125,Precious Achiuwa,26,SAC,C,73,57,1745,8.8,16.6,0.528,0.7,2.7,0.278,8,13.9,0.577,0.551,2.1,3.9,0.554,4.9,8.7,13.6,2.8,1.8,1.4,1.8,3.4,20.4,117,119,
54,Quentin Grimes,25,PHI,SG,75,19,2206,7.4,16.5,0.45,2.8,8.3,0.334,4.7,8.2,0.568,0.534,4.4,5.2,0.84,1,5,6,5.3,1.4,0.6,2.9,3.4,22,115,118,
305,Quenton Jackson,27,IND,PG,49,19,897,8.2,17.4,0.47,2.2,6.3,0.356,5.9,11.1,0.533,0.534,5.2,6.3,0.824,1.5,4.6,6,7.4,1.6,0.3,3.3,4.3,23.7,115,120,
247,Quinten Post,25,GSW,PF,67,35,1159,8.1,18.4,0.44,3.9,11.6,0.336,4.2,6.8,0.617,0.546,1.4,1.8,0.791,2.8,8.4,11.3,3.9,1.1,1.5,2.3,5.2,21.5,112,116,
128,RJ Barrett,25,TOR,SF,57,57,1726,11.3,23.1,0.491,2.7,8,0.339,8.6,15.1,0.572,0.55,5.7,7.9,0.717,1.6,6.9,8.5,5.3,1.2,0.5,2.8,4.2,31,115,115,
347,Rasheer Fleming,21,PHO,PF,55,1,673,6.4,15.8,0.405,3.3,9.5,0.346,3.1,6.2,0.494,0.509,1.4,2.5,0.559,4.2,4.9,9.1,1.2,1.6,1.5,2.1,4.7,17.5,107,115,
465,RayJ Dennis,24,3TM,PG,17,0,206,6,19.1,0.313,3.2,10.4,0.311,2.8,8.8,0.316,0.398,1.8,2.1,0.889,1.8,4.2,6,7.6,0.9,0.9,3.9,4.8,17.1,91,121,
268,Rayan Rupert,21,2TM,SG,64,8,1072,5.5,13.9,0.393,2,6,0.324,3.5,7.9,0.446,0.463,1.9,2.4,0.778,2.1,6.2,8.3,3,2.4,0.4,2.4,5.5,14.7,101,116,
58,Reed Sheppard,21,HOU,SG,82,21,2147,9.5,22,0.43,5.3,13.4,0.394,4.2,8.6,0.486,0.55,1.6,2,0.802,0.7,4.9,5.5,6.4,2.8,1.3,2.9,3.9,25.8,118,112,6MOY-6
286,Rob Dillingham,21,2TM,PG,65,0,970,7.9,20,0.396,2,6.5,0.316,5.9,13.6,0.434,0.447,2,2.7,0.745,0.9,5.4,6.4,6.9,2.3,0.3,4.9,5.5,19.9,90,117,
276,Robert Williams,28,POR,C,59,1,1008,8.4,11.8,0.708,0.4,1.1,0.391,8,10.8,0.74,0.726,1.6,2.7,0.596,6.7,13,19.7,2.8,1.7,4.1,2.3,3.5,18.8,138,107,
430,Ron Harper Jr.,25,BOS,SF,29,3,318,7.3,17.5,0.418,4.5,12.7,0.35,2.9,4.8,0.6,0.545,0.5,0.6,0.75,2.4,5.3,7.6,3.5,1.6,1.4,1.3,3.2,19.6,120,114,
155,Ron Holland,20,DET,SF,78,5,1551,7.3,17,0.432,1.6,6.2,0.253,5.8,10.8,0.535,0.478,3.7,4.6,0.805,2.6,7.2,9.8,3,2.9,0.8,3,5.7,20,106,108,
53,Royce O'Neale,32,PHO,SF,78,67,2213,5.9,14,0.421,4.7,11.6,0.408,1.1,2.3,0.486,0.59,0.6,0.8,0.711,1.3,7,8.3,4.6,1.9,0.7,2.3,4,17.1,117,114,
27,Rudy Gobert,33,MIN,C,76,76,2380,6.7,9.9,0.682,0,0.1,0,6.7,9.8,0.689,0.682,3.2,6.1,0.526,6,11.5,17.5,2.6,1.2,2.5,2.1,4,16.6,132,110,"DPOY-4,DEF1"
90,Rui Hachimura,27,LAL,PF,68,41,1927,7.8,15.1,0.514,2.9,6.6,0.443,4.8,8.5,0.57,0.611,1.3,1.8,0.694,1,4.7,5.7,1.4,1,0.5,1.1,2.8,19.8,120,120,
104,Russell Westbrook,37,SAC,SF,64,58,1853,9.3,21.9,0.427,3.3,9.9,0.338,6,12,0.5,0.503,3.3,4.8,0.694,2.1,7,9.1,11.1,2.2,0.3,5.5,3.8,25.3,104,121,
201,Ryan Dunn,23,PHO,SF,70,16,1355,6,13.2,0.453,2,6.2,0.331,3.9,7,0.56,0.53,0.8,1.7,0.489,3.6,7.2,10.8,3.7,2.2,1.1,2,4.7,14.8,113,113,
166,Ryan Kalkbrenner,24,CHO,C,69,31,1479,7.3,9.8,0.753,0,0.2,0,7.3,9.6,0.766,0.753,2.8,3.9,0.716,5.6,7,12.6,1.8,1.1,3.4,2.1,3.6,17.5,142,112,
243,Ryan Nembhard,22,DAL,PG,60,27,1171,6.5,15.7,0.415,1.9,5.4,0.356,4.6,10.3,0.447,0.477,1,1.2,0.806,0.5,4.8,5.4,12.7,1,0.1,3.4,3.5,16,107,120,
28,Ryan Rollins,23,MIL,PG,74,67,2376,10.1,21.3,0.472,3.8,9.4,0.406,6.3,11.9,0.523,0.561,2.6,3.2,0.796,1.1,5.9,7,8.6,2.3,0.6,4.2,4,26.5,112,118,
47,Saddiq Bey,26,NOP,SF,72,64,2246,9.3,20.6,0.451,3.2,8.8,0.367,6.1,11.8,0.514,0.529,5.3,6.3,0.841,2.6,5.9,8.5,3.9,1.4,0.1,1.4,2,27.1,124,121,
89,Sam Hauser,28,BOS,PF,78,49,1934,6.6,15.7,0.419,5.2,13.2,0.393,1.4,2.5,0.557,0.584,0.4,0.5,0.85,1.5,6.4,7.9,3,1,0.6,0.9,3,18.8,126,115,
197,Sam Merrill,29,CLE,SG,52,38,1377,7.8,16.9,0.461,5.5,13.1,0.421,2.3,3.8,0.596,0.624,2.1,2.4,0.855,1,3.7,4.6,4.4,1.2,0.2,1.5,4.4,23.1,129,119,
123,Sandro Mamukelashvili,26,TOR,C,80,13,1751,9.2,17.6,0.523,3.2,8.2,0.389,6,9.3,0.642,0.614,3.3,4.4,0.747,3,8,11,4.2,1.8,1.1,1.9,4.1,24.9,127,112,6MOY-10
233,Santi Aldama,25,MEM,PF,43,11,1198,9,18.8,0.479,2.8,7.9,0.35,6.2,10.9,0.572,0.553,3,4.5,0.667,2.6,8.7,11.3,5,1.5,1.2,2.2,2.7,23.8,116,118,
334,Scoot Henderson,21,POR,PG,30,10,748,9.1,21.8,0.418,3.6,10.3,0.352,5.5,11.5,0.478,0.501,5.4,6.4,0.84,1.1,4,5.1,7.2,1.7,0.6,4.7,5.4,27.3,110,117,
7,Scottie Barnes,24,TOR,PF,80,80,2681,10.4,20.4,0.507,1.2,4.1,0.304,9.1,16.4,0.557,0.537,4.4,5.4,0.815,2.7,8.2,10.9,8.6,2.1,2.1,3.8,3.8,26.3,116,110,"DPOY-5,AS,DEF2"
462,Scotty Pippen Jr.,25,MEM,PG,10,6,212,9.6,21.5,0.448,2.2,7.2,0.313,7.4,14.3,0.516,0.5,4,5.1,0.783,1.8,3.1,4.9,10.5,4.2,0.9,6,6.9,25.5,103,115,
171,Shaedon Sharpe,22,POR,SG,50,42,1471,12.7,28.2,0.452,3.3,9.9,0.337,9.4,18.2,0.514,0.511,5,6.4,0.787,1.7,5.4,7,4.3,2.3,0.2,4.8,3.2,33.8,105,115,
45,Shai Gilgeous-Alexander,27,OKC,PG,68,68,2259,15.6,28.3,0.553,2.5,6.4,0.386,13.2,21.9,0.602,0.597,11.6,13.1,0.879,0.8,5.4,6.3,9.6,2,1.1,3.2,3,45.3,133,109,"MVP-1,CPOY-1,AS,NBA1"
343,Sharife Cooper,24,WAS,PG,41,1,700,8.6,16.7,0.514,2,5.1,0.382,6.6,11.6,0.573,0.573,3.4,4.1,0.833,1.2,4.6,5.8,8.4,1.1,0.3,4.1,4.1,22.5,115,126,
182,Sidy Cissoko,21,POR,SF,75,26,1435,4.4,11.1,0.398,2,6.6,0.298,2.5,4.5,0.544,0.487,1.9,2.9,0.659,2.1,3.5,5.5,3.7,1.7,0.8,2.3,6.1,12.7,107,117,
242,Simone Fontecchio,30,MIA,SF,70,9,1173,7.7,18.6,0.412,4.9,13,0.375,2.8,5.7,0.497,0.542,3.4,4,0.843,2.2,6.1,8.3,4,1.5,0.4,1.9,4.1,23.6,118,116,
108,Sion James,23,CHO,SG,82,19,1843,3.7,10,0.371,2.2,6.3,0.352,1.5,3.7,0.404,0.483,2.2,2.6,0.837,1.3,6.4,7.7,4.4,1.4,0.5,1.7,4,11.9,116,116,
185,Spencer Jones,24,DEN,SF,64,37,1417,4.5,9,0.504,2,5,0.396,2.6,4.1,0.636,0.613,1.1,1.8,0.608,2.6,4.6,7.2,1.8,1.8,1,1.1,6,12.1,125,118,
208,Stephen Curry,37,GSW,PG,43,41,1329,13.6,29.1,0.468,6.9,17.7,0.393,6.7,11.5,0.584,0.587,7.4,8.1,0.923,0.6,5,5.6,7.4,1.8,0.6,4.4,2.7,41.7,119,117,AS
73,Stephon Castle,21,SAS,PG,68,67,2038,9.1,19.3,0.471,1.9,5.7,0.332,7.2,13.5,0.531,0.521,6.6,9,0.734,2.3,6.2,8.5,11.8,1.8,0.4,5.1,5.2,26.7,116,112,
337,Steven Adams,32,HOU,C,32,11,730,4.8,9.5,0.504,0,0,NA,4.8,9.5,0.504,0.504,3.2,5.5,0.58,9.9,9,18.9,3.3,1.5,1.4,2.4,3.8,12.8,125,112,
248,Svi Mykhailiuk,28,UTA,SF,50,41,1156,7,14.7,0.478,4,9.7,0.408,3,5,0.615,0.613,1,1.1,0.893,1.5,3.6,5,3.8,1.1,0.1,1.7,2.6,19,121,126,
288,T.J. McConnell,33,IND,PG,56,4,963,11.9,22.2,0.538,0.8,2.5,0.32,11.2,19.7,0.565,0.556,1.2,1.4,0.862,1.1,5,6.1,14.2,2.8,0.5,3.2,3.1,25.9,120,117,
383,Taelon Peter,23,IND,SG,38,0,492,5.8,15.3,0.38,4,12.1,0.328,1.8,3.2,0.576,0.509,1,1.5,0.625,1,4.7,5.7,3.9,2.5,0.4,2.6,3.7,16.5,98,118,
156,Tari Eason,24,HOU,PF,60,34,1549,7.8,18.7,0.416,3,8.4,0.358,4.8,10.3,0.463,0.496,1.7,2.2,0.776,4,8.1,12.1,2.9,2.3,0.9,2.6,4.5,20.2,110,112,
362,Taurean Prince,31,MIL,SF,26,7,611,6.9,15.4,0.45,4.9,11.3,0.436,2,4.1,0.49,0.61,0.5,0.5,1,0.3,6.2,6.5,3.7,1.3,0.5,2.5,3.9,19.2,110,121,
259,Taylor Hendricks,22,2TM,PF,59,17,1118,6.9,15,0.459,2.7,7.8,0.342,4.2,7.2,0.585,0.548,2.1,3,0.681,2.7,6.6,9.3,2.3,2.1,1.3,2.1,4.2,18.5,110,119,
159,Terance Mann,29,BRK,SG,63,51,1529,5.4,11.9,0.457,1.8,5,0.364,3.6,6.9,0.523,0.533,2,2.6,0.788,2.3,4.2,6.5,6.1,1.3,0.5,2.3,5,14.7,116,121,
372,Terrence Shannon Jr.,25,MIN,SG,43,2,538,6.8,15.2,0.45,2.8,6.7,0.408,4.1,8.4,0.484,0.541,5,6.2,0.8,0.9,3.5,4.3,3.4,1.2,0.1,2.1,4.4,21.4,118,118,
336,Thomas Bryant,28,CLE,C,60,1,732,8.9,17.5,0.506,3.1,8.6,0.359,5.8,8.9,0.647,0.594,3.5,4.3,0.803,3.9,9.6,13.5,2.2,1.2,1.7,1.8,4.9,24.3,126,114,
364,Tidjane Salaün,20,CHO,PF,37,0,575,6.9,13.7,0.503,3.1,7.2,0.434,3.8,6.6,0.579,0.616,2.2,3.4,0.65,2.2,10.6,12.8,2.3,1.4,0.6,2.2,4.7,19.1,120,113,
61,Tim Hardaway Jr.,33,DEN,SG,80,6,2127,8,17.9,0.447,5.1,12.6,0.407,2.8,5.3,0.541,0.591,3.6,4.5,0.811,0.4,4.3,4.7,2.5,1,0.2,1,2.3,24.8,124,121,6MOY-3
124,Tobias Harris,33,DET,PF,63,63,1746,8.6,18.3,0.469,2.3,6.2,0.368,6.3,12.1,0.521,0.531,3.8,4.3,0.866,1.5,7.4,8.9,4.3,1.6,0.7,1.7,3,23.2,121,111,
460,Toby Okani,24,MEM,SG,6,4,217,5.5,15.3,0.357,2,6.8,0.29,3.5,8.5,0.41,0.421,0.2,1.7,0.125,2,2.6,4.6,1.3,0.9,0.7,0.7,4.4,13.1,90,124,
395,Tony Bradley,28,2TM,C,41,4,450,6.8,12.4,0.547,0.2,0.4,0.5,6.5,11.9,0.549,0.556,3.4,4.5,0.744,6.3,5.9,12.2,2.3,0.6,0.7,1.9,6.5,17.1,125,121,
4,Toumani Camara,25,POR,PF,82,82,2731,6.9,15.6,0.44,3.8,10.4,0.37,3,5.2,0.579,0.563,1.7,2.4,0.708,2.3,5.1,7.4,3.5,1.6,0.6,2.5,4.1,19.2,115,116,
411,Trae Young,27,2TM,PG,15,15,384,10,21.8,0.458,3.3,9.8,0.338,6.6,11.9,0.557,0.534,9.8,11.9,0.825,0.5,3.2,3.7,14.8,1.6,0.2,4.8,4.1,33.1,124,120,
381,Trayce Jackson-Davis,25,2TM,C,53,1,496,6.9,12.1,0.573,0.1,0.1,1,6.8,12,0.569,0.577,3.7,7.2,0.514,6.5,7.7,14.2,3.8,1.7,2.3,2.2,4.4,17.7,123,113,
179,Tre Johnson,19,WAS,SG,60,42,1443,8.9,21.2,0.419,3.8,10.5,0.358,5.1,10.7,0.479,0.508,2.5,2.9,0.874,1,4.6,5.6,4,1.1,0.6,3.1,4,24.1,103,126,
122,Tre Jones,26,CHI,PG,65,41,1752,9.1,16.5,0.553,1.1,3.5,0.315,8,13,0.616,0.586,5.1,6.1,0.841,1,4.4,5.5,9.4,2,0.3,2.5,2.5,24.4,130,119,
351,Tre Mann,24,CHO,PG,53,1,669,8.1,22.5,0.36,3.7,11.5,0.323,4.4,11,0.399,0.442,1.7,2,0.852,1.5,5.3,6.8,6.4,1.9,0.4,4,5.1,21.6,98,115,
312,Trendon Watford,25,PHI,PF,53,7,864,7.7,15,0.515,0.6,2.8,0.2,7.2,12.2,0.587,0.534,3.4,4.3,0.779,2.1,7.7,9.8,7.4,0.9,1.2,3.6,6,19.3,113,117,
32,Trey Murphy III,25,NOP,SF,66,66,2341,10.1,21.5,0.47,4.4,11.5,0.379,5.7,9.9,0.577,0.572,4.5,5,0.886,1.3,6.4,7.7,5.1,2,0.5,2.5,2.8,29,122,119,
96,Tristan Da Silva,24,ORL,SF,77,34,1899,7.1,15.7,0.45,3,8.1,0.374,4,7.6,0.532,0.547,2.1,2.4,0.884,1.5,5.7,7.2,3.1,1.7,0.6,1.7,3,19.3,114,115,
349,Tristan Vukcevic,22,WAS,C,49,12,671,10.7,22.4,0.479,3.5,10.2,0.347,7.2,12.2,0.59,0.558,6.1,7.8,0.784,2.3,8.1,10.4,3.9,1.6,2.3,4.4,5.8,31.1,110,120,
429,Ty Jerome,28,MEM,SG,15,15,339,14.3,30,0.474,5.9,14,0.42,8.4,16.1,0.522,0.572,6.8,7.8,0.875,1.5,4.3,5.9,11.9,2.2,0.6,3.8,4.3,41.2,125,120,
434,Tyler Burton,25,MEM,SF,12,0,307,6.5,17.3,0.375,3.4,10.2,0.333,3.1,7.1,0.435,0.473,3.5,4.2,0.852,1.2,6.5,7.7,1.9,1.7,0.6,1.7,4.8,19.9,105,119,
271,Tyler Herro,26,MIA,SG,33,28,1033,11.1,23.1,0.48,3.8,10,0.378,7.3,13.2,0.556,0.561,4.4,4.9,0.917,0.6,6.5,7.1,6.1,1,0.5,2.9,2.8,30.4,117,117,
339,Tyler Kolek,24,NYK,PG,62,1,727,7.4,16.9,0.435,3,7.8,0.386,4.4,9.1,0.478,0.524,1,1.4,0.7,1.1,5.6,6.7,11.6,1.5,0.3,3.8,4.4,18.7,114,115,
330,Tyrese Martin,26,2TM,SG,46,6,777,6.9,17.6,0.394,3.4,10.5,0.321,3.6,7.1,0.5,0.489,1.2,1.8,0.679,2.2,5.2,7.4,5,1.6,0.4,2.5,2.1,18.4,102,120,
8,Tyrese Maxey,25,PHI,PG,70,70,2661,12.6,27.2,0.462,4,10.9,0.367,8.6,16.4,0.525,0.536,6.7,7.6,0.892,0.4,4.8,5.3,8.4,2.4,1,3.1,2.7,35.9,120,116,"CPOY-7,AS,NBA3"
370,Tyrese Proctor,21,CLE,PG,50,1,545,8.2,19.8,0.413,4.1,11.6,0.351,4.1,8.3,0.5,0.516,3.5,4,0.889,1,4.7,5.6,6.5,2.2,0,3.5,5.2,24,110,117,
412,Tyson Etienne,26,BRK,PG,24,2,380,7.5,18.9,0.4,5.6,14.1,0.398,2,4.8,0.405,0.548,3.9,4.7,0.833,0.7,2.9,3.5,5.2,1.4,0,2.1,6.1,24.6,117,122,
282,Tyus Jones,29,3TM,PG,67,12,979,3.7,10.7,0.349,2,6.7,0.292,1.8,4,0.444,0.44,0.3,0.4,0.778,0.6,3.1,3.7,7.8,1.8,0.1,1.2,1.5,9.8,110,118,
11,VJ Edgecombe,20,PHI,SG,75,75,2623,8.3,19,0.438,2.7,7.7,0.354,5.6,11.2,0.496,0.51,2.7,3.3,0.818,2.2,5.5,7.8,5.8,2,0.7,2.5,3.9,22.1,113,116,ROY-3
103,Victor Wembanyama,22,SAS,C,64,55,1866,14.2,27.8,0.512,3.1,9,0.349,11.1,18.8,0.59,0.569,9.6,11.6,0.827,3.3,15.6,18.9,5.1,1.7,5.1,4,4,41.2,122,101,"MVP-3,DPOY-1,AS,NBA1,DEF1"
323,Vince Williams Jr.,25,2TM,SG,40,12,820,5.9,16.9,0.353,3.2,10.2,0.311,2.8,6.6,0.417,0.447,2.3,2.9,0.78,2.3,6.7,8.9,9.6,1.7,0.9,4,4.6,17.3,102,119,
191,Vít Krejčí,25,2TM,PG,65,8,1392,6.5,14.6,0.448,4.4,11.2,0.39,2.2,3.4,0.634,0.597,1.3,1.7,0.745,1.1,4,5,3.4,1.6,0.6,1.4,4.7,18.7,121,117,
188,Walter Clayton,22,2TM,PG,69,6,1410,5.9,15.4,0.384,2.5,8.2,0.307,3.4,7.3,0.47,0.465,3.6,4,0.901,0.8,3.8,4.6,9.3,1.5,0.6,3.9,4,18,106,123,
38,Wendell Carter Jr.,26,ORL,C,78,78,2288,6.8,13.4,0.512,1.5,4.7,0.319,5.3,8.6,0.618,0.568,4.2,5.2,0.792,3.4,8.7,12.1,3.2,1.3,1,2.1,5.6,19.4,123,114,
195,Will Richard,23,GSW,SG,69,21,1377,5.7,12.2,0.468,2.5,7.5,0.335,3.2,4.7,0.679,0.571,1.6,1.9,0.852,2.4,3.7,6.1,3.3,2.8,0.3,1.9,4.6,15.5,118,116,
142,Will Riley,19,WAS,SF,74,18,1633,7.9,17.9,0.439,2.3,7.2,0.316,5.6,10.8,0.52,0.502,4.2,5.2,0.8,1.6,4.5,6.1,4.2,1.6,0.3,2.7,2.6,22.2,109,125,
435,Yang Hansen,20,POR,C,43,1,300,4.9,15.9,0.31,0.8,6.7,0.119,4.1,9.2,0.448,0.335,4.5,5.4,0.824,3.2,7.3,10.5,3.5,0.5,1.6,5.1,6.8,15.1,84,116,
402,Yanic Konan Niederhäuser,22,LAC,C,41,0,424,7.5,11.7,0.64,0.1,0.6,0.2,7.4,11.1,0.663,0.645,5.5,7.3,0.758,4.3,9.4,13.7,1.4,0.6,3.5,2.7,7.7,20.6,128,114,
464,Yuki Kawamura,24,CHI,PG,18,0,209,3.8,11.6,0.327,2.5,8.3,0.297,1.3,3.4,0.4,0.433,3.8,4.3,0.895,1.6,5.8,7.4,10.5,2,0,3.1,3.4,13.9,114,119,
216,Yves Missi,21,NOP,C,66,14,1297,5.9,10.8,0.544,0,0,0,5.9,10.8,0.546,0.544,2.1,3.8,0.559,6.7,7.5,14.2,3.1,0.7,3.7,2,4.2,13.9,122,118,
164,Zaccharie Risacher,20,ATL,SF,67,46,1503,7.7,16.8,0.455,3,8.1,0.368,4.7,8.7,0.536,0.544,1.8,2.8,0.644,2.2,5.8,8.1,2.4,1.9,1.1,1.8,4.6,20.1,110,114,
441,Zach Edey,23,MEM,C,11,11,284,10.3,16.3,0.633,0.2,0.8,0.2,10.2,15.5,0.656,0.638,4.2,5.3,0.781,7.2,13.2,20.4,2,1.2,3.5,4.3,6.2,25,119,113,
228,Zach LaVine,30,SAC,SG,39,37,1224,10.4,21.6,0.479,3.9,10,0.39,6.4,11.6,0.556,0.569,4.9,5.6,0.88,0.3,4,4.3,3.5,1.1,0.4,2.9,3.2,29.6,115,125,
357,Zeke Nnaji,25,DEN,PF,52,4,626,5.5,11.8,0.47,1.1,4.2,0.259,4.4,7.6,0.588,0.517,2.7,3.4,0.773,2.6,8,10.6,2.3,1.3,1.9,2.1,5.5,14.8,111,116,
218,Ziaire Williams,24,BRK,SF,56,13,1281,7.1,16.7,0.425,3.3,9.7,0.343,3.8,7,0.538,0.524,4.6,5.4,0.85,1.2,4,5.2,2.3,2.9,0.8,2.3,4.5,22.1,110,118,
109,Zion Williamson,25,NOP,PF,62,55,1841,12.6,21,0.6,0,0.1,0.25,12.6,20.9,0.601,0.6,8.7,12.1,0.716,3.2,5.9,9.2,5.2,1.6,0.9,3.3,3.7,33.8,126,120,
