rk,player,age,team,pos,g,gs,mp,fg,fga,fg_percent,x3p,x3pa,x3p_percent,x2p,x2pa,x2p_percent,e_fg_percent,ft,fta,ft_percent,orb,drb,trb,ast,stl,blk,tov,pf,pts,o_rtg,d_rtg,awards
152,A.J. Green,25,MIL,SG,73,7,1659,5.3,12.4,0.429,4.5,10.6,0.427,0.8,1.8,0.443,0.612,0.6,0.8,0.815,0.5,4.5,5.1,3.1,1.1,0.2,1.2,4.6,15.8,119,117,NA
379,A.J. Lawson,24,TOR,SG,26,2,486,7.9,18.8,0.421,3.3,10,0.327,4.7,8.8,0.528,0.508,4.3,6.2,0.683,2,6.5,8.5,3.1,1.3,0.6,1.5,4.4,23.4,113,116,NA
338,AJ Johnson,20,2TM,SG,29,11,639,6.1,15.9,0.385,1.8,6.7,0.267,4.3,9.2,0.472,0.441,2.4,2.8,0.865,0.6,3.8,4.4,5.7,0.9,0.2,2.6,3.7,16.4,98,123,NA
185,Aaron Gordon,29,DEN,PF,51,42,1447,8.8,16.5,0.531,2.5,5.7,0.436,6.3,10.8,0.582,0.607,4.8,5.9,0.81,2.7,5.5,8.2,5.5,0.8,0.5,2.4,2.7,24.9,129,120,NA
305,Aaron Holiday,28,HOU,PG,62,3,792,7.2,16.5,0.437,4.4,11.1,0.398,2.8,5.3,0.517,0.571,2.1,2.5,0.829,0.8,4,4.8,5.1,1.2,0.7,2.3,3.9,20.9,121,114,NA
250,Aaron Nesmith,25,IND,SF,45,37,1123,8.2,16.2,0.507,3.6,8.3,0.431,4.6,7.9,0.587,0.617,3.1,3.4,0.913,1.6,6,7.6,2.3,1.5,0.7,1.6,4.9,23.2,124,116,NA
139,Aaron Wiggins,26,OKC,SG,76,26,1744,9.8,20,0.488,3.6,9.3,0.383,6.2,10.7,0.578,0.577,2,2.4,0.831,2.2,5.9,8.1,3.7,1.7,0.5,1.9,2.8,25.2,119,110,NA
457,Adam Flagler,25,OKC,SG,37,0,203,5.9,22.7,0.26,3.3,17,0.194,2.6,5.7,0.458,0.333,0.2,0.5,0.5,1.7,4.7,6.4,2.8,1.9,0.7,0.9,3.5,15.4,80,110,NA
287,Adem Bona,21,PHI,C,58,11,905,7.4,10.5,0.703,0,0.1,0,7.4,10.4,0.707,0.703,3.6,5.4,0.67,5,8.3,13.3,1.5,1.4,3.8,3.3,6.8,18.4,123,115,NA
349,Ajay Mitchell,22,OKC,SG,36,1,597,7.3,14.8,0.495,1.8,4.8,0.383,5.5,10,0.548,0.557,2.3,2.8,0.829,1.4,4,5.5,5.1,2,0.3,2.3,5.5,18.8,117,111,NA
153,Al Horford,38,BOS,C,60,42,1659,5.9,13.9,0.423,3.4,9.5,0.363,2.4,4.4,0.551,0.547,1,1.1,0.895,2.4,8.8,11.2,3.9,1.1,1.5,1.4,2.4,16.3,121,111,NA
293,Alec Burks,33,MIA,SG,49,14,863,6.6,15.7,0.424,5.1,12,0.425,1.6,3.7,0.422,0.587,2.2,2.8,0.776,0.9,6.3,7.2,3.2,1.6,0.4,1.7,2.1,20.6,117,114,NA
266,Alex Caruso,30,OKC,SG,54,3,1041,6.5,14.5,0.446,2.8,7.8,0.353,3.7,6.6,0.556,0.541,1.9,2.4,0.824,1.8,5.6,7.3,6.3,4,1.4,1.7,4.7,17.6,122,104,NA
409,Alex Len,31,2TM,C,46,7,380,4.1,8.1,0.508,0.3,1.2,0.222,3.9,7,0.556,0.524,1,2.2,0.471,4.9,7.3,12.2,4.9,1.2,2.7,2.6,7.2,9.5,114,114,NA
455,Alex Reese,25,2TM,PF,15,0,216,5.9,12.3,0.481,3.4,9.4,0.366,2.5,3,0.846,0.62,2.1,2.7,0.75,2.1,8.7,10.7,0.9,2.3,2.3,1.4,4.8,17.3,122,114,NA
126,Alex Sarr,19,WAS,C,67,67,1814,8.5,21.7,0.394,2.8,8.9,0.308,5.8,12.8,0.454,0.457,2.9,4.3,0.679,3.3,8.2,11.4,4.2,1.2,2.6,3,3.8,22.8,99,117,NA
35,Alperen Şengün,22,HOU,C,76,76,2395,11.5,23.2,0.496,0.4,1.8,0.233,11.1,21.4,0.519,0.505,6,8.7,0.692,5.3,10.7,16,7.6,1.7,1.2,3.9,4.2,29.5,116,108,NA
57,Amen Thompson,22,HOU,SF,69,42,2225,8.5,15.2,0.557,0.5,2,0.275,7.9,13.3,0.599,0.575,3.7,5.4,0.684,4.2,8.1,12.3,5.8,2.1,1.9,3,3.7,21.2,123,108,NA
137,Amir Coffey,27,LAC,SG,72,13,1748,6.8,14.4,0.471,2.8,7,0.409,3.9,7.4,0.529,0.57,3.2,3.6,0.891,0.9,3.6,4.5,2.2,1.1,0.2,1.3,3.4,19.6,122,115,NA
319,Andre Drummond,31,PHI,C,40,23,751,7.7,15.4,0.5,0.2,1.3,0.15,7.5,14,0.533,0.506,3.7,5.9,0.622,7.2,13.2,20.4,2.2,2.6,1.2,3.6,6.2,19.2,108,112,NA
273,Andre Jackson Jr.,23,MIL,SG,67,43,980,4.6,9.7,0.477,1.5,3.7,0.395,3.2,6,0.529,0.553,0.6,1.2,0.5,3.2,5.8,9,4.1,1.7,0.7,2.9,5.6,11.3,107,114,NA
110,Andrew Nembhard,25,IND,SG,65,65,1881,6.3,13.8,0.458,1.3,4.5,0.291,5,9.3,0.538,0.506,2.8,3.5,0.794,0.9,4.7,5.5,8.3,2,0.3,2.9,3.8,16.7,111,116,NA
118,Andrew Wiggins,29,2TM,SF,60,60,1842,10,22.3,0.448,3.5,9.3,0.374,6.5,13.1,0.501,0.526,5.2,6.8,0.763,2.4,4.8,7.2,4.2,1.6,1.3,2.6,2.7,28.7,113,113,NA
43,Anfernee Simons,25,POR,SG,70,70,2292,10.2,23.9,0.426,4.6,12.6,0.363,5.6,11.3,0.496,0.521,3.7,4.1,0.902,0.5,3.5,4,7.1,1.3,0.1,3,2.5,28.6,115,119,NA
107,Anthony Black,21,ORL,PG,78,10,1887,6.9,16.4,0.423,1.6,5.2,0.318,5.3,11.2,0.471,0.473,4,5.2,0.761,1.4,4.7,6.1,6.4,2.3,1.3,3.7,4.4,19.5,103,110,NA
145,Anthony Davis,31,2TM,PF,51,51,1706,13.5,26.2,0.516,1,3.6,0.282,12.5,22.6,0.553,0.536,8.2,10.6,0.775,3.9,13.1,17,5.2,1.7,3.2,3.2,2.8,36.3,118,108,NA
3,Anthony Edwards,23,MIN,SG,79,79,2871,12.4,27.7,0.447,5.5,13.9,0.395,6.9,13.8,0.501,0.547,7.1,8.5,0.837,1,6.7,7.7,6.2,1.6,0.9,4.3,2.6,37.4,115,112,NA
402,Anthony Gill,32,WAS,PF,51,0,397,5.2,10.5,0.489,1.2,3.7,0.323,4,6.8,0.579,0.545,4,6,0.66,2.2,5.8,7.9,1.9,1.1,0.2,1.2,3.6,15.5,119,122,NA
334,Antonio Reeves,24,NOP,SG,44,6,660,8.3,18.2,0.456,3.7,9.5,0.395,4.6,8.7,0.521,0.558,2.1,2.6,0.8,1.3,3.3,4.6,2.9,1.5,0.3,2.2,2.9,22.4,111,123,NA
454,Ariel Hukporti,22,NYK,C,25,1,217,4.8,7.1,0.677,0,0,NA,4.8,7.1,0.677,0.677,1.4,3,0.462,3.2,8.5,11.7,2.5,0.2,3.4,4.8,7.3,11,95,113,NA
210,Ausar Thompson,22,DET,SF,59,48,1328,8.9,16.7,0.535,0.4,1.8,0.224,8.5,14.9,0.572,0.547,3.3,5.1,0.641,4,7,11,4.9,3.5,1.4,2.9,5.9,21.5,115,108,NA
23,Austin Reaves,26,LAL,SG,73,73,2550,9.2,20,0.46,3.9,10.2,0.377,5.3,9.8,0.547,0.556,6.2,7.1,0.877,1.2,5.2,6.3,8.1,1.6,0.4,3.4,2.9,28.5,122,117,NA
196,Ayo Dosunmu,25,CHI,SG,46,26,1394,7.4,15,0.492,2.1,6.3,0.328,5.3,8.7,0.612,0.561,2.1,2.6,0.785,0.9,4.5,5.4,7,1.4,0.6,2.3,3.5,19,117,118,NA
12,Bam Adebayo,27,MIA,C,78,78,2674,10.1,20.8,0.485,1.5,4.1,0.357,8.6,16.6,0.517,0.521,4.7,6.1,0.765,3.5,10.5,14,6.3,1.8,1,3,3,26.3,115,110,NA
407,Baylor Scheierman,24,BOS,SG,31,2,384,5.1,14.4,0.355,3.4,10.7,0.317,1.7,3.7,0.464,0.473,1.2,1.6,0.75,2.5,6,8.5,4.3,2.2,0.3,1.6,2.9,14.8,111,111,NA
230,Ben Sheppard,23,IND,SG,63,9,1228,4.7,11.2,0.418,2.7,7.8,0.342,2,3.4,0.591,0.537,0.9,1.1,0.889,1.7,5.2,6.9,3.3,1.5,0.5,0.9,4.9,13,119,116,NA
252,Ben Simmons,28,2TM,PG,51,24,1120,5.1,9.9,0.52,0,0,NA,5.1,9.9,0.52,0.52,1.1,1.5,0.727,2.1,8.6,10.7,12.6,1.7,1,4.5,4.7,11.3,110,113,NA
69,Bennedict Mathurin,22,IND,SF,72,49,2149,8.7,19.1,0.458,2.2,6.4,0.34,6.6,12.6,0.519,0.516,6.2,7.4,0.831,1.9,6.6,8.6,3,1.1,0.5,3,3.6,25.9,110,116,NA
99,Bilal Coulibaly,20,WAS,SF,59,59,1948,6.4,15.2,0.421,1.5,5.5,0.281,4.9,9.8,0.5,0.472,3.4,4.5,0.746,2.2,5,7.2,4.9,1.9,1,3.1,3.4,17.8,103,120,NA
366,Bismack Biyombo,32,SAS,C,28,26,528,6.1,10.4,0.588,0,0,NA,6.1,10.4,0.588,0.588,0.9,2.3,0.4,3.9,10.5,14.5,2.8,1.5,2.1,2.5,4.8,13.2,111,114,NA
329,Blake Wesley,21,SAS,SG,58,0,683,5.7,13.2,0.435,1.2,4.1,0.293,4.5,9.1,0.5,0.481,2.7,4.3,0.623,1.2,3.1,4.3,8.1,2.6,0.4,3.8,3.3,15.4,102,118,NA
225,Bobby Portis,29,MIL,PF,49,7,1244,10.8,23.1,0.466,2.5,6.9,0.365,8.2,16.2,0.508,0.52,2.4,2.8,0.836,3.5,12.5,16,4,1.4,1,2.2,3.7,26.4,111,110,NA
207,Bogdan Bogdanović,32,2TM,SG,54,4,1348,7.5,17.6,0.427,3.7,10.3,0.363,3.7,7.2,0.517,0.534,2.1,2.4,0.879,0.9,4.8,5.7,5.2,1.5,0.4,2.6,4.5,20.8,110,116,NA
390,Bol Bol,25,PHO,PF,36,10,448,10.6,20.2,0.525,3.5,10.3,0.344,7.1,9.9,0.711,0.612,2.2,2.9,0.769,2.2,9.3,11.5,2.4,1,2.8,2.2,2.2,26.9,117,117,NA
449,Bones Hyland,24,2TM,PG,24,0,239,9.7,24.3,0.398,6.6,16.9,0.39,3.1,7.4,0.417,0.534,4.7,5.4,0.885,1,4.1,5.2,6.6,3.7,0.8,5.2,6,30.7,107,108,NA
146,Bradley Beal,31,PHO,SG,53,38,1702,10,20.2,0.497,3,7.7,0.386,7.1,12.5,0.565,0.571,3.2,4,0.803,1,4.2,5.1,5.7,1.7,0.8,2.9,4,26.2,114,121,NA
445,Branden Carlson,25,OKC,C,32,0,246,8.4,18.9,0.443,4.3,12.9,0.333,4.1,6,0.677,0.557,2.7,3.5,0.778,3.3,7.2,10.5,2.7,1,4.1,1.4,4.3,23.8,122,106,NA
143,Brandin Podziemski,21,GSW,SG,64,33,1716,7.9,17.8,0.445,3.3,8.8,0.372,4.7,9.1,0.516,0.537,2,2.7,0.758,1.8,7.4,9.2,6.2,2,0.4,2.1,2.7,21.2,116,112,NA
271,Brandon Boston Jr.,23,NOP,SG,42,10,993,8.1,18.6,0.436,2.4,6.8,0.35,5.7,11.8,0.485,0.5,3.3,4.1,0.788,1.4,5.2,6.5,4.5,2.6,0.4,2.5,3.6,21.9,107,120,NA
235,Brandon Clarke,28,MEM,PF,64,18,1207,9.1,14.6,0.621,0,0.7,0.059,9.1,14,0.647,0.622,2.3,3.4,0.701,4.9,7.7,12.6,2.5,2,1.4,1.6,5.6,20.6,131,112,NA
350,Brandon Ingram,27,NOP,SF,18,18,595,12.6,27.1,0.465,3.5,9.4,0.374,9.1,17.7,0.514,0.53,3.8,4.5,0.855,1.4,6.8,8.1,7.6,1.3,0.9,5.6,3.7,32.6,104,121,NA
280,Brandon Miller,22,CHO,SF,27,27,924,10.5,26.1,0.403,5.5,15.6,0.355,5,10.5,0.475,0.509,3.6,4.2,0.861,1.3,5.6,7,5.2,1.5,1.1,4,3.9,30.2,104,117,NA
378,Brandon Williams,25,DAL,PG,33,3,487,9.7,18.7,0.521,2.4,6,0.4,7.4,12.7,0.578,0.585,5.5,6.6,0.833,1.2,4.6,5.8,7.5,2.4,0.5,3.9,3.3,27.3,120,116,NA
187,Brice Sensabaugh,21,UTA,SF,71,15,1432,9.2,20.1,0.459,5.3,12.5,0.422,4,7.6,0.52,0.59,2.2,2.4,0.89,1.4,5.6,7,3.7,1.5,0.3,3.6,3.7,25.9,111,122,NA
26,Brook Lopez,36,MIL,C,80,80,2546,7.5,14.7,0.509,2.6,7.1,0.373,4.8,7.6,0.636,0.599,2.2,2.6,0.826,2.1,5.5,7.6,2.7,0.9,2.8,1.6,3.2,19.8,122,114,NA
281,Bruce Brown,28,2TM,PG,41,12,922,6.8,16.2,0.421,1.4,4.2,0.333,5.4,11.9,0.452,0.464,2.8,3.4,0.815,2.1,6.5,8.6,4.4,1.8,0.5,2,3.7,17.8,107,118,NA
28,Bub Carrington,19,WAS,PG,82,57,2458,5.8,14.5,0.401,2.7,7.9,0.339,3.1,6.6,0.475,0.493,1.3,1.6,0.812,0.6,6,6.6,7,1,0.4,2.7,3.7,15.6,104,121,NA
115,Buddy Hield,32,GSW,SG,82,22,1863,8.6,20.5,0.417,5.3,14.3,0.37,3.3,6.2,0.527,0.546,1.4,1.7,0.828,1.3,5.6,6.9,3.5,1.8,0.6,2.4,3.4,23.8,108,113,NA
123,CJ McCollum,33,NOP,PG,56,56,1832,11.7,26.4,0.444,4.5,12.1,0.373,7.2,14.3,0.505,0.53,3.3,4.6,0.717,1.1,4.5,5.6,6,1.2,0.6,2.8,3.3,31.3,110,123,NA
29,Cade Cunningham,23,DET,PG,70,70,2452,13.4,28.6,0.469,2.9,8.2,0.356,10.5,20.4,0.515,0.521,6.1,7.3,0.846,1.1,7.2,8.3,12.5,1.4,1,6.1,3.8,35.9,112,113,NA
307,Caleb Houstan,22,ORL,SF,58,6,788,5.1,12,0.421,4.1,10.1,0.4,1,1.9,0.533,0.589,1,1.1,0.882,1.2,3.5,4.8,2.2,1.4,0.4,0.8,3.9,15.1,123,114,NA
233,Caleb Martin,29,2TM,SF,45,24,1218,5.2,12.3,0.424,1.5,4.2,0.359,3.7,8.1,0.458,0.485,2.5,3.9,0.622,2.1,5,7.1,3.8,1.9,0.9,2.3,3.5,14.3,105,119,NA
352,Cam Reddish,25,LAL,SF,33,8,589,3.2,7.9,0.404,1.1,3.9,0.277,2.1,3.9,0.532,0.473,1.3,2.2,0.615,1.4,4.1,5.5,1.8,2.8,0.8,1,3.6,8.8,106,114,NA
441,Cam Spencer,24,MEM,SG,25,1,252,6.3,15.1,0.415,3.5,9.8,0.358,2.8,5.3,0.517,0.53,3.5,3.5,1,2.2,3.3,5.5,6.3,1.7,0.2,1.1,4.2,19.6,134,117,NA
311,Cam Thomas,23,BRK,SG,25,23,781,12.7,28.9,0.438,4.3,12.4,0.349,8.4,16.5,0.506,0.513,8.5,9.6,0.881,1,4.3,5.3,6,1,0.1,4,2.8,38.2,111,120,NA
301,Cam Whitmore,20,HOU,SF,51,3,827,10.5,23.7,0.444,3.8,10.8,0.355,6.7,12.9,0.518,0.525,3.2,4.2,0.75,2.1,6.8,8.9,2.9,1.8,0.8,2.7,2.6,28.1,112,111,NA
129,Cameron Johnson,28,BRK,PF,57,57,1800,9.8,20.7,0.475,4.4,11.3,0.39,5.4,9.4,0.578,0.582,5.6,6.2,0.893,1.5,5.3,6.8,5.4,1.5,0.7,2.7,2.9,29.6,122,117,NA
255,Cameron Payne,30,NYK,PG,72,5,1090,8.1,20.3,0.401,4.2,11.7,0.363,3.9,8.6,0.453,0.506,2.2,2.5,0.907,0.6,4.1,4.7,9.2,1.8,0.7,2.4,5.1,22.8,115,116,NA
161,Caris LeVert,30,2TM,SG,64,3,1596,8.3,17.8,0.467,3.2,8.5,0.373,5.2,9.4,0.552,0.556,3.3,4.6,0.71,1.2,4.8,6,6.4,1.7,1,2.3,2.9,23.1,119,115,NA
111,Cason Wallace,21,OKC,SG,68,43,1876,5.9,12.5,0.474,1.9,5.3,0.356,4,7.2,0.562,0.55,0.8,0.9,0.811,1.8,4,5.9,4.4,3.1,0.9,1.5,3.7,14.5,118,108,NA
411,Charles Bassey,24,SAS,C,36,1,376,8.7,15,0.581,0,0,NA,8.7,15,0.581,0.581,2.7,4.2,0.636,7.2,12.3,19.5,2.2,1.8,3.9,3,6.4,20.2,118,110,NA
291,Chet Holmgren,22,OKC,C,32,32,877,9.1,18.7,0.49,2.4,6.3,0.379,6.7,12.3,0.547,0.554,5.5,7.3,0.754,2.6,11.4,14.1,3.4,1.3,3.9,3.1,3.9,26.2,116,103,NA
294,Chris Boucher,32,TOR,PF,50,0,862,10.2,20.7,0.492,3.9,10.8,0.363,6.3,9.9,0.633,0.586,3.8,4.9,0.782,3.9,8.6,12.5,1.8,1.3,1.4,1.6,3.8,28,123,114,NA
42,Chris Paul,39,SAS,PG,82,82,2292,5.3,12.3,0.427,3,7.8,0.377,2.3,4.5,0.514,0.547,1.8,1.9,0.924,0.7,5.5,6.2,12.8,2.2,0.5,2.7,3.2,15.2,125,118,NA
11,Christian Braun,23,DEN,SG,79,77,2675,8.6,14.8,0.58,1.6,4,0.397,7,10.7,0.648,0.634,3.2,3.8,0.827,1.8,5.6,7.4,3.7,1.5,0.7,1.5,3.1,21.9,133,118,NA
418,Christian Koloko,24,LAL,C,37,0,342,5.8,9.5,0.606,0,0.6,0,5.8,8.9,0.645,0.606,1.4,2,0.714,5,8.2,13.2,2.3,1.2,2.3,1.7,6.3,12.9,128,113,NA
239,Clint Capela,30,ATL,C,55,41,1176,8.7,15.5,0.559,0,0,0,8.7,15.5,0.56,0.559,2.1,3.9,0.536,6.9,11.7,18.7,2.5,1.4,2.1,1.9,4.2,19.4,120,113,NA
31,Coby White,24,CHI,SG,74,73,2450,9.7,21.4,0.453,4.1,11.1,0.37,5.6,10.2,0.544,0.55,5.3,5.8,0.902,0.5,4.7,5.2,6.3,1.3,0.3,3.4,2.9,28.8,114,118,NA
240,Cody Martin,29,2TM,SF,53,8,1173,5.7,13.6,0.418,1.8,6.3,0.285,3.9,7.3,0.534,0.485,1.8,2.6,0.705,2.2,7.2,9.4,4.4,2.4,1.3,2.1,4,15,106,115,NA
260,Cody Williams,20,UTA,SG,50,21,1060,3.8,11.6,0.323,1.6,6.1,0.259,2.2,5.5,0.393,0.391,1.3,1.8,0.725,1.2,3.9,5.1,2.7,1,0.7,2,4.3,10.4,89,123,NA
369,Colby Jones,22,2TM,SG,39,0,515,5.5,12,0.457,1.5,4.6,0.327,4,7.4,0.538,0.519,2.1,3.3,0.657,2,6.1,8.1,4.1,2.4,1.2,2.1,3.4,14.6,109,116,NA
229,Cole Anthony,24,ORL,PG,67,22,1234,9.3,22,0.424,3.1,8.8,0.353,6.2,13.2,0.471,0.494,3.8,4.6,0.823,1.9,6.4,8.3,7.7,1.8,1.3,4.2,6.1,25.5,106,110,NA
392,Colin Castleton,24,3TM,C,26,4,432,5.1,10.9,0.469,0.2,1.8,0.125,4.9,9.2,0.537,0.48,3.2,4.2,0.763,5.9,7.7,13.6,3.1,0.9,1.1,2.6,5.7,13.7,114,116,NA
386,Collin Gillespie,25,PHO,PG,33,9,461,7.3,17,0.43,4.2,9.7,0.433,3.1,7.3,0.426,0.554,2,2.4,0.864,2.4,6,8.4,8.4,2.3,0.5,1.8,3.2,20.8,126,119,NA
135,Collin Sexton,26,UTA,SG,63,61,1758,11.4,23.7,0.48,3,7.4,0.406,8.4,16.3,0.513,0.543,5.9,6.9,0.865,1.6,3,4.7,7.2,1.3,0.2,4.4,3.9,31.6,115,124,NA
160,Corey Kispert,25,WAS,SF,61,0,1602,7.6,16.8,0.451,3.6,9.8,0.364,4,7,0.574,0.558,2.2,2.6,0.852,1.1,4.3,5.4,3.1,0.8,0.4,1.9,2.9,20.9,112,123,NA
345,Cory Joseph,33,ORL,PG,50,16,612,5.1,12.6,0.403,3.2,8.7,0.364,1.9,3.8,0.489,0.529,1.1,1.5,0.778,1.4,4.7,6,5.9,2.1,0.3,1.5,4.1,14.4,118,111,NA
370,Craig Porter Jr.,24,CLE,PG,51,1,513,6.8,13.1,0.514,2,4.5,0.438,4.8,8.6,0.554,0.589,2.2,3,0.719,1.8,4.5,6.3,6.7,1.6,1.4,3.6,2.3,17.6,116,113,NA
181,D'Angelo Russell,28,2TM,PG,58,36,1480,8.3,21.3,0.39,3.8,12,0.314,4.5,9.3,0.489,0.479,4,4.8,0.834,0.7,4.7,5.4,9.9,1.9,0.8,3.6,3.8,24.5,109,116,NA
257,DaQuan Jeffries,27,CHO,SG,47,20,1071,5.4,13.4,0.405,2.5,7.5,0.335,2.9,5.8,0.496,0.5,1.1,1.4,0.8,1.7,4.5,6.2,2.4,1.2,1.1,1.6,4.5,14.5,105,119,NA
251,Dalano Banton,25,POR,PG,67,7,1120,8.6,22,0.391,3.1,9.6,0.324,5.5,12.4,0.442,0.462,3.9,5.4,0.728,1.3,4.6,5.9,6.9,1.9,1.5,3.7,2.5,24.3,103,115,NA
272,Dalen Terry,22,CHI,SG,73,5,987,5.7,12.7,0.448,1.7,4.9,0.356,3.9,7.8,0.506,0.517,2.3,3.3,0.71,1.8,4.1,5.9,4.6,2.1,0.7,2.5,5.4,15.4,108,116,NA
179,Dalton Knecht,23,LAL,SF,78,16,1494,8.5,18.3,0.461,4.2,11.2,0.376,4.2,7.1,0.594,0.576,2.1,2.8,0.762,1.2,5.9,7.1,2.2,0.8,0.3,1.2,3.1,23.2,117,118,NA
77,Damian Lillard,34,MIL,PG,58,58,2093,10.3,22.9,0.448,4.6,12.1,0.376,5.7,10.8,0.528,0.547,8.4,9.1,0.921,0.7,5.6,6.3,9.5,1.6,0.2,3.7,2.2,33.4,122,115,NA
414,Damion Baugh,24,CHO,SG,15,2,370,5.6,17.3,0.323,1.6,7.4,0.214,4,9.8,0.405,0.369,1.7,2,0.867,1.9,4.8,6.6,7.4,2,0.3,4.1,2.9,14.5,87,118,NA
231,Daniel Gafford,26,DAL,C,57,31,1226,11.2,15.9,0.702,0,0,NA,11.2,15.9,0.702,0.702,5.3,7.7,0.689,6.1,9.2,15.3,3.2,0.9,4,2.6,6,27.7,137,113,NA
344,Daniel Theis,32,NOP,C,38,9,621,4.8,10.1,0.473,0.7,2.9,0.243,4.1,7.2,0.565,0.508,2.4,2.9,0.838,3.4,9.4,12.8,4.7,1.4,1.6,1.9,5.5,12.6,119,118,NA
413,Dante Exum,29,DAL,PG,20,13,372,8.3,17.4,0.478,3,6.9,0.434,5.3,10.5,0.506,0.563,3,4,0.742,0.5,3.8,4.3,7.3,1.6,0.4,2.9,4.4,22.6,116,119,NA
456,Dario Šarić,30,DEN,C,16,4,210,4.8,13.3,0.362,1.6,6,0.269,3.2,7.3,0.438,0.422,1.6,2.3,0.7,3.2,8.2,11.4,5.3,1.6,0.2,3.4,4.4,12.8,97,116,NA
446,Dariq Whitehead,20,BRK,SF,20,0,246,7.9,19.4,0.406,6.7,15,0.446,1.2,4.5,0.273,0.578,0.6,1,0.6,0.8,5.1,5.9,2.4,1.2,0.2,3,4.5,23.1,102,118,NA
39,Darius Garland,25,CLE,PG,75,75,2301,11.6,24.5,0.472,4.4,11.1,0.401,7.1,13.5,0.53,0.562,4.7,5.3,0.878,1,3.5,4.5,10.6,1.9,0.2,4,3,32.3,121,115,NA
397,David Roddy,23,3TM,PF,33,3,410,6.5,14.4,0.456,2.2,7,0.311,4.4,7.4,0.594,0.532,2.3,3,0.769,1.5,8.2,9.6,4,1.6,1,2.5,2.3,17.6,109,115,NA
88,Davion Mitchell,26,2TM,PG,74,37,2027,5.4,11.5,0.468,2,5.1,0.398,3.4,6.4,0.525,0.557,1.4,2,0.69,0.8,3.2,4,8.8,1.7,0.4,3.1,4.5,14.2,113,117,NA
286,Day'Ron Sharpe,23,BRK,C,50,2,907,9.1,17.4,0.521,0.6,2.5,0.244,8.5,14.9,0.566,0.538,3.1,4.1,0.757,8.2,9.9,18.1,5,2.3,2.3,3.5,6.2,21.8,117,111,NA
52,De'Aaron Fox,27,2TM,PG,62,62,2241,11.7,25.3,0.463,2.6,8.3,0.31,9.2,17,0.538,0.514,5.7,6.9,0.827,1.2,5.3,6.5,8.5,2,0.5,3.8,3.6,31.7,113,117,NA
141,De'Andre Hunter,27,2TM,SF,64,9,1740,9.7,20.7,0.47,4.3,10.5,0.405,5.5,10.2,0.537,0.573,5.8,6.9,0.846,1.2,5.8,7,2.5,1.4,0.4,2.2,4.2,29.6,120,117,NA
327,DeAndre Jordan,36,DEN,C,56,5,691,6.3,9.7,0.65,0,0,NA,6.3,9.7,0.65,0.65,1.9,4.5,0.422,5.8,13.9,19.8,3.7,1.1,1.9,2.8,5.1,14.5,121,112,NA
6,DeMar DeRozan,35,SAC,SF,77,77,2768,11,23.1,0.477,1.5,4.5,0.328,9.5,18.6,0.513,0.509,6.7,7.8,0.857,0.9,4.4,5.3,6,1.1,0.6,1.9,2.7,30.2,120,119,NA
222,Dean Wade,28,CLE,PF,59,30,1252,4.3,10.4,0.413,3.1,8.5,0.36,1.2,1.9,0.653,0.561,0.6,1.2,0.533,2,7.6,9.6,2.9,1.6,0.8,0.8,3.9,12.3,123,112,NA
236,Deandre Ayton,26,POR,C,40,40,1206,10.7,18.9,0.566,0.2,1.3,0.188,10.4,17.6,0.594,0.573,1.6,2.4,0.667,5,11.4,16.4,2.6,1.2,1.6,2.8,3.5,23.2,115,112,NA
268,Dejounte Murray,28,NOP,PG,31,31,1012,9.3,23.6,0.393,2.5,8.3,0.299,6.8,15.3,0.444,0.445,4.9,5.9,0.823,0.8,8.8,9.6,10.9,3,0.6,5.1,2.9,25.9,101,116,NA
340,Delon Wright,32,2TM,PG,40,7,635,3.5,10.1,0.344,1.5,5.6,0.274,1.9,4.5,0.431,0.42,1.2,1.9,0.6,2.1,3,5.1,5.9,2.7,0.9,1.7,1.9,9.6,105,114,NA
66,Deni Avdija,24,POR,SF,72,54,2161,9,19,0.476,2.8,7.7,0.365,6.2,11.3,0.552,0.55,6.5,8.4,0.78,2.5,9.3,11.7,6.3,1.6,0.8,4.4,3.8,27.4,116,113,NA
76,Dennis Schröder,31,3TM,PG,75,49,2105,7.8,19.2,0.406,2.9,8.6,0.342,4.9,10.6,0.458,0.483,4.2,5,0.838,0.6,4,4.6,9.4,1.5,0.3,3.3,4.2,22.7,111,117,NA
299,Dereck Lively II,20,DAL,C,36,29,833,7.8,11.1,0.702,0,0,NA,7.8,11.1,0.702,0.702,2.7,4.2,0.63,6,9.6,15.7,4.9,1.2,3.3,2.4,5.8,18.2,138,113,NA
112,Derrick Jones Jr.,27,LAC,SF,77,55,1873,8.1,15.5,0.526,2.1,5.8,0.356,6.1,9.7,0.627,0.593,2.2,3.1,0.703,2.4,4.5,6.9,1.6,2.1,0.9,1.7,4,20.5,118,112,NA
20,Derrick White,30,BOS,SG,76,76,2574,8.3,18.7,0.442,5.2,13.5,0.384,3.1,5.2,0.593,0.58,2.6,3.1,0.839,1.3,5.3,6.6,7,1.4,1.6,2.6,2.7,24.3,123,112,NA
59,Desmond Bane,26,MEM,SG,69,68,2205,10.4,21.5,0.484,3.5,8.8,0.392,6.9,12.6,0.548,0.565,3.7,4.2,0.894,1.3,7.5,8.8,7.8,1.7,0.6,3.6,3.5,28,119,113,NA
4,Devin Booker,28,PHO,SG,75,75,2795,11.6,25.1,0.461,3.2,9.7,0.332,8.3,15.4,0.542,0.525,7.6,8.5,0.894,1.3,4.1,5.4,9.4,1.2,0.3,3.9,3.5,34,119,123,NA
403,Devin Carter,22,SAC,PG,36,0,396,5.8,15.7,0.37,2.2,7.5,0.295,3.6,8.2,0.439,0.441,3.2,5.4,0.591,2.3,7,9.4,5.1,2.6,0.5,2.2,4.8,17,104,114,NA
93,Devin Vassell,24,SAS,SG,64,53,1983,9.6,21.7,0.443,3.9,10.5,0.368,5.8,11.2,0.513,0.532,2.3,2.9,0.792,0.8,5.4,6.2,4.5,2,0.8,2.1,2.6,25.4,109,118,NA
36,Dillon Brooks,29,HOU,SF,75,75,2388,7.8,18.2,0.429,3.8,9.6,0.397,4,8.7,0.465,0.533,2,2.5,0.818,1.5,4.1,5.6,2.6,1.2,0.3,1.5,4.9,21.5,117,114,NA
362,Dillon Jones,23,OKC,SF,54,3,551,4.4,11.6,0.383,1.4,5.5,0.254,3,6.1,0.5,0.444,1.5,2.4,0.607,2.6,7.9,10.5,5.1,1.4,0.3,2.4,4.7,11.8,103,109,NA
33,Domantas Sabonis,28,SAC,C,70,70,2429,10.6,18,0.59,1.3,3.1,0.417,9.3,14.8,0.627,0.627,4.4,5.8,0.754,5.4,14.2,19.6,8.5,1,0.5,4.1,4.6,26.9,128,114,NA
412,Dominick Barlow,21,ATL,SF,35,4,375,7.5,14.1,0.531,0.9,3.4,0.259,6.6,10.7,0.616,0.562,2.6,4.1,0.636,4.4,6.2,10.6,2.4,1.1,2,0.6,5.9,18.5,129,116,NA
211,Donovan Clingan,20,POR,C,67,37,1324,6.6,12.3,0.539,0.5,1.8,0.286,6.1,10.5,0.582,0.56,2.3,3.8,0.596,8,11.4,19.3,2.8,1.2,4,2.6,6.9,16,120,109,NA
54,Donovan Mitchell,28,CLE,SG,71,71,2232,12.6,28.4,0.443,5,13.6,0.368,7.6,14.8,0.512,0.531,6.4,7.8,0.823,1.2,5.7,6.9,7.6,2,0.4,3.2,3,36.7,118,113,NA
158,Donte DiVincenzo,28,MIN,SG,62,10,1606,7.7,18.2,0.422,5.3,13.5,0.397,2.3,4.8,0.49,0.568,1.5,1.9,0.778,1,6,7,6.9,2.2,0.5,3,3.5,22.2,115,111,NA
125,Dorian Finney-Smith,31,2TM,PF,63,40,1818,5.3,11.8,0.448,3.5,8.5,0.411,1.8,3.3,0.545,0.597,0.8,1.2,0.667,2.2,4.5,6.7,2.4,1.6,0.6,1.5,3.7,14.9,118,117,NA
417,Doug McDermott,33,SAC,SF,42,3,342,7.1,16.7,0.427,6.3,14.4,0.436,0.9,2.3,0.375,0.615,0.4,0.7,0.6,0.4,2.7,3.1,1,0.6,0.3,0.9,4.3,21,119,122,NA
92,Draymond Green,34,GSW,PF,68,66,1983,5.3,12.5,0.424,2,6,0.325,3.3,6.5,0.517,0.503,2.5,3.6,0.687,1.8,8.3,10.2,9.4,2.4,1.7,4.3,5.4,15,107,109,NA
322,Drew Eubanks,27,2TM,C,61,4,746,7.4,12.6,0.593,0.2,0.4,0.5,7.2,12.2,0.596,0.601,3,4.6,0.662,3.9,10.7,14.6,3.5,0.8,2.5,2.7,4.1,18.1,120,115,NA
439,Drew Timme,24,BRK,PF,9,2,254,8.8,20,0.441,1.8,6.9,0.257,7.1,13.1,0.537,0.485,2,3.1,0.625,3.3,9.4,12.7,3.9,0.8,0.2,2.9,4.1,21.4,100,117,NA
435,Dru Smith,27,MIA,SG,14,1,268,5.8,11.4,0.508,3,5.6,0.533,2.8,5.8,0.484,0.639,1.7,2.2,0.75,2.2,4.5,6.7,4.3,3.9,1.1,3.2,5.6,16.2,115,109,NA
130,Duncan Robinson,30,MIA,SF,74,37,1785,8.1,18.5,0.437,5.3,13.5,0.393,2.8,5,0.556,0.581,1.3,1.5,0.887,0.5,4.2,4.7,4.9,1.1,0.2,2.4,3.8,22.8,112,117,NA
382,Duop Reath,28,POR,C,46,0,469,7.3,17.2,0.422,3.5,11,0.321,3.7,6.2,0.6,0.524,2.1,2.3,0.909,4.6,5,9.5,2.7,1.2,1.5,1.7,4.2,20.1,120,116,NA
361,Dwight Powell,33,DAL,C,55,3,551,3.7,5.4,0.689,0.2,0.4,0.4,3.5,4.9,0.714,0.705,2.5,3.8,0.651,4.1,6.2,10.4,4.8,1.6,1.8,1.6,6.6,10,144,115,NA
21,Dyson Daniels,21,ATL,SG,76,76,2571,8.3,16.8,0.493,1.5,4.3,0.34,6.8,12.5,0.545,0.536,1.5,2.5,0.593,2.3,5.9,8.2,6.1,4.2,1,2.8,3.2,19.5,110,111,NA
372,Elfrid Payton,30,2TM,PG,24,9,511,3.8,11.6,0.328,0.1,0.6,0.167,3.7,11,0.336,0.332,0.4,0.7,0.571,1.4,6.1,7.5,15.8,2.3,1,5.6,3.4,8.1,89,118,NA
315,Eric Gordon,36,PHI,SG,39,13,768,5.6,13.1,0.426,3.6,8.8,0.409,2,4.3,0.463,0.564,2.3,3.1,0.75,0.5,2.4,3,4.2,1.7,0.8,1.8,2.1,17.1,116,122,NA
63,Evan Mobley,23,CLE,PF,71,71,2167,11.2,20.1,0.557,1.9,5.1,0.37,9.3,15,0.621,0.604,4.9,6.8,0.725,3.6,11,14.6,5,1.4,2.5,3.2,3.1,29.2,124,108,NA
89,Franz Wagner,23,ORL,SF,60,60,2023,13.3,28.7,0.463,2.6,8.7,0.295,10.7,20,0.535,0.507,6.7,7.7,0.871,1.4,7.1,8.4,7,1.9,0.5,3.4,3.6,35.8,113,110,NA
74,Fred VanVleet,30,HOU,PG,60,60,2111,6.6,17.5,0.378,3.7,10.6,0.345,3,6.9,0.43,0.483,2.6,3.2,0.81,0.7,4.4,5.1,7.7,2.2,0.6,2,3.2,19.5,117,112,NA
388,GG Jackson II,20,MEM,PF,29,3,459,7.5,20.2,0.372,3.2,9.6,0.337,4.3,10.5,0.404,0.452,2.9,4.1,0.725,2.7,6.6,9.3,2.9,1.2,0.5,3.1,3,21.2,99,115,NA
171,Gabe Vincent,28,LAL,PG,72,11,1527,5.4,13.5,0.4,3.5,10,0.353,1.9,3.6,0.532,0.53,0.5,0.7,0.714,0.6,2.3,3,3.2,1.6,0.4,1.3,4.9,14.8,108,118,NA
451,Garrett Temple,38,TOR,SG,28,0,227,3.8,12.7,0.3,1.3,5.9,0.214,2.5,6.8,0.375,0.35,2.3,2.5,0.917,1.9,4.2,6.1,6.6,3.6,0.4,2.1,4.9,11.2,98,112,NA
300,Garrison Mathews,28,ATL,SG,47,2,830,5.7,14.5,0.397,4.8,12.3,0.39,1,2.2,0.436,0.562,3.6,4.4,0.821,0.7,4.2,4.9,3.4,1.5,0.8,1.7,4.6,19.9,119,118,NA
324,Gary Harris,30,ORL,SG,48,3,711,3.6,9.3,0.383,2.5,7.1,0.356,1.1,2.2,0.469,0.519,0.5,0.8,0.583,1.4,3.1,4.5,2.1,1.8,0.8,1.2,3.2,10.2,107,112,NA
279,Gary Payton II,32,GSW,SG,62,11,927,9,15.6,0.574,1.6,5,0.326,7.3,10.7,0.69,0.626,1.4,2,0.711,2.8,6.9,9.7,4.4,2.7,0.9,2,5.7,21,124,110,NA
106,Gary Trent Jr.,26,MIL,SG,74,9,1893,7.2,16.8,0.431,4.6,11.1,0.416,2.6,5.7,0.46,0.568,2,2.3,0.848,0.5,3.8,4.3,2.2,1.8,0.1,1.1,3.2,21,115,116,NA
147,Georges Niang,31,2TM,PF,79,3,1697,8,17.4,0.461,4.7,11.5,0.406,3.4,5.9,0.569,0.595,1.3,1.6,0.793,1.3,6.3,7.6,3.1,0.8,0.4,2.3,5.6,22,115,117,NA
44,Giannis Antetokounmpo,30,MIL,PF,67,67,2289,16.8,27.9,0.601,0.3,1.3,0.222,16.5,26.5,0.62,0.607,9.2,14.9,0.617,3.1,13.8,16.9,9.1,1.2,1.6,4.4,3.3,43,122,109,NA
188,Goga Bitadze,25,ORL,C,70,42,1430,7.2,11.8,0.611,0.1,1,0.107,7.1,10.9,0.656,0.615,3,4.6,0.639,5.8,10.3,16.2,4.8,1.7,3.4,2.5,5.2,17.5,127,105,NA
164,Gradey Dick,21,TOR,SG,54,54,1587,8,19.6,0.41,3.5,9.9,0.35,4.6,9.7,0.47,0.498,4,4.7,0.858,1.3,4.5,5.9,3,1.5,0.3,2.5,3.6,23.6,107,117,NA
380,Grant Williams,26,CHO,PF,16,7,479,5.5,12.6,0.439,2.8,7.6,0.365,2.8,5,0.551,0.549,3.2,3.8,0.838,1.8,6.6,8.4,3.8,1.8,1.3,2.9,4.7,17,112,116,NA
168,Grayson Allen,29,PHO,SG,64,7,1544,7,15.7,0.448,4.8,11.2,0.426,2.2,4.5,0.504,0.6,3,3.7,0.816,1.1,5.1,6.2,4.4,1.7,0.6,2.4,3,21.8,119,120,NA
105,Guerschon Yabusele,29,PHI,C,70,43,1895,7.3,14.6,0.501,2.7,7.1,0.38,4.6,7.5,0.616,0.593,2.6,3.6,0.725,3.5,6.8,10.3,3.9,1.5,0.6,2.3,4.3,20,122,119,NA
316,Gui Santos,22,GSW,PF,56,2,762,5.2,11.4,0.458,2.2,6.6,0.33,3.1,4.9,0.632,0.553,1.9,2.7,0.69,4.6,6.4,11,5.1,1.6,0.6,2.7,5.8,14.5,118,113,NA
55,Harrison Barnes,32,SAS,PF,82,82,2230,7.5,14.8,0.508,3.4,7.8,0.433,4.1,7,0.591,0.622,3.5,4.3,0.809,2.1,4.6,6.7,2.9,0.8,0.3,1.1,1.6,21.9,132,122,NA
124,Haywood Highsmith,28,MIA,SF,74,42,1818,4.9,10.7,0.458,2.4,6.4,0.382,2.5,4.3,0.57,0.572,0.9,1.2,0.721,2,4.9,6.9,3.1,1.9,1,1.5,4.5,13.1,116,114,NA
337,Herbert Jones,26,NOP,SF,20,20,648,5.6,12.9,0.436,1.6,5.4,0.306,4,7.5,0.53,0.5,2.5,3,0.825,1.6,4.2,5.8,4.9,2.8,0.7,2.6,4.9,15.3,108,119,NA
401,Hunter Tyson,24,DEN,PF,51,2,400,5.4,14.4,0.375,2.8,8.9,0.311,2.6,5.5,0.478,0.471,2.5,3.4,0.75,3,6.4,9.4,2.4,1.2,0.7,1.7,5.3,16.1,109,118,NA
282,Immanuel Quickley,25,TOR,PG,33,33,918,9.6,23,0.42,4.5,11.8,0.378,5.2,11.2,0.465,0.517,5.8,6.7,0.867,0.8,5.3,6.1,10,1.2,0.2,3,3.2,29.6,119,117,NA
430,Isaac Jones,24,SAC,PF,40,0,304,8.7,13.4,0.651,0.5,1.3,0.375,8.2,12.1,0.68,0.669,3.7,5.8,0.639,3.5,5.6,9.2,1.9,0.8,1.6,2.6,4.8,21.6,124,118,NA
261,Isaac Okoro,24,CLE,SG,55,22,1053,5.7,12.2,0.464,2.6,6.9,0.371,3.1,5.3,0.586,0.569,1.5,2.1,0.717,2.2,3.7,5.9,3.1,1.5,0.7,1.1,4.8,15.4,125,115,NA
119,Isaiah Collier,20,UTA,PG,71,46,1839,6.1,14.5,0.422,1.1,4.4,0.249,5,10.1,0.497,0.459,2.7,4,0.682,0.8,5.3,6.1,11.6,1.7,0.4,5.4,3.9,16,99,121,NA
163,Isaiah Hartenstein,26,OKC,C,57,53,1590,8.4,14.5,0.581,0,0.6,0,8.4,13.9,0.605,0.581,2.4,3.5,0.675,4.9,13.5,18.4,6.6,1.4,1.9,2.9,5.2,19.2,124,104,NA
159,Isaiah Joe,25,OKC,SG,74,16,1604,7.8,17.6,0.44,5.7,13.9,0.412,2,3.7,0.549,0.604,1.4,1.7,0.821,1.2,4.6,5.9,3.6,1.4,0.3,1.1,3.4,22.6,125,112,NA
186,Isaiah Stewart,23,DET,C,72,4,1434,5.9,10.6,0.559,0.6,1.8,0.321,5.3,8.8,0.607,0.586,2.2,2.9,0.759,4.4,9,13.4,4.1,0.9,3.4,2.3,6.1,14.6,125,110,NA
436,Isaiah Wong,24,CHO,SG,20,0,265,7.6,19.5,0.39,2.4,6.1,0.394,5.2,13.4,0.389,0.452,4.6,6.3,0.735,2.6,3.3,5.9,5.2,2,0,3.3,3.9,22.3,103,119,NA
13,Ivica Zubac,27,LAC,C,80,80,2624,11.1,17.7,0.628,0,0,NA,11.1,17.7,0.628,0.628,2.9,4.4,0.661,5.6,13.3,19,4,1,1.7,2.4,3.2,25.1,129,108,NA
444,JT Thor,22,2TM,PF,20,0,249,4.8,11.3,0.424,1.1,4,0.286,3.6,7.3,0.5,0.475,2.9,4.2,0.682,3.8,5.4,9.2,1.1,1.5,1.7,1.7,3.3,13.6,106,118,NA
176,Ja Morant,25,MEM,PG,50,50,1519,12.4,27.2,0.454,2.7,8.7,0.309,9.7,18.5,0.523,0.504,8,9.8,0.824,1,5.2,6.3,11.1,1.9,0.4,5.7,3.5,35.5,113,115,NA
253,Ja'Kobe Walter,20,TOR,SG,52,18,1103,6.9,17.2,0.405,2.8,8.1,0.349,4.1,9,0.454,0.487,2.9,3.6,0.795,2.6,4.4,7,3.5,1.9,0.4,2.2,4.1,19.6,108,116,NA
144,Jabari Smith Jr.,21,HOU,PF,57,39,1716,7,16.1,0.438,2.8,7.9,0.354,4.3,8.2,0.519,0.525,3,3.6,0.825,3,8.3,11.3,1.7,0.7,1.2,1.7,3.5,19.8,118,112,NA
320,Jabari Walker,22,POR,SF,60,1,749,7.7,14.9,0.515,1.8,4.7,0.389,5.8,10.2,0.573,0.576,3.2,4.6,0.69,3.8,9.9,13.7,2.4,2.1,0.4,2.2,5.6,20.3,120,112,NA
285,Jaden Hardy,22,DAL,SG,57,3,907,9.6,22.1,0.435,4.1,10.5,0.386,5.5,11.6,0.479,0.527,3.2,4.6,0.698,0.5,4.3,4.7,4.3,1.5,0.3,4.4,4.8,26.5,99,119,NA
289,Jaden Ivey,22,DET,SG,30,30,898,10.2,22.1,0.46,3.4,8.2,0.409,6.8,13.9,0.49,0.536,4.6,6.2,0.733,2.1,4.5,6.6,6.4,1.5,0.6,4.8,3.6,28.3,108,115,NA
15,Jaden McDaniels,24,MIN,PF,82,82,2614,7.5,15.7,0.477,1.9,5.7,0.33,5.6,10,0.561,0.537,2,2.4,0.813,2.4,6.4,8.9,3.1,2.1,1.4,1.8,4.2,18.9,115,110,NA
415,Jaden Springer,22,2TM,SG,43,2,365,4.7,12,0.389,1.6,6.4,0.25,3.1,5.6,0.548,0.456,3.6,5.1,0.711,2.3,5.5,7.8,4.4,3.2,0.5,2.1,5.6,14.6,110,114,NA
353,Jae'Sean Tate,29,HOU,SF,52,2,588,5.8,12.3,0.473,1.3,3.8,0.348,4.5,8.4,0.529,0.527,2.6,3.9,0.681,4.1,5.5,9.7,3.9,2.2,0.6,1.8,6.8,15.6,122,111,NA
200,Jaime Jaquez Jr.,23,MIA,SF,66,17,1368,7.8,16.8,0.461,1.3,4.3,0.311,6.4,12.5,0.513,0.501,3.9,5.2,0.754,3.1,7.5,10.6,6.1,2.2,0.5,3.6,3,20.8,108,112,NA
206,Jake LaRavia,23,2TM,PF,66,0,1349,5.6,11.8,0.475,2.1,5,0.423,3.5,6.8,0.513,0.564,2.7,4,0.678,3.1,5.9,9,5.5,2.2,0.8,3,4.6,16,117,114,NA
148,Jakob Poeltl,29,TOR,C,57,56,1686,10.4,16.5,0.627,0,0.1,0.333,10.3,16.4,0.628,0.628,2.8,4.1,0.674,5.4,10.2,15.6,4.5,1.9,2,3.2,5,23.5,122,110,NA
40,Jalen Brunson,28,NYK,PG,65,65,2301,12.6,25.9,0.488,3.3,8.6,0.383,9.3,17.3,0.539,0.551,7.9,9.7,0.821,0.6,3.5,4,10.2,1.3,0.2,3.5,3,36.4,123,118,NA
85,Jalen Duren,21,DET,C,78,78,2034,8.9,12.9,0.692,0,0,NA,8.9,12.9,0.692,0.692,3.8,5.7,0.669,6.5,12.5,19.1,4.9,1.3,2.1,3.2,5.9,21.7,134,109,NA
10,Jalen Green,22,HOU,SG,82,82,2697,11,25.9,0.423,4.2,11.9,0.354,6.8,14,0.482,0.505,4.9,6.1,0.813,0.8,6,6.8,5.1,1.3,0.5,3.7,2.3,31.1,110,113,NA
426,Jalen Hood-Schifino,21,2TM,SG,15,0,315,5.8,15.3,0.378,2.2,7.2,0.304,3.6,8.1,0.442,0.449,2.8,3.3,0.857,0.5,3.8,4.2,5.8,0.8,1.1,2.8,3.9,16.6,100,122,NA
216,Jalen Johnson,23,ATL,SF,36,36,1284,9.9,19.7,0.5,1.6,5.1,0.312,8.3,14.6,0.566,0.541,3.4,4.6,0.746,2.3,10.8,13.1,6.6,2,1.3,3.9,2.4,24.8,110,113,NA
332,Jalen Pickett,25,DEN,SG,49,4,666,5.6,13,0.428,2.9,7.3,0.396,2.7,5.7,0.468,0.539,0.4,0.6,0.75,1.1,4,5.1,7.7,1.4,0.4,1.7,2.7,14.4,120,119,NA
277,Jalen Smith,24,CHI,C,64,2,962,9.2,19.8,0.466,3.5,10.8,0.324,5.7,9,0.634,0.554,3.5,4.3,0.809,4.3,13,17.3,3.2,0.8,2.1,1.8,4.6,25.4,120,112,NA
269,Jalen Suggs,23,ORL,PG,35,35,1002,9.8,24,0.41,3.8,12.1,0.314,6,11.9,0.506,0.489,4.8,5.5,0.882,1.1,5.9,7,6.4,2.5,1.6,5.1,4.9,28.3,101,108,NA
53,Jalen Williams,23,OKC,SG,69,69,2237,12.1,25.1,0.484,2.7,7.3,0.365,9.5,17.8,0.533,0.537,5.1,6.4,0.789,1.3,6.7,7.9,7.6,2.4,1,3.2,3.4,32,116,107,NA
86,Jalen Wilson,24,BRK,PF,79,22,2031,6,15.2,0.397,3,8.9,0.337,3,6.3,0.481,0.495,3.3,4,0.818,1.8,4.8,6.6,3.6,1,0.1,1.9,4,18.4,110,119,NA
373,Jamal Cain,25,NOP,SF,37,0,502,6.6,15.2,0.43,2.5,7.7,0.325,4.1,7.5,0.538,0.513,3.3,4.8,0.68,2.6,5.6,8.2,2.1,2.2,0.9,2.1,4.4,18.9,109,120,NA
34,Jamal Murray,27,DEN,PG,67,67,2418,10.6,22.3,0.474,3.1,7.9,0.393,7.5,14.4,0.518,0.543,4.3,4.9,0.886,0.9,4.3,5.2,8,1.8,0.7,2.7,2.5,28.6,120,118,NA
184,Jamal Shead,22,TOR,PG,75,11,1467,6.7,16.5,0.405,2.4,7.3,0.323,4.3,9.2,0.47,0.476,1.7,2.3,0.768,1,2.8,3.8,10.4,1.9,0.3,3.8,5.2,17.5,104,117,NA
5,James Harden,35,LAC,PG,79,79,2789,9.4,22.9,0.41,4.1,11.8,0.352,5.2,11.1,0.472,0.501,8.9,10.2,0.874,1,7.1,8.1,12.1,2.1,1,6,2.9,31.8,114,110,NA
264,Jamison Battle,23,TOR,SF,59,10,1042,6.9,16,0.429,4.9,12,0.405,2,4.1,0.5,0.581,0.7,0.8,0.889,1.7,5.6,7.3,2.4,0.8,0.5,1.2,4.3,19.4,118,118,NA
237,Jarace Walker,21,IND,PF,75,5,1187,6.9,14.6,0.472,3,7.5,0.405,3.8,7.1,0.543,0.576,1.9,2.8,0.667,1,8.3,9.3,4.5,2.2,1,3.2,4.7,18.7,106,112,NA
263,Jared Butler,24,2TM,SG,60,17,1044,9.5,21.1,0.448,2.8,7.9,0.355,6.7,13.2,0.504,0.514,3.5,4.2,0.824,1.2,4,5.1,10.3,2,0.6,3.7,4.5,25.2,112,120,NA
351,Jared McCain,20,PHI,SG,23,8,592,10.5,22.8,0.46,4.2,11.1,0.383,6.2,11.7,0.532,0.553,4.1,4.7,0.875,1.1,3.6,4.7,5,1.2,0,3.1,3.1,29.3,113,123,NA
452,Jared Rhoden,25,2TM,SG,14,2,227,8.9,18.5,0.483,2.5,8.3,0.308,6.4,10.2,0.625,0.552,4.7,5.3,0.88,3,5.9,8.9,3.4,2.1,0.4,1.9,4.2,25.1,122,115,NA
58,Jaren Jackson Jr.,25,MEM,C,74,74,2207,12.5,25.5,0.488,3.1,8.2,0.375,9.4,17.4,0.541,0.548,6.6,8.4,0.781,1.9,6.9,8.8,3.1,1.9,2.4,3.2,5.4,34.6,115,111,NA
355,Jarred Vanderbilt,25,LAL,PF,36,2,581,5,10.2,0.488,0.8,2.7,0.281,4.2,7.5,0.562,0.525,1.7,3,0.556,5.8,9.7,15.4,3.5,3,0.8,2.5,5.7,12.4,115,110,NA
41,Jarrett Allen,26,CLE,C,82,82,2296,9.5,13.4,0.706,0,0.1,0,9.5,13.3,0.712,0.706,4.2,5.8,0.718,4.5,12.2,16.7,3.3,1.6,1.5,2,2.7,23.1,142,108,NA
220,Javonte Green,31,2TM,SG,68,19,1258,4.7,11,0.429,1.8,5.4,0.326,3,5.6,0.527,0.509,2.1,2.9,0.724,2.3,6.1,8.4,2.2,2.5,1.2,1.2,3.8,13.3,114,117,NA
254,Jaxson Hayes,24,LAL,C,56,35,1093,7.2,10,0.722,0,0.1,0,7.2,9.9,0.732,0.722,2.7,4.4,0.622,3.5,8.6,12.1,2.6,1.4,2.3,1.9,6.1,17.2,135,112,NA
321,Jay Huff,26,MEM,C,64,2,748,9.8,19,0.515,5,12.4,0.405,4.7,6.5,0.724,0.648,2.7,3.5,0.786,1.9,6.2,8,2.4,1,3.5,2.1,4.8,27.3,126,112,NA
67,Jaylen Brown,28,BOS,SF,63,63,2158,12,26,0.463,2.7,8.3,0.324,9.3,17.7,0.529,0.515,5.7,7.5,0.764,1.9,6.6,8.6,6.6,1.7,0.4,3.8,3.6,32.5,112,112,NA
367,Jaylen Clark,23,MIN,SG,40,4,522,5.3,11.3,0.467,2.1,4.8,0.431,3.2,6.5,0.493,0.558,2.7,3.5,0.784,2.5,2.6,5,2.5,3.4,0.2,0.8,5.8,15.4,130,111,NA
448,Jaylen Martin,21,2TM,SF,16,0,239,6.2,14.7,0.419,1.4,4.6,0.304,4.8,10.2,0.471,0.466,1.8,2,0.9,2.2,6.6,8.8,3.4,1.8,0,2.4,2.8,15.5,99,120,NA
84,Jaylen Wells,21,MEM,SG,79,74,2043,6.5,15.4,0.425,3.1,8.9,0.352,3.4,6.5,0.525,0.527,2.5,3.1,0.822,2,4.1,6.1,3.1,1,0.2,1.6,3.3,18.7,117,118,NA
309,Jaylin Williams,22,OKC,PF,47,9,784,5.9,13.5,0.439,3.7,9.4,0.399,2.2,4.2,0.529,0.577,1.4,1.8,0.767,2.9,13.1,16,7.3,1.3,1.8,2.1,4.8,17,127,104,NA
389,Jaylon Tyson,22,CLE,SG,47,3,453,6.8,15.8,0.43,2.1,6.2,0.345,4.7,9.7,0.484,0.497,2,2.5,0.792,3.9,6.3,10.2,4.7,1.4,0.3,2.8,5.3,17.7,111,114,NA
14,Jayson Tatum,26,BOS,PF,72,72,2624,12.7,28,0.452,4.8,13.9,0.343,7.9,14.1,0.559,0.537,6.8,8.4,0.814,0.9,11,11.9,8.2,1.5,0.7,4,3,36.9,117,110,NA
343,Jeff Dowtin,27,PHI,PG,41,3,621,8.9,18.3,0.487,2.2,5.6,0.4,6.7,12.7,0.525,0.548,2.6,3.6,0.733,1,3.8,4.8,6.2,1.9,1,1.2,2.3,22.6,122,120,NA
404,Jeff Green,38,HOU,PF,32,3,396,7.5,14.9,0.504,3.6,9.7,0.367,3.9,5.2,0.762,0.624,2.6,3.2,0.808,1.4,5.8,7.1,2.5,0.7,0.5,1.1,3.9,21.1,134,114,NA
173,Jerami Grant,30,POR,PF,47,47,1524,6.8,18.3,0.373,3.4,9.4,0.365,3.4,8.9,0.381,0.467,4.5,5.3,0.849,0.8,4.4,5.2,3.2,1.3,1.5,2.1,3.5,21.6,109,117,NA
227,Jeremiah Robinson-Earl,24,NOP,PF,66,9,1239,6.2,13.6,0.455,2.2,6.4,0.341,4,7.2,0.557,0.536,1.8,2.2,0.836,4.3,8,12.3,3.4,1.5,0.3,2,3.1,16.3,117,120,NA
203,Jeremy Sochan,21,SAS,PF,54,23,1364,8.9,16.6,0.535,1,3.2,0.308,7.9,13.4,0.59,0.565,3.1,4.4,0.696,4.5,8,12.5,4.5,1.6,1,3,4.6,21.9,116,117,NA
341,Jericho Sims,26,2TM,C,53,5,632,3.5,5.5,0.634,0,0,NA,3.5,5.5,0.634,0.634,0.6,1,0.615,5.5,9.8,15.3,2.6,0.8,1.5,2.6,5.1,7.6,121,113,NA
326,Jett Howard,21,ORL,SF,60,0,701,7,18.7,0.374,3.9,13.3,0.296,3.1,5.4,0.566,0.479,1.1,1.6,0.696,1.4,3.6,5,3.1,0.9,0.8,2.6,4.8,19,97,114,NA
423,Jevon Carter,29,CHI,PG,36,1,321,8,21.2,0.377,5.1,15.3,0.333,2.9,6,0.488,0.497,1.2,1.5,0.8,0.6,5.1,5.7,5.8,1.9,0.4,1.6,2.2,22.2,107,117,NA
138,Jimmy Butler,35,2TM,SF,55,55,1746,8.5,16.8,0.504,0.9,2.9,0.308,7.6,13.9,0.546,0.531,9.3,11,0.842,3.5,4.8,8.3,8.4,2.2,0.5,2.1,1.5,27.2,136,113,NA
375,Jock Landale,29,HOU,C,42,3,500,7.9,14.8,0.533,1.1,2.5,0.423,6.8,12.3,0.556,0.569,2.6,3.9,0.675,5.5,7.9,13.3,3.6,1.3,1,2,4.8,19.5,126,111,NA
356,Joel Embiid,30,PHI,C,19,19,574,12,27.1,0.444,2,6.6,0.299,10,20.4,0.492,0.481,12.8,14.5,0.882,3.1,10.2,13.3,7.3,1.2,1.5,5.3,3.6,38.8,114,116,NA
232,John Collins,27,UTA,PF,40,31,1220,11,20.9,0.527,2.3,5.8,0.399,8.7,15.1,0.577,0.583,5.5,6.5,0.848,3.5,9.4,12.9,3.1,1.5,1.6,4.1,4.6,29.8,116,118,NA
360,John Konchar,28,MEM,SG,46,4,558,3.4,7.6,0.451,1.9,5.2,0.371,1.5,2.4,0.621,0.577,0.6,0.7,0.875,3.1,9.5,12.6,3.5,2.5,1.2,1.3,2.7,9.3,128,110,NA
447,Johnny Davis,22,WAS,SG,34,0,242,6.3,15.3,0.41,1.4,5.7,0.241,4.9,9.6,0.51,0.455,1.8,2.9,0.6,2,5.5,7.5,2.2,2.9,1.2,1.4,3.5,15.7,99,117,NA
410,Johnny Furphy,20,IND,SG,50,0,379,4.4,11.7,0.38,1.9,6.3,0.3,2.5,5.3,0.476,0.462,2.3,2.8,0.818,2.9,6.1,9,2.4,2.3,1.4,1.5,5.2,13.1,108,113,NA
218,Johnny Juzang,23,UTA,SG,64,18,1270,7.7,17.9,0.429,4.5,11.9,0.376,3.2,6.1,0.534,0.554,1.7,2,0.849,1.6,5.4,7,2.6,1.5,0.3,1.4,4.8,21.6,117,122,NA
174,Jonas Valančiūnas,32,2TM,C,81,21,1524,10.9,19.8,0.55,0.3,1.2,0.216,10.6,18.6,0.571,0.557,4.6,5.2,0.879,6,13.8,19.8,5.2,1.2,1.4,3.8,5.7,26.6,118,114,NA
256,Jonathan Isaac,27,ORL,PF,71,1,1090,6.1,14.8,0.414,1.8,6.9,0.258,4.4,7.9,0.549,0.474,3.3,4.9,0.682,5.5,8.9,14.4,1.8,2.8,3.7,1.5,4.1,17.4,113,103,NA
246,Jonathan Kuminga,22,GSW,PF,47,10,1144,11,24.2,0.454,2,6.4,0.305,9,17.7,0.508,0.495,6.7,10,0.668,2.4,6.8,9.2,4.4,1.6,0.9,3,3.8,30.6,108,112,NA
215,Jonathan Mogbo,23,TOR,PF,63,18,1286,5.8,13.3,0.438,0.6,2.6,0.243,5.2,10.7,0.486,0.462,2.2,3.1,0.732,4.1,7.6,11.6,5.5,2.1,1.3,2.6,5.1,14.6,108,113,NA
278,Jordan Clarkson,32,UTA,SG,37,9,962,10,24.6,0.408,4.2,11.6,0.362,5.8,13,0.448,0.493,5.7,7.1,0.797,1.2,4.6,5.9,6.9,1.5,0.4,4.3,2.6,29.9,107,122,NA
363,Jordan Goodwin,26,LAL,PG,29,5,543,5.7,13,0.438,2.4,6.2,0.382,3.4,6.9,0.487,0.528,0.8,1,0.818,3.4,6.7,10.1,3.8,2.7,1,2.4,3.9,14.6,111,112,NA
212,Jordan Hawkins,22,NOP,SG,56,9,1321,7.6,20.4,0.372,4,12.2,0.331,3.6,8.2,0.433,0.471,2.9,3.6,0.816,0.9,4.9,5.8,2.4,1.1,0.8,2.1,1.9,22.1,101,123,NA
428,Jordan McLaughlin,28,2TM,PG,46,0,314,4.8,11.2,0.431,2.9,7.1,0.413,1.9,4,0.462,0.563,2.6,3.4,0.773,0.9,3.7,4.7,7.9,2.5,0.2,2.5,2.8,15.2,122,118,NA
395,Jordan Miller,25,LAC,SF,37,0,420,6.8,15.7,0.433,0.9,4.5,0.211,5.9,11.3,0.521,0.463,3.3,4.1,0.8,2.7,4.1,6.8,4,2,0.6,3,3,17.8,103,112,NA
91,Jordan Poole,25,WAS,SG,68,68,2001,10.9,25.1,0.432,5.6,14.8,0.378,5.3,10.3,0.51,0.544,5.8,6.5,0.883,0.7,4.1,4.8,7.2,2,0.6,4.9,4.8,33.1,109,120,NA
400,Jordan Walsh,20,BOS,PF,52,1,403,3.7,10.3,0.361,1.9,6.8,0.273,1.9,3.5,0.536,0.452,0.9,1.5,0.583,2.9,5.7,8.6,2.4,1.5,1.4,2.1,3.7,10.2,99,112,NA
202,Jose Alvarado,26,NOP,PG,56,23,1366,7.2,18.5,0.392,3.9,11,0.359,3.3,7.5,0.439,0.498,2.1,2.6,0.811,1,3.9,4.8,9.2,2.6,0.5,3,3.2,20.5,110,120,NA
73,Josh Giddey,22,CHI,PG,70,69,2117,8.2,17.6,0.465,2.3,6.1,0.378,5.9,11.5,0.512,0.531,3.9,4.9,0.781,2.8,9.7,12.5,11.1,1.9,1,4.5,2.7,22.5,115,113,NA
108,Josh Green,24,CHO,SG,68,67,1887,4.7,11,0.428,2.5,6.5,0.391,2.2,4.5,0.48,0.543,1.3,1.9,0.681,1.5,3,4.5,2.8,1.9,0.4,1.8,4.3,13.2,109,119,NA
2,Josh Hart,29,NYK,SG,77,77,2897,6.9,13.2,0.525,1.4,4.3,0.333,5.5,8.9,0.618,0.579,2.7,3.5,0.776,2.8,9.9,12.6,7.8,2,0.5,2.7,3.4,18,125,112,NA
433,Josh Minott,22,MIN,SF,46,0,276,7.9,16.1,0.489,2.5,7.7,0.326,5.4,8.4,0.638,0.567,3,3.4,0.895,2.1,6.3,8.4,3.2,2.7,2.1,2,6.1,21.3,121,108,NA
342,Josh Okogie,26,2TM,SG,40,7,625,7.4,16.7,0.443,2.5,7.3,0.348,4.9,9.5,0.517,0.519,5,6.7,0.741,3.6,5.4,8.9,2.6,3.8,1.4,2.4,3.7,22.3,114,113,NA
104,Jrue Holiday,34,BOS,PG,62,62,1896,6.7,15.2,0.443,2.9,8.1,0.353,3.9,7.1,0.547,0.538,1.9,2,0.909,2,5,7,6.3,1.7,0.7,2,2.7,18.1,121,113,NA
101,Julian Champagnie,23,SAS,SF,82,29,1932,6.9,16.6,0.415,4.5,12,0.371,2.5,4.6,0.53,0.549,2.1,2.4,0.904,1.7,6.3,8,2.8,1.5,0.9,1.9,2.9,20.4,113,118,NA
249,Julian Phillips,21,CHI,SF,79,5,1123,5.3,11.9,0.446,2.1,6.4,0.327,3.2,5.6,0.582,0.533,2.5,3.2,0.789,2.8,4.2,7,1.6,1.6,0.8,1.1,4.5,15.2,118,117,NA
198,Julian Strawther,22,DEN,SG,65,4,1384,7.3,16.9,0.432,3.3,9.3,0.349,4,7.5,0.535,0.529,2.6,3.1,0.822,0.6,4.3,4.9,2.9,1.4,0.6,2,5.2,20.4,109,119,NA
56,Julius Randle,30,MIN,PF,69,69,2226,10.1,20.8,0.485,2.4,7,0.344,7.7,13.9,0.555,0.542,6,7.4,0.806,3.2,7.6,10.8,7.2,1,0.4,4.3,3.9,28.5,117,113,NA
208,Justin Champagnie,23,WAS,SF,62,31,1340,7.5,14.6,0.511,2.6,6.9,0.383,4.8,7.7,0.624,0.601,1.8,2.6,0.685,4,8.5,12.5,2.1,2.3,1.4,1.9,3.9,19.3,119,116,NA
244,Justin Edwards,21,PHI,SF,44,26,1155,7.3,16.1,0.455,2.9,8.1,0.363,4.4,8,0.548,0.546,1.4,2,0.696,2,4.4,6.3,2.9,1.9,0.7,2.1,4.2,19,109,120,NA
258,Jusuf Nurkić,30,2TM,C,51,32,1063,7.8,16.3,0.477,1.5,4.9,0.305,6.3,11.5,0.551,0.523,3.9,5.9,0.664,3.9,14.5,18.5,5.3,1.9,1.6,4.5,6,21,105,112,NA
284,KJ Martin,24,2TM,PF,43,16,912,5.9,10.7,0.552,0.8,3.1,0.259,5.1,7.6,0.671,0.59,2,2.5,0.787,1.6,5.1,6.7,2.6,0.9,1.2,1.3,5.4,14.6,124,122,NA
297,KJ Simpson,22,CHO,PG,36,15,842,6.1,17.6,0.346,1.9,7.6,0.254,4.1,10,0.415,0.4,2.4,2.9,0.82,2.3,4.1,6.4,6.5,2,0.4,3.3,3.3,16.5,95,118,NA
384,Kai Jones,24,2TM,C,40,6,468,9.1,11.4,0.798,0.1,0.5,0.2,9,10.8,0.827,0.803,2.4,3.3,0.719,4.2,8.9,13,2.6,1.6,2.4,1.9,5.2,20.6,147,111,NA
27,Karl-Anthony Towns,29,NYK,C,72,72,2517,12.6,24,0.526,2.8,6.7,0.42,9.8,17.3,0.567,0.584,6.7,8.1,0.829,4.2,14,18.1,4.4,1.4,1,3.8,4.9,34.7,122,110,NA
306,Karlo Matković,23,NOP,PF,42,7,791,8.3,14.4,0.574,1.3,4,0.318,7,10.3,0.675,0.619,2.1,2.7,0.773,3.9,8.9,12.8,2.8,1.3,2.5,2.6,6.5,19.9,120,117,NA
238,Kawhi Leonard,33,LAC,SF,37,37,1180,12.9,26,0.498,3.3,7.9,0.411,9.7,18.1,0.536,0.56,4.1,5,0.81,1.5,7.7,9.1,4.8,2.5,0.7,3,2.3,33.2,114,109,NA
374,Keaton Wallace,25,ATL,PG,31,5,501,6.1,15.1,0.401,2.5,7.7,0.329,3.5,7.5,0.475,0.485,1,1,1,0.7,4,4.7,7.6,2.6,0.8,3.1,3.6,15.7,103,116,NA
16,Keegan Murray,24,SAC,PF,76,76,2610,6.8,15.4,0.444,2.9,8.4,0.343,3.9,7,0.566,0.538,1.1,1.3,0.833,2.7,6.8,9.5,2,1.1,1.3,1.1,3.5,17.7,116,117,NA
420,Keion Brooks Jr.,24,NOP,SF,14,6,332,7.7,15.9,0.486,2,6.3,0.326,5.7,9.6,0.591,0.55,3.2,4.4,0.733,1.8,6.7,8.5,1.9,1.5,1.5,1.8,4.4,20.7,114,120,NA
189,Kel'el Ware,20,MIA,C,64,36,1422,9,16.3,0.554,1.2,3.9,0.315,7.8,12.4,0.629,0.592,1.6,2.4,0.687,4.1,12.5,16.6,2.1,1.4,2.5,2,3.9,20.9,118,108,NA
120,Keldon Johnson,25,SAS,SF,77,0,1838,9.8,20.2,0.482,2.3,7.2,0.318,7.5,13,0.573,0.538,3.9,5.1,0.773,2.9,6.8,9.8,3.3,1.3,0.6,2,3,25.7,115,119,NA
290,Kelly Olynyk,33,2TM,C,44,22,891,7.3,14.5,0.5,1.8,4.3,0.418,5.5,10.2,0.534,0.562,4.5,5.9,0.769,3.4,7.8,11.2,6.9,1.8,1,4.1,6.7,20.8,115,116,NA
79,Kelly Oubre Jr.,29,PHI,SF,60,57,2078,8.3,17.6,0.47,1.7,5.7,0.293,6.6,11.8,0.555,0.518,3.3,4.4,0.751,2.3,6.4,8.7,2.6,2.2,0.7,1.9,4.3,21.5,111,118,NA
248,Kenrich Williams,30,OKC,PF,69,7,1132,7.3,15,0.483,2.8,7.3,0.386,4.5,7.8,0.574,0.576,1.2,1.7,0.718,2.8,7.5,10.2,4.1,1.8,0.4,1.7,4.7,18.5,122,109,NA
46,Kentavious Caldwell-Pope,31,ORL,SG,77,77,2279,5.2,11.9,0.439,2.5,7.2,0.342,2.8,4.7,0.589,0.543,1.8,2.1,0.863,0.7,3,3.7,3,2.2,0.7,1.4,3,14.7,115,112,NA
98,Keon Ellis,25,SAC,SG,80,28,1948,5.7,11.6,0.489,3.5,8.1,0.433,2.2,3.6,0.615,0.639,1.8,2.2,0.849,1.5,3.8,5.3,3,3,1.6,1.8,4.4,16.7,125,114,NA
102,Keon Johnson,22,BRK,SG,79,56,1925,7.8,20.1,0.389,3.3,10.4,0.314,4.6,9.8,0.468,0.47,2.8,3.6,0.77,1.6,6.1,7.7,4.5,2.1,0.8,3,5.4,21.7,100,115,NA
347,Kessler Edwards,24,DAL,SF,40,18,608,5.3,10.7,0.496,1.8,4.3,0.407,3.6,6.4,0.556,0.578,1,1,0.923,1.8,7.4,9.1,3.3,1.5,1.6,1.3,4.9,13.4,122,115,NA
49,Kevin Durant,36,PHO,PF,62,62,2265,12.9,24.5,0.527,3.5,8.1,0.43,9.4,16.4,0.574,0.598,6.6,7.9,0.839,0.5,7.7,8.2,5.7,1.1,1.7,4.1,2.3,36,117,119,NA
150,Kevin Huerter,26,2TM,SG,69,31,1679,7.3,17.2,0.425,3.8,11.1,0.338,3.6,6.1,0.587,0.535,1,1.4,0.714,0.9,5,5.8,4.4,1.9,0.7,1.9,3.4,19.4,109,117,NA
442,Kevin Love,36,MIA,PF,23,9,251,8.1,22.9,0.357,4.8,13.3,0.358,3.4,9.5,0.354,0.461,3.2,4.6,0.696,4.4,14.3,18.7,4.4,3,0.8,2.8,4.2,24.2,103,106,NA
180,Kevin Porter Jr.,24,2TM,SG,75,4,1482,9.7,21.5,0.449,1.8,5.8,0.311,7.8,15.7,0.501,0.492,4.3,5.6,0.769,1.4,7.8,9.2,8.4,2.7,0.4,4.5,3.9,25.4,105,110,NA
247,Kevon Looney,28,GSW,C,76,6,1142,6.1,11.8,0.514,0.1,0.2,0.4,6,11.6,0.516,0.518,2.4,4.2,0.566,7.9,11.8,19.7,5,2,1.6,1.7,6.6,14.7,128,108,NA
75,Keyonte George,21,UTA,PG,67,35,2109,8.2,20.9,0.391,4,11.5,0.343,4.2,9.4,0.449,0.485,5.3,6.5,0.818,0.6,5.2,5.8,8.6,1,0.2,4.2,2.5,25.6,109,123,NA
296,Khris Middleton,33,2TM,SF,37,21,843,9.1,19.2,0.475,2.7,7.6,0.361,6.4,11.6,0.549,0.546,4.1,4.8,0.857,0.7,7.1,7.8,8.6,2,0.5,3.2,4.3,25.1,117,115,NA
94,Klay Thompson,34,DAL,SF,72,72,1965,8.9,21.6,0.412,5.3,13.6,0.391,3.6,8,0.448,0.535,1.6,1.8,0.905,1.1,5,6.1,3.6,1.2,0.7,2.2,2,24.7,108,119,NA
434,Kobe Brown,25,LAC,PF,40,0,272,6,13,0.458,1.1,4.7,0.231,4.9,8.3,0.587,0.5,0.9,1.3,0.714,3.4,8.3,11.8,4.3,1.3,0.7,2.2,4.2,13.9,110,111,NA
131,Kris Dunn,30,LAC,PG,74,58,1783,5.3,12.1,0.439,2.1,6.2,0.335,3.2,5.9,0.549,0.525,0.4,0.6,0.682,1.5,5.5,6.9,5.8,3.5,0.7,2,5.4,13.1,111,108,NA
267,Kris Murray,24,POR,SF,69,6,1040,5.5,13,0.419,1.3,5.6,0.225,4.2,7.4,0.566,0.468,1.2,2.7,0.456,3.6,5,8.5,3.2,1.6,0.8,2,3.1,13.4,103,116,NA
234,Kristaps Porziņģis,29,BOS,C,42,42,1210,11.5,23.8,0.483,4.3,10.4,0.412,7.2,13.4,0.537,0.572,6.7,8.2,0.809,2.8,9,11.8,3.6,1.3,2.6,2.2,4.8,33.9,125,109,NA
270,Kyle Anderson,31,2TM,PF,61,4,1002,7,14.9,0.469,1.2,3.4,0.357,5.7,11.4,0.502,0.51,2.4,3.2,0.738,2.6,7.5,10.1,7.1,2,1.6,1.8,4,17.5,119,111,NA
175,Kyle Filipowski,21,UTA,C,72,27,1522,8.2,16.3,0.502,2.4,6.9,0.35,5.8,9.4,0.614,0.576,2.9,4.5,0.65,3.5,10.3,13.9,4.4,1.5,0.7,3.2,5.4,21.8,115,118,NA
100,Kyle Kuzma,29,2TM,PF,65,62,1936,9.2,21,0.436,2.4,7.8,0.307,6.8,13.3,0.512,0.493,3.2,5,0.634,1.3,7.8,9.2,3.8,0.9,0.5,3.6,2.9,23.9,96,118,NA
335,Kyle Lowry,38,PHI,PG,35,12,659,3.1,8.8,0.35,2.2,6.6,0.33,0.9,2.2,0.414,0.474,2,2.5,0.818,0.8,4.2,5,7.2,2.5,0.8,1.6,4.6,10.3,119,118,NA
127,Kyrie Irving,32,DAL,SG,50,50,1804,12,25.3,0.473,3.9,9.6,0.401,8.1,15.7,0.517,0.549,5.3,5.7,0.916,1.6,4.8,6.4,6.2,1.8,0.6,3,2.7,33.1,118,118,NA
128,Kyshawn George,21,WAS,SG,68,38,1802,5.4,14.4,0.372,3,9.3,0.322,2.3,5.1,0.464,0.476,1.8,2.5,0.753,1.3,6.2,7.5,4.5,1.8,1.3,2.6,5.3,15.6,100,118,NA
178,LaMelo Ball,23,CHO,PG,47,47,1505,13.3,32.8,0.405,5.8,17.3,0.339,7.4,15.5,0.478,0.494,6.3,7.5,0.843,1.5,6,7.6,11.3,1.8,0.4,5.5,5.1,38.7,108,117,NA
317,Landry Shamet,27,NYK,SG,50,0,762,6.9,15,0.461,4,10.2,0.397,2.9,4.8,0.595,0.596,0.8,1.2,0.667,0.7,3.3,4,1.8,1.5,0.1,1.4,3.4,18.6,114,118,NA
385,Larry Nance Jr.,32,ATL,PF,24,3,463,8.1,15.7,0.516,3.4,7.7,0.447,4.6,8,0.582,0.626,0.9,1.3,0.692,2.3,8.1,10.4,3.8,2,1.3,1.6,3.7,20.5,125,114,NA
182,Lauri Markkanen,27,UTA,PF,47,47,1476,9.6,22.8,0.423,4.5,13,0.346,5.1,9.8,0.525,0.521,5.3,6,0.876,2.3,6.7,9,2.3,1.1,0.6,2.1,2.6,29,115,122,NA
32,LeBron James,40,LAL,SF,70,70,2444,13.1,25.6,0.513,3,8,0.376,10.1,17.6,0.574,0.571,5.2,6.7,0.782,1.4,9.5,11,11.6,1.4,0.8,5.2,2,34.4,117,114,NA
312,Lindy Waters III,27,2TM,SG,52,9,778,5.7,15.5,0.369,4,11.6,0.344,1.7,3.9,0.444,0.498,0.5,0.7,0.727,1.2,5.6,6.9,3.2,1.7,0.7,1.2,3.9,16,107,113,NA
381,Lonnie Walker IV,26,PHI,SG,20,7,477,9.2,21.9,0.42,4.7,13.1,0.354,4.5,8.8,0.518,0.526,2.5,3.1,0.8,0.6,5.9,6.5,5.2,1,0.5,2.6,2.8,25.5,108,121,NA
313,Lonzo Ball,27,CHI,PG,35,14,777,5.3,14.6,0.366,4,11.7,0.344,1.3,2.9,0.458,0.504,1.3,1.6,0.815,1.5,5.6,7.1,6.9,2.8,1,2.5,3.3,16,110,113,NA
81,Luguentz Dort,25,OKC,SF,71,71,2073,6,13.7,0.435,3.9,9.6,0.412,2,4.2,0.489,0.578,0.8,1.1,0.717,2.1,4.7,6.8,2.7,1.8,0.9,1.2,4.8,16.6,120,110,NA
132,Luka Dončić,25,2TM,PG,50,50,1769,12.7,28.3,0.45,4.9,13.3,0.368,7.8,15,0.522,0.536,8.5,10.9,0.782,1.1,10.2,11.3,10.6,2.5,0.6,4.9,3.5,38.9,116,112,NA
453,Luka Garza,26,MIN,C,39,0,219,11.7,23.7,0.495,2.3,8.1,0.278,9.5,15.5,0.609,0.543,5.4,7.9,0.686,7,5.2,12.2,2.5,1.4,0.7,2.7,6.5,31.1,118,114,NA
183,Luke Kennard,28,MEM,SG,65,11,1472,6.5,13.6,0.478,3.6,8.2,0.433,2.9,5.4,0.547,0.609,1.6,1.8,0.895,1.2,4.6,5.8,6.8,1.6,0.2,2.3,1.9,18.2,127,116,NA
204,Luke Kornet,29,BOS,C,73,16,1361,6.9,10.3,0.668,0,0.1,0,6.9,10.2,0.675,0.668,2.5,3.6,0.691,7,7.3,14.3,4.3,1.3,2.6,1.1,4.4,16.2,152,110,NA
394,Malaki Branham,21,SAS,SG,47,0,427,9.8,21.5,0.458,3.8,9.5,0.405,6,12,0.5,0.547,3.1,3.7,0.818,0.8,5,5.8,4.3,1.2,0.2,3.8,3.3,26.6,104,120,NA
359,Malcolm Brogdon,32,WAS,PG,24,13,564,8.8,20.2,0.433,1.3,4.7,0.286,7.4,15.5,0.478,0.467,6.8,7.8,0.88,1.8,5.9,7.7,8.3,1.1,0.4,3.2,2.5,25.7,113,121,NA
45,Malik Beasley,28,DET,SG,82,18,2283,9.7,22.6,0.43,6.7,16.1,0.416,3,6.4,0.466,0.579,2,2.9,0.679,1,3.5,4.5,2.9,1.5,0.1,1.7,2.6,28.1,116,117,NA
83,Malik Monk,26,SAC,SG,65,45,2054,9.8,22.4,0.439,3.3,10.2,0.325,6.5,12.2,0.534,0.513,3.7,4.2,0.865,0.7,5.1,5.8,8.6,1.5,0.9,3.8,3.8,26.6,110,117,NA
440,Marcus Bagley,23,PHI,SF,10,4,253,5.3,13.4,0.391,1,6.2,0.156,4.3,7.2,0.595,0.428,1.6,1.9,0.8,4.5,9.2,13.6,1.9,1.8,2.3,1.4,3.1,13.1,105,115,NA
303,Marcus Sasser,24,DET,PG,57,1,811,8.1,17.6,0.463,3.4,9,0.382,4.7,8.5,0.549,0.561,2.5,3,0.843,1.1,3,4.1,7.9,2.2,0.2,3.2,4.3,22.2,117,115,NA
331,Marcus Smart,30,2TM,PG,34,7,680,7,17.7,0.393,3.4,9.7,0.348,3.6,8,0.448,0.488,3.7,4.9,0.761,1.2,3.7,5,7.5,2.7,0.6,3.7,3.7,21,107,116,NA
241,Mark Williams,23,CHO,C,44,41,1171,11.3,18.8,0.604,0,0.2,0,11.3,18.6,0.609,0.604,5.5,6.8,0.804,5.5,13.2,18.8,4.6,1.3,2.3,3,4.4,28.2,127,111,NA
437,Marvin Bagley III,25,2TM,PF,31,2,265,9.8,18.9,0.519,0.5,3.4,0.158,9.3,15.5,0.598,0.533,4.1,6.2,0.657,6.8,8.2,14.9,2,1.6,1.4,2.1,3.2,24.2,117,115,NA
214,Mason Plumlee,34,PHO,C,74,21,1300,4.8,7.7,0.619,0,0.2,0,4.8,7.5,0.631,0.619,3.2,4.9,0.648,4.4,12.9,17.3,5.1,1.3,1.8,2.2,5.9,12.7,131,115,NA
177,Matas Buzelis,20,CHI,SF,80,31,1511,7.8,17.1,0.454,3,8.2,0.361,4.8,8.9,0.54,0.541,2.7,3.3,0.815,1.7,6.9,8.6,2.4,0.9,2.3,2.3,4,21.3,108,115,NA
429,Matisse Thybulle,27,POR,SG,15,5,312,6.5,13.7,0.477,3.3,7.5,0.438,3.3,6.2,0.525,0.597,1.1,2.3,0.467,2.2,5.9,8.1,4.4,5.1,1.4,2,2.2,17.4,119,107,NA
72,Max Christie,21,2TM,SG,78,36,2127,5.8,13.5,0.427,2.6,7.2,0.366,3.1,6.3,0.496,0.525,3,3.5,0.855,0.9,5,5.9,3.4,1.5,0.7,2,2.6,17.2,111,117,NA
217,Max Strus,28,CLE,SF,50,37,1273,6.2,14.1,0.442,4.3,11.1,0.386,2,3,0.65,0.594,1.1,1.3,0.824,2,6.2,8.2,6,1,0.5,2,3.9,17.8,125,115,NA
339,Maxi Kleber,33,DAL,PF,34,4,637,2.8,7.3,0.385,1,3.7,0.265,1.8,3.6,0.511,0.453,1.2,1.6,0.762,1.9,5.3,7.2,3.3,0.7,1.3,1.7,5,7.8,104,119,NA
422,Maxwell Lewis,22,2TM,SF,28,1,327,6.8,16.4,0.417,2.9,7.6,0.38,4,8.8,0.448,0.505,1.1,1.5,0.7,2.7,5.6,8.4,2.9,1.4,1.1,2.1,4.4,17.6,104,117,NA
325,Micah Potter,26,UTA,C,38,10,705,3.9,9.2,0.422,2.1,6.7,0.316,1.8,2.5,0.703,0.537,1.2,1.4,0.85,2.9,8.2,11.2,2.1,1,1,2.1,3.4,11,110,121,NA
19,Michael Porter Jr.,26,DEN,SF,77,77,2593,9.8,19.4,0.504,3.6,9.1,0.395,6.2,10.4,0.599,0.596,2.8,3.6,0.768,2.6,7.5,10,3.1,0.9,0.7,1.9,2.9,25.9,122,118,NA
1,Mikal Bridges,28,NYK,SF,82,82,3036,9.7,19.3,0.5,2.7,7.6,0.354,7,11.8,0.594,0.57,1.6,1.9,0.814,1.2,3.1,4.2,5,1.2,0.7,2.2,2.1,23.6,117,118,NA
136,Mike Conley,37,MIN,PG,71,64,1756,5.3,13.1,0.4,3.6,8.7,0.41,1.7,4.4,0.38,0.535,2.3,2.5,0.9,0.9,4.2,5.1,9,2.2,0.4,2.1,3.1,16.4,125,113,NA
87,Miles Bridges,26,CHO,PF,64,64,2029,11.4,26.4,0.431,3.4,10.9,0.313,8,15.5,0.513,0.495,5.4,6.2,0.87,1.7,9.9,11.7,6,1.1,1.1,3.3,2.3,31.5,110,116,NA
162,Miles McBride,24,NYK,PG,64,10,1593,6.9,17,0.406,3.6,9.7,0.369,3.3,7.3,0.455,0.511,1.6,2,0.813,1.5,3.6,5,5.8,2.1,0.5,1.3,3.4,19,117,116,NA
432,Mitchell Robinson,26,NYK,C,17,3,290,6.3,9.6,0.661,0,0,NA,6.3,9.6,0.661,0.661,2.2,3.3,0.684,8.9,8.4,17.3,2.2,2.7,3.1,1.7,4.4,14.9,143,108,NA
396,Mo Bamba,26,2TM,C,32,2,413,6.2,13.3,0.464,1.8,6.4,0.278,4.4,6.9,0.638,0.531,2.3,3.2,0.704,3.8,13.4,17.2,2.1,1.1,3.7,2.4,6.7,16.4,111,106,NA
357,Monte Morris,29,PHO,PG,45,0,571,7.2,16.9,0.426,2.7,7.4,0.36,4.5,9.4,0.477,0.505,3.1,3.6,0.857,1,4.8,5.8,6.3,1.7,0.3,1.8,2,20.2,115,121,NA
358,Moritz Wagner,27,ORL,C,30,1,564,12.4,22.1,0.562,2.4,6.6,0.36,10,15.4,0.649,0.616,7,9.7,0.718,3.5,9.6,13.1,3.7,2.1,1.1,4.3,4.9,34.2,118,108,NA
156,Moses Moody,22,GSW,SG,74,34,1649,7.3,16.8,0.433,3.7,9.9,0.374,3.5,6.8,0.519,0.544,3.1,3.9,0.797,1.5,4,5.6,2.8,1.7,0.9,1.6,3.4,21.4,116,114,NA
365,Mouhamed Gueye,22,ATL,PF,33,28,533,6.3,15,0.421,1.8,7.1,0.259,4.5,7.9,0.567,0.482,2.8,3.7,0.762,3.9,8.3,12.2,2.4,2.5,2.9,1.3,4.8,17.3,114,111,NA
226,Moussa Diabaté,23,CHO,C,71,8,1241,6.6,11.1,0.596,0,0.2,0,6.6,10.9,0.609,0.596,2.7,4.6,0.595,7.4,9.9,17.4,2.2,1.8,1.6,2.4,4.3,16,122,113,NA
62,Myles Turner,28,IND,C,72,72,2174,8.6,17.9,0.481,3.4,8.7,0.396,5.2,9.2,0.561,0.577,4.1,5.3,0.773,2,8.4,10.4,2.5,1.2,3.2,2.7,4,24.8,113,112,NA
103,Naji Marshall,27,DAL,SF,69,31,1919,9.1,17.9,0.508,1.5,5.5,0.275,7.6,12.5,0.611,0.551,3.3,4,0.813,1.9,6.4,8.3,5.2,1.8,0.3,2.8,2.7,23,115,117,NA
60,Naz Reid,25,MIN,C,80,17,2200,9.6,20.7,0.462,3.9,10.4,0.379,5.6,10.3,0.544,0.556,2.5,3.2,0.776,2.1,8.7,10.8,4.1,1.3,1.6,2.4,4.2,25.5,115,110,NA
292,Neemias Queta,25,BOS,C,62,6,863,7.7,11.8,0.65,0,0.2,0,7.7,11.6,0.66,0.65,2.7,3.5,0.754,5.2,8.5,13.7,2.6,1,2.4,2.3,6.2,18,132,110,NA
109,Nic Claxton,25,BRK,C,70,62,1882,8.5,15,0.563,0.1,0.6,0.238,8.3,14.5,0.576,0.568,2.1,4.1,0.513,4.2,9.5,13.6,4.2,1.6,2.6,2.3,4,19.2,115,112,NA
221,Nick Richards,27,2TM,C,57,43,1256,8.1,13.6,0.591,0,0.1,0,8.1,13.6,0.594,0.591,4.7,6.3,0.744,5.8,12.5,18.3,1.9,0.6,2.2,3.2,5.5,20.8,120,115,NA
199,Nick Smith Jr.,20,CHO,SG,60,27,1369,8,20.4,0.391,3.7,11,0.34,4.2,9.4,0.45,0.482,1.5,1.7,0.935,0.5,4.1,4.6,5.2,0.6,0.2,2.9,2.8,21.2,100,121,NA
80,Nickeil Alexander-Walker,26,MIN,SG,82,10,2073,6.4,14.7,0.438,3.4,8.8,0.381,3.1,5.9,0.524,0.553,2.2,2.8,0.78,1.3,5,6.3,5.3,1.2,0.8,2.4,3.3,18.4,116,114,NA
201,Nicolas Batum,36,LAC,PF,78,8,1367,3.7,8.6,0.437,3.2,7.3,0.433,0.6,1.3,0.457,0.622,0.6,0.8,0.81,1.7,6.2,7.9,3,1.9,1.3,1.2,4,11.3,126,111,NA
22,Nikola Jokić,29,DEN,C,70,70,2571,14.7,25.5,0.576,2.6,6.2,0.417,12.1,19.3,0.627,0.627,6.8,8.4,0.8,3.7,12.9,16.7,13.4,2.4,0.8,4.3,3,38.7,133,111,NA
243,Nikola Jović,21,MIA,PF,46,10,1156,7.4,16.3,0.456,3.4,9.1,0.371,4.1,7.2,0.563,0.56,3.1,3.8,0.828,1.1,6.6,7.8,5.7,1.6,0.6,2.6,3.5,21.3,115,114,NA
47,Nikola Vučević,34,CHI,C,73,72,2278,11.3,21.3,0.53,2.6,6.6,0.402,8.6,14.7,0.587,0.592,2.5,3.1,0.805,3.6,11.4,15.1,5.2,1.2,1.1,2.4,3.3,27.6,122,113,NA
265,Noah Clowney,20,BRK,PF,46,20,1042,6.4,17.8,0.358,4.2,12.5,0.333,2.2,5.3,0.414,0.474,3.2,3.8,0.838,2.1,6.6,8.6,1.9,1.1,1,2.2,5,20.1,102,117,NA
96,Norman Powell,31,LAC,SG,60,60,1958,11.5,23.8,0.484,4.5,10.8,0.418,7,13,0.538,0.578,5.4,6.7,0.804,0.5,4.2,4.8,3.1,1.8,0.2,2.7,2.9,32.8,116,113,NA
9,OG Anunoby,27,NYK,PF,74,74,2706,9,18.8,0.476,3.1,8.4,0.372,5.8,10.4,0.561,0.559,3.4,4.1,0.81,1.8,4.8,6.6,3,2,1.2,1.9,3.2,24.4,118,114,NA
167,Obi Toppin,26,IND,PF,79,4,1545,9.9,18.6,0.529,3.4,9.4,0.365,6.4,9.3,0.695,0.621,2.8,3.5,0.781,1.7,8.2,9.9,4,1.4,0.9,2.1,3.4,25.9,122,114,NA
142,Ochai Agbaji,24,TOR,SG,64,45,1739,7.4,14.8,0.498,2.8,7,0.399,4.6,7.8,0.587,0.593,0.9,1.3,0.708,1.7,5,6.7,2.7,1.6,0.8,1.5,3.5,18.5,117,116,NA
354,Olivier-Maxence Prosper,22,DAL,PF,52,4,584,5.8,14.4,0.402,1,4.2,0.235,4.8,10.2,0.472,0.437,4.1,6.3,0.645,3.6,6.8,10.4,3.3,2.2,0.5,1.2,2.3,16.6,111,116,NA
82,Onyeka Okongwu,24,ATL,C,74,40,2064,8.8,15.5,0.567,1.1,3.4,0.324,7.7,12.1,0.634,0.602,3.7,4.9,0.759,5,10,15,3.8,1.6,1.5,2,4.4,22.4,129,114,NA
314,Orlando Robinson,24,2TM,C,44,8,770,7.3,16.3,0.444,1.1,3.3,0.327,6.2,13.1,0.474,0.477,3.4,4.4,0.771,5.6,8.2,13.8,4.8,1.1,1,3.1,6.3,19,110,115,NA
438,Oscar Tshiebwe,25,UTA,C,14,1,255,7.9,13.2,0.6,0,0,NA,7.9,13.2,0.6,0.6,4.3,5.8,0.742,8.7,14.3,23,1.7,2.4,0.2,1.9,4.5,20.1,135,114,NA
262,Oso Ighodaro,22,PHO,PF,61,6,1045,5.3,8.9,0.604,0,0.1,0,5.3,8.8,0.611,0.604,1.4,2.4,0.58,3.1,7.4,10.5,3.4,1.3,1.4,1.8,4.8,12.1,121,119,NA
399,Ousmane Dieng,21,OKC,C,37,1,405,6.4,14.8,0.432,2.7,8.4,0.324,3.7,6.4,0.574,0.524,1.3,1.9,0.688,2.1,7.5,9.6,3.7,2,0.8,2.1,3.9,16.8,109,108,NA
122,P.J. Washington,26,DAL,PF,57,56,1835,7.9,17.5,0.453,2.4,6.3,0.381,5.5,11.2,0.493,0.521,3.8,5.2,0.722,2.2,9.5,11.7,3.5,1.7,1.6,3.1,3.5,22,107,114,NA
165,Paolo Banchero,22,ORL,PF,46,46,1582,13,28.8,0.452,2.7,8.6,0.32,10.3,20.2,0.509,0.5,8.8,12.2,0.727,1.6,9.3,10.9,6.9,1.1,0.9,4.3,3.1,37.6,109,110,NA
25,Pascal Siakam,30,IND,PF,78,78,2548,11.6,22.3,0.519,2.4,6.1,0.389,9.2,16.2,0.568,0.572,4.3,5.8,0.734,2.5,7.7,10.2,5,1.3,0.8,2.1,3.6,29.8,120,115,NA
348,Pat Connaughton,32,MIL,SG,41,1,603,6.7,14.2,0.469,2.1,6.5,0.321,4.6,7.7,0.594,0.542,1.9,2.5,0.774,1.5,7.2,8.7,5.6,0.7,0.9,1.9,3.6,17.3,116,115,NA
443,Pat Spencer,28,GSW,PG,39,0,250,8,19.7,0.406,1,4.3,0.227,7,15.4,0.456,0.431,2.1,2.9,0.733,2.9,6,9,9.3,2.7,0.6,3.5,3.9,19.1,103,111,NA
166,Patrick Williams,23,CHI,PF,63,36,1576,6.1,15.3,0.397,2.8,8.1,0.353,3.2,7.2,0.447,0.49,1.8,2.5,0.723,1.3,5.7,7,3.7,1.4,0.9,2.5,2.6,16.8,100,117,NA
424,Patty Mills,36,2TM,PG,29,0,321,5.4,14.4,0.375,3.9,11.3,0.347,1.5,3.2,0.476,0.51,2,2.1,0.929,0.6,2.7,3.3,3.9,2,0.5,2.6,3.6,16.7,105,121,NA
209,Paul George,34,PHI,PF,41,41,1334,9.1,21.1,0.43,3.5,9.9,0.358,5.5,11.2,0.493,0.514,2.9,3.6,0.814,0.9,7.2,8.1,6.6,2.8,0.7,3.9,3.7,24.6,104,116,NA
391,Paul Reed,25,DET,C,45,0,438,7.9,15.6,0.507,0.9,3.1,0.286,7,12.5,0.561,0.535,3.5,4.6,0.762,4.4,9.1,13.5,4.8,4.3,2.7,2.9,8.2,20.2,118,103,NA
48,Payton Pritchard,27,BOS,PG,80,3,2271,9,19.1,0.472,5.6,13.8,0.407,3.4,5.3,0.642,0.62,1.6,1.9,0.845,2.3,4.5,6.8,6.2,1.5,0.3,1.8,2.6,25.3,131,114,NA
310,Pelle Larsson,23,MIA,SG,55,8,782,5.7,12.9,0.438,2,6.1,0.337,3.6,6.9,0.528,0.517,2.6,3.9,0.672,1.8,4.1,5.9,4.1,2,0.4,1.5,5.8,16,114,114,NA
155,Peyton Watson,22,DEN,SF,68,18,1656,5.9,12.4,0.477,1.4,3.9,0.353,4.5,8.5,0.534,0.533,2.8,4,0.693,1.4,5.4,6.8,2.7,1.4,2.7,1.6,3.6,16,113,116,NA
242,Precious Achiuwa,25,NYK,C,57,10,1170,7,13.9,0.502,0.4,1.5,0.278,6.5,12.3,0.529,0.517,1.7,2.9,0.594,4.3,9.2,13.4,2.3,2,1.8,1.9,3.4,16.1,112,111,NA
90,Quentin Grimes,24,2TM,SG,75,37,2013,9.3,20,0.467,3.9,10.2,0.385,5.4,9.7,0.552,0.565,3.9,5.2,0.757,1.4,6.4,7.9,5.5,1.8,0.5,3.4,3.3,26.5,113,118,NA
408,Quenton Jackson,26,IND,PG,28,7,381,7.3,15.4,0.475,1.9,5,0.375,5.4,10.3,0.524,0.537,3.9,5,0.775,1.8,3.8,5.6,6.7,2.6,0.6,2,5.4,20.4,121,114,NA
328,Quinten Post,24,GSW,PF,42,14,686,8.7,19.4,0.449,5.2,12.7,0.408,3.5,6.7,0.526,0.582,1.5,1.9,0.778,2.5,8,10.5,4,1.1,1.3,2.3,5.9,24.1,116,112,NA
114,RJ Barrett,24,TOR,SF,58,58,1869,11.8,25.3,0.468,2.8,7.9,0.35,9.1,17.4,0.522,0.523,5,8,0.63,1.6,7.9,9.4,8.1,1.2,0.4,4.2,3.5,31.5,108,116,NA
387,Rayan Rupert,20,POR,SG,52,0,460,6.1,15,0.408,1.7,6.2,0.271,4.4,8.8,0.506,0.465,2.4,3.2,0.767,2.7,4.6,7.4,2.6,1.7,0.4,3.2,3.9,16.4,99,117,NA
383,Reece Beekman,23,2TM,PG,36,4,469,3.7,11.4,0.327,0.7,4.2,0.175,3,7.1,0.418,0.36,1.7,2.2,0.762,1.4,2.8,4.1,6.7,3.5,0.2,2.2,3.8,9.9,95,115,NA
336,Reed Sheppard,20,HOU,PG,52,3,654,6.3,17.8,0.351,3.6,10.6,0.338,2.7,7.2,0.371,0.452,1,1.2,0.813,1.2,4.6,5.8,5.6,2.6,1.3,2.8,3.9,17,101,110,NA
406,Reggie Jackson,34,PHI,PG,31,1,384,6.7,17.1,0.391,3.2,9.5,0.338,3.5,7.6,0.458,0.485,0.9,1.2,0.778,1,4.4,5.4,5.8,2.1,0.4,2.2,4.4,17.5,104,120,NA
364,Richaun Holmes,31,WAS,PF,31,7,534,8,12.4,0.647,0,0.3,0,8,12.1,0.662,0.647,4.5,5.3,0.833,5.5,10.2,15.8,3.7,0.8,2,1.9,4.4,20.5,139,117,NA
223,Ricky Council IV,23,PHI,SF,73,12,1250,7,18.3,0.382,2.2,8.4,0.258,4.8,9.9,0.488,0.442,4.9,6,0.804,2,6.4,8.4,3.8,1.3,0.5,2.1,2.6,21,106,120,NA
368,Rob Dillingham,20,MIN,PG,49,1,516,8.9,20.2,0.441,2.4,7.1,0.338,6.5,13.1,0.496,0.5,0.8,1.4,0.533,1.1,3.6,4.8,9.4,1.9,0.1,5.1,3.5,20.9,99,114,NA
416,Robert Williams,27,POR,C,20,3,351,6.9,10.8,0.641,0.1,0.4,0.333,6.8,10.4,0.653,0.647,2.1,2.4,0.882,4.8,11.5,16.3,2.9,1.8,4.6,2.4,4.3,16.1,130,107,NA
219,Ron Holland,19,DET,SF,81,2,1266,7.5,15.8,0.474,1.4,5.7,0.238,6.1,10.1,0.608,0.517,3.5,4.6,0.754,1.5,6.8,8.3,3.1,1.9,0.6,2.7,5.4,19.8,107,113,NA
121,Royce O'Neale,31,PHO,SF,75,22,1837,6.5,15.3,0.423,4.8,11.9,0.406,1.7,3.5,0.481,0.58,0.5,0.7,0.731,1.4,8,9.4,4.4,1.8,0.9,1.8,4.1,18.3,115,118,NA
37,Rudy Gobert,32,MIN,C,72,72,2388,7,10.5,0.669,0,0,NA,7,10.5,0.669,0.669,3.8,5.6,0.674,5.5,10.7,16.2,2.6,1.2,2.1,1.8,3.8,17.9,138,109,NA
113,Rui Hachimura,26,LAL,PF,59,57,1869,7.7,15.2,0.509,2.7,6.5,0.413,5,8.7,0.581,0.597,2.3,3,0.77,2.1,5.7,7.8,2.2,1.2,0.7,1.3,2.8,20.4,123,117,NA
78,Russell Westbrook,36,DEN,PG,75,36,2092,8.6,19.1,0.449,2.2,6.7,0.323,6.4,12.4,0.517,0.505,3.5,5.4,0.661,2.3,6.2,8.5,10.5,2.4,0.9,5.6,4.3,22.8,105,115,NA
194,Ryan Dunn,22,PHO,SF,74,44,1410,7.2,16.7,0.43,2.9,9.3,0.311,4.3,7.5,0.577,0.516,0.7,1.4,0.487,3.2,6.1,9.4,2,1.5,1.4,1.4,5.7,17.9,107,119,NA
302,Ryan Rollins,22,MIL,PG,56,19,820,7.8,16,0.487,2.9,7.1,0.408,4.9,8.9,0.55,0.577,2.1,2.7,0.8,1.2,5.1,6.4,6.1,2.5,1,3.1,5.2,20.6,113,112,NA
169,Sam Hauser,27,BOS,PF,71,19,1541,7,15.4,0.451,5.4,13,0.416,1.6,2.4,0.64,0.627,0.4,0.4,1,1.4,5.9,7.3,2.1,1.3,0.4,0.7,2.8,19.7,128,113,NA
195,Sam Merrill,28,CLE,SG,71,4,1401,5.9,14.6,0.406,4.7,12.6,0.372,1.2,1.9,0.625,0.567,1,1,0.966,1.3,4.1,5.4,3.7,1.8,0.5,1.2,4.3,17.5,122,114,NA
330,Sandro Mamukelashvili,25,SAS,PF,61,0,681,10,19.9,0.502,4.3,11.4,0.373,5.7,8.5,0.675,0.609,3.1,4.1,0.741,4.4,8.9,13.3,3.4,1.6,1.2,1.8,4.3,27.3,126,116,NA
151,Santi Aldama,24,MEM,PF,65,16,1660,8.8,18.1,0.483,3.4,9.1,0.368,5.4,9,0.599,0.576,1.8,2.6,0.691,2.6,9,11.6,5.3,1.5,0.8,2,2.1,22.7,123,113,NA
133,Scoot Henderson,20,POR,PG,66,10,1759,7.9,18.9,0.419,2.9,8.2,0.354,5,10.7,0.469,0.496,4.4,5.7,0.767,1.4,4,5.5,9.3,1.9,0.4,4.9,5,23.1,107,117,NA
71,Scottie Barnes,23,TOR,PF,65,65,2134,10.7,24,0.446,1.7,6.3,0.271,9,17.7,0.508,0.482,5.1,6.8,0.755,2.5,8.9,11.3,8.5,2.1,1.4,4.2,2.5,28.2,107,112,NA
149,Scotty Pippen Jr.,24,MEM,PG,79,21,1683,7.9,16.4,0.48,2.4,6,0.397,5.5,10.4,0.528,0.553,3.4,4.7,0.713,1.8,5.4,7.2,9.6,2.8,0.8,3.8,5.6,21.5,118,112,NA
259,Seth Curry,34,CHO,SG,68,14,1062,7.6,15.9,0.478,3.8,8.4,0.456,3.8,7.5,0.503,0.599,1.5,1.8,0.846,1.1,4.1,5.2,2.8,1.3,0.3,1.5,2.7,20.6,120,120,NA
50,Shaedon Sharpe,21,POR,SG,72,52,2252,10.8,23.8,0.452,3.2,10.2,0.311,7.6,13.6,0.557,0.519,4.1,5.2,0.785,1.5,5.5,7,4.3,1.3,0.3,3.2,2.6,28.8,110,117,NA
18,Shai Gilgeous-Alexander,26,OKC,PG,76,76,2598,15.9,30.6,0.519,3,8,0.375,12.9,22.6,0.571,0.569,11.1,12.4,0.898,1.2,5.8,7,9,2.4,1.4,3.4,3,45.9,129,107,NA
298,Shake Milton,28,2TM,SG,57,2,837,6.8,15,0.453,2.2,6.3,0.358,4.6,8.8,0.52,0.528,2.8,3.5,0.797,1.8,4.3,6.2,6,1.5,0.2,2.4,4,18.6,115,118,NA
228,Simone Fontecchio,29,DET,SF,75,0,1237,5.8,14.5,0.402,3,8.8,0.335,2.9,5.7,0.507,0.504,2.7,3.3,0.833,2,6.3,8.4,2.5,1.2,0.5,2.1,3.7,17.3,109,115,NA
70,Spencer Dinwiddie,31,DAL,PG,79,30,2136,6.4,15.4,0.416,2.5,7.4,0.334,4,8.1,0.492,0.496,4.4,5.5,0.802,0.4,4.3,4.7,7.9,1.6,0.4,2.3,2.7,19.7,116,119,NA
51,Stephen Curry,36,GSW,PG,70,70,2252,12.2,27.2,0.448,6.7,16.9,0.397,5.5,10.2,0.534,0.572,6,6.5,0.933,0.9,5.8,6.7,9.1,1.7,0.6,4.3,2.1,37.1,120,113,NA
65,Stephon Castle,20,SAS,PG,81,47,2162,9.5,22.1,0.428,2.1,7.4,0.285,7.3,14.6,0.501,0.476,5.6,7.7,0.724,2,4.6,6.6,7.4,1.7,0.5,4,3.7,26.6,106,119,NA
304,Steven Adams,31,HOU,C,58,3,794,5.6,10.2,0.545,0,0.1,0,5.6,10.1,0.552,0.545,2.6,5.7,0.462,10.2,9.9,20,4,1.3,1.7,3.3,3.7,13.8,118,109,NA
318,Svi Mykhailiuk,27,UTA,SF,38,13,760,7.5,19.1,0.391,4.4,12.8,0.345,3,6.3,0.485,0.507,1.8,2.2,0.8,1.4,4.3,5.7,4.8,1.2,0.4,3.3,2.7,21.1,103,123,NA
192,T.J. McConnell,32,IND,PG,79,1,1415,11,21.2,0.519,0.5,1.7,0.306,10.5,19.5,0.537,0.531,1.9,2.6,0.74,1.5,5.1,6.6,11.9,2.8,0.7,3.7,2.7,24.5,113,113,NA
398,Taj Gibson,39,CHO,C,37,11,409,5.7,11.4,0.495,0.1,0.2,0.5,5.5,11.2,0.495,0.5,1.4,2.4,0.6,6.1,8.3,14.4,2.5,1.1,2.2,3,6.5,12.9,105,115,NA
323,Talen Horton-Tucker,24,CHI,SG,58,0,724,8.6,18.8,0.457,2.6,7.9,0.336,5.9,10.9,0.544,0.527,4.6,6.3,0.735,1.2,5.2,6.4,5.4,1.4,0.7,2.6,3.8,24.4,112,117,NA
190,Tari Eason,23,HOU,PF,57,16,1420,9.3,19.2,0.487,2.2,6.3,0.342,7.2,12.9,0.557,0.543,2.7,3.6,0.76,4.4,8,12.4,2.8,3.3,1.7,2.2,4.7,23.5,119,106,NA
64,Taurean Prince,30,MIL,SF,80,73,2166,5.2,11.5,0.457,3.3,7.5,0.439,2,4,0.492,0.6,0.9,1.1,0.813,0.8,5.6,6.4,3.5,1.7,0.3,1.8,3.7,14.6,114,115,NA
193,Terance Mann,28,2TM,SG,67,13,1414,7,14,0.496,2,5.5,0.368,4.9,8.5,0.58,0.569,1.6,2.3,0.691,2.3,4.4,6.8,4.1,1.6,0.5,1.6,4.3,17.6,120,116,NA
419,Terrence Shannon Jr.,24,MIN,SG,32,1,339,8,16.6,0.482,1.6,4.5,0.355,6.4,12.1,0.53,0.531,2.5,3.1,0.81,1.5,5.4,6.8,4.7,1,0.7,2.2,3.9,20.1,114,114,NA
154,Terry Rozier,30,MIA,PG,64,23,1658,7.5,19.1,0.391,2.7,9.3,0.295,4.7,9.8,0.48,0.462,2.8,3.2,0.852,1.3,5.8,7.2,5,1.1,0.4,2.3,2.2,20.4,103,116,NA
276,Thomas Bryant,27,2TM,C,66,8,963,8.2,16.1,0.508,2.4,7.4,0.324,5.8,8.7,0.665,0.583,2.8,3.2,0.859,4.2,8.4,12.6,2.7,1.4,2.1,1.5,3.8,21.5,125,113,NA
224,Tidjane Salaün,19,CHO,PF,60,10,1244,4.5,13.6,0.33,2.3,8.1,0.283,2.2,5.5,0.4,0.414,2.6,3.7,0.713,2.8,8.3,11.1,2.9,1.1,0.6,2.3,3.3,14,97,117,NA
68,Tim Hardaway Jr.,32,DET,SG,77,77,2153,6.2,15.2,0.406,3.8,10.2,0.368,2.4,5,0.484,0.529,2.8,3.2,0.855,0.4,3.7,4.1,2.7,0.8,0.2,1.1,2.1,18.9,117,118,NA
38,Tobias Harris,32,DET,PF,73,73,2305,8,16.8,0.477,1.9,5.5,0.345,6.1,11.3,0.542,0.534,3,3.5,0.861,1.4,7.7,9,3.4,1.5,1.2,1.8,2.9,20.9,116,113,NA
427,Torrey Craig,34,2TM,SF,26,4,314,5.9,14,0.422,3.7,10.3,0.364,2.2,3.7,0.583,0.556,1.2,1.9,0.667,4.2,7.2,11.4,2.6,1.2,1.9,1.2,5.3,16.8,121,112,NA
333,Tosan Evbuomwan,23,BRK,SF,28,0,665,7,16.5,0.427,1.8,5.8,0.312,5.2,10.7,0.49,0.482,4.1,5.5,0.753,2.4,6.6,9,4.1,1.8,0.7,2.9,4.1,20,105,116,NA
24,Toumani Camara,24,POR,PF,78,78,2548,6.3,13.7,0.458,2.6,6.9,0.375,3.7,6.8,0.542,0.552,1.7,2.4,0.722,3.3,5.3,8.6,3.3,2.2,1,2.1,4.4,16.8,117,115,NA
7,Trae Young,26,ATL,PG,76,76,2739,9.7,23.5,0.411,3.7,11,0.34,5.9,12.5,0.474,0.491,8.4,9.6,0.875,0.6,3.4,4,15,1.6,0.2,6.1,2.5,31.4,114,119,NA
275,Trayce Jackson-Davis,24,GSW,C,62,37,967,8.8,15.2,0.576,0,0.2,0,8.8,15,0.582,0.576,3,5.1,0.578,6.1,9.5,15.6,5.2,1.2,1.9,2.3,3.7,20.5,125,111,NA
288,Tre Jones,25,2TM,PG,46,9,905,6.7,12.5,0.538,1,2.5,0.396,5.7,10,0.574,0.578,2.9,3.5,0.821,1.6,4.5,6.1,10.1,1.9,0.5,1.8,2.9,17.3,134,118,NA
425,Tre Mann,23,CHO,PG,13,0,319,10.8,24.8,0.435,3.7,9.2,0.4,7.1,15.6,0.455,0.509,2.9,3.2,0.905,1.8,4,5.9,6,1.1,0.6,3.9,3.7,28.2,105,120,NA
283,Trendon Watford,24,BRK,PF,44,6,913,8.9,19.1,0.469,1.6,4.8,0.33,7.4,14.3,0.515,0.51,5.1,6.7,0.762,2,6.7,8.7,6.3,1.5,0.7,4.5,5.2,24.5,105,116,NA
393,Trevelin Queen,27,ORL,SG,31,2,430,6.5,17.1,0.381,2.6,8.9,0.286,3.9,8.1,0.486,0.456,2.1,2.4,0.857,3,3.3,6.3,4.4,3.6,1.2,2.6,4.4,17.7,103,108,NA
405,Trey Jemison,25,2TM,C,38,0,392,5.1,9.2,0.554,0,0,NA,5.1,9.2,0.554,0.554,1.6,4.1,0.394,5.5,7.6,13.1,2,1.1,1.9,3,8.6,11.8,104,116,NA
205,Trey Lyles,29,SAC,PF,69,5,1349,5.7,13.6,0.42,2.9,8.6,0.34,2.8,4.9,0.559,0.528,2,2.9,0.7,2.9,8.6,11.5,3,1.5,0.8,1.4,3.1,16.3,117,116,NA
116,Trey Murphy III,24,NOP,SF,53,51,1854,10,21.9,0.454,4.1,11.4,0.361,5.8,10.5,0.556,0.548,5.3,6,0.887,1.2,5.8,7,4.9,1.5,1,2.7,2.9,29.4,118,121,NA
157,Tristan Da Silva,23,ORL,SF,74,38,1629,6.1,14.8,0.412,2.5,7.3,0.335,3.6,7.5,0.488,0.495,1.7,1.9,0.873,2.2,5.3,7.5,3.5,1,0.6,1.7,2.9,16.3,109,113,NA
421,Tristan Thompson,33,CLE,C,40,0,328,4.5,10.4,0.437,0,0.4,0,4.5,10,0.456,0.437,1,4.4,0.233,4.7,15,19.6,3.5,0.3,1.6,2.1,5.3,10.1,100,109,NA
371,Tristan Vukcevic,21,WAS,C,35,1,513,11.1,22.4,0.496,3.5,9.5,0.373,7.6,13,0.586,0.574,4.8,6.2,0.776,2.4,9.6,12.1,3.6,1,2.1,3.9,5.3,30.6,110,117,NA
197,Ty Jerome,27,CLE,SG,70,3,1392,11,21.4,0.516,3.8,8.7,0.439,7.2,12.6,0.57,0.606,4.5,5.1,0.872,1.7,4.3,6,8.2,2.7,0.1,3.2,3.5,30.3,128,113,NA
8,Tyler Herro,25,MIA,SG,77,77,2725,11.9,25.2,0.472,4.6,12.3,0.375,7.3,13,0.565,0.563,5.3,6,0.878,0.6,6.7,7.3,7.8,1.3,0.3,3.6,1.6,33.7,117,115,NA
431,Tyler Kolek,23,NYK,PG,41,0,296,4.5,13.7,0.329,2.3,7.9,0.298,2.2,5.9,0.371,0.415,2.2,2.8,0.765,1.3,3.2,4.5,11.7,2,0.7,3,4.4,13.6,109,116,NA
30,Tyrese Haliburton,24,IND,PG,73,73,2451,9.3,19.7,0.473,4.3,11,0.388,5.1,8.7,0.581,0.582,3.7,4.4,0.851,0.8,4.2,5.1,13.2,2.1,1,2.4,1.8,26.6,131,115,NA
213,Tyrese Martin,25,BRK,SG,60,11,1315,7.2,17.6,0.406,3.7,10.7,0.351,3.4,6.9,0.492,0.513,1.7,2.2,0.793,2.2,6.1,8.3,4.6,1.3,0.3,2.8,2.9,19.8,105,118,NA
95,Tyrese Maxey,24,PHI,PG,52,52,1960,12,27.4,0.437,4,12,0.337,7.9,15.4,0.515,0.511,6.4,7.3,0.879,0.4,4,4.4,8,2.3,0.5,3.1,2.9,34.4,114,119,NA
61,Tyus Jones,28,PHO,PG,81,58,2174,7,15.5,0.448,3.8,9.1,0.414,3.2,6.4,0.496,0.57,1.2,1.3,0.895,0.9,3.5,4.5,9.8,1.6,0.2,2.1,1.4,18.9,124,122,NA
308,Vasilije Micić,31,2TM,PG,41,16,785,6,17.1,0.348,2.8,7.8,0.36,3.1,9.3,0.338,0.43,2.1,2.6,0.829,1.3,4.3,5.6,8,0.9,0,4.8,2.8,16.9,92,121,NA
172,Victor Wembanyama,21,SAS,C,46,46,1527,12.9,27.1,0.476,4.5,12.8,0.352,8.4,14.4,0.586,0.559,5,6,0.836,2.6,13.4,16,5.3,1.6,5.6,4.7,3.3,35.3,109,108,NA
376,Vince Williams Jr.,24,MEM,SG,27,5,499,6.2,15.6,0.401,2.4,8.9,0.274,3.8,6.7,0.569,0.479,1.8,2.2,0.792,2,7.1,9.1,5.1,1.1,0.7,3.1,4.2,16.7,104,115,NA
245,Vit Krejci,24,ATL,PG,57,16,1153,5.9,11.8,0.497,3.7,8.4,0.437,2.2,3.5,0.64,0.651,1.3,1.8,0.711,0.9,5.4,6.3,6,1.5,1.1,2,4.3,16.7,127,117,NA
140,Walker Kessler,23,UTA,C,58,58,1740,7.7,11.6,0.663,0.2,0.9,0.176,7.5,10.6,0.706,0.671,2.2,4.2,0.52,7.3,12.2,19.5,2.7,1,3.8,2.4,3.6,17.7,130,115,NA
134,Wendell Carter Jr.,25,ORL,C,68,51,1758,6.4,13.9,0.46,1.1,4.5,0.234,5.4,9.5,0.568,0.498,3.7,5,0.737,4.3,9.7,14,3.8,1.5,1.2,2.2,5.7,17.6,115,109,NA
377,Wendell Moore Jr.,23,2TM,SG,36,1,499,5.8,12.3,0.468,1.4,4,0.341,4.4,8.3,0.529,0.524,1.8,2.1,0.818,2.9,6.3,9.3,4.1,2,0.5,2.6,3,14.6,110,115,NA
450,Xavier Tillman Sr.,26,BOS,C,33,2,231,2.8,11.5,0.245,1.1,6.9,0.156,1.7,4.6,0.381,0.292,0.7,0.9,0.75,2.2,7.2,9.3,1.5,2.4,1.1,3,3.9,7.4,67,109,NA
97,Yves Missi,20,NOP,C,73,67,1956,6.7,12.2,0.547,0,0,0,6.7,12.2,0.548,0.547,3.1,5.1,0.623,6.3,8.6,14.9,2.5,0.9,2.4,2,3.6,16.5,120,119,NA
117,Zaccharie Risacher,19,ATL,SF,75,73,1843,9.1,19.8,0.458,3.1,8.7,0.355,6,11,0.54,0.537,2.7,3.8,0.711,2.2,4.6,6.8,2.3,1.3,0.9,2.3,3.8,23.9,108,118,NA
274,Zach Collins,27,2TM,PF,64,12,977,7.4,14.6,0.507,1.6,5.1,0.302,5.9,9.5,0.617,0.56,3.3,3.8,0.885,4.9,9,14,5.4,1.4,1.4,2.9,6.4,19.7,122,115,NA
191,Zach Edey,22,MEM,C,66,55,1416,8.2,14.2,0.58,0.6,1.7,0.346,7.6,12.5,0.612,0.6,3,4.2,0.709,7.6,10.4,18,2.1,1.2,2.8,2.9,6,20,124,110,NA
17,Zach LaVine,29,2TM,SF,74,74,2602,11.4,22.4,0.511,4.4,9.8,0.446,7.1,12.6,0.562,0.609,4.3,5.2,0.825,0.4,5.4,5.8,5.7,1.1,0.2,3.8,2.2,31.6,116,119,NA
346,Zeke Nnaji,24,DEN,PF,57,4,608,5.5,11.2,0.496,1.3,4.1,0.327,4.2,7,0.596,0.557,2.1,3.5,0.614,2.6,4.5,7.1,1.8,2,3,1.1,4.9,14.6,120,114,NA
170,Ziaire Williams,23,BRK,SF,63,45,1541,6.9,16.8,0.412,3.3,9.8,0.341,3.6,7,0.509,0.511,3.3,4,0.821,2,7.3,9.3,2.7,2,0.9,2.2,4.8,20.4,109,114,NA
295,Zion Williamson,24,NOP,PF,30,30,857,16.3,28.7,0.567,0.2,0.7,0.231,16.1,28,0.576,0.57,8.9,13.6,0.656,4.3,7.9,12.2,9,2.1,1.5,5.1,4.6,41.7,117,118,NA
