"","scoring_play","score_value","shot_x","shot_y","shot_distance","shot_type"
"1",TRUE,2,0,10,10,"Pullup Jump Shot"
"2",FALSE,0,19,17,25.4950975679639,"Jump Shot"
"3",TRUE,2,-4,2,4.47213595499958,"Driving Layup Shot"
"4",FALSE,0,0,17,17,"Turnaround Jump Shot"
"5",TRUE,2,-4,2,4.47213595499958,"Running Layup Shot"
"6",FALSE,0,-6,5,7.81024967590665,"Driving Floating Jump Shot"
"7",FALSE,0,-3,3,4.24264068711928,"Driving Layup Shot"
"8",TRUE,2,-4,2,4.47213595499958,"Running Layup Shot"
"9",FALSE,0,-12,25,27.7308492477241,"Pullup Jump Shot"
"10",FALSE,0,-1,9,9.05538513813742,"Turnaround Fade Away Jump Shot"
"11",FALSE,0,-4,7,8.06225774829855,"Turnaround Jump Shot"
"12",FALSE,0,-4,2,4.47213595499958,"Driving Layup Shot"
"13",FALSE,0,-5,24,24.5153013442625,"Step Back Jump Shot"
"14",FALSE,0,-4,2,4.47213595499958,"Driving Layup Shot"
"15",FALSE,0,-5,2,5.3851648071345,"Pullup Jump Shot"
"16",TRUE,2,4,3,5,"Running Layup Shot"
"17",FALSE,0,-3,1,3.16227766016838,"Layup Shot"
"18",FALSE,0,3,20,20.2237484161567,"Jump Shot"
"19",TRUE,2,4,9,9.8488578017961,"Pullup Jump Shot"
"20",FALSE,0,-6,3,6.70820393249937,"Jump Shot"
"21",FALSE,0,-7,2,7.28010988928052,"Turnaround Fade Away Jump Shot"
"22",TRUE,2,2,17,17.1172427686237,"Jump Shot"
"23",FALSE,0,-9,3,9.48683298050514,"Pullup Jump Shot"
"24",FALSE,0,-1,19,19.0262975904404,"Jump Shot"
"25",TRUE,2,-4,17,17.464249196573,"Jump Shot"
"26",TRUE,2,-5,15,15.8113883008419,"Jump Shot"
"27",TRUE,3,17,18,24.7588368062799,"Jump Shot"
"28",FALSE,0,4,2,4.47213595499958,"Driving Layup Shot"
"29",FALSE,0,4,9,9.8488578017961,"Pullup Jump Shot"
"30",FALSE,0,-1,8,8.06225774829855,"Turnaround Jump Shot"
"31",FALSE,0,-14,5,14.8660687473185,"Pullup Jump Shot"
"32",FALSE,0,-9,14,16.6433169770932,"Jump Shot"
"33",TRUE,2,3,1,3.16227766016838,"Driving Layup Shot"
"34",TRUE,2,-1,7,7.07106781186548,"Turnaround Bank Jump Shot"
"35",FALSE,0,8,24,25.298221281347,"Jump Shot"
"36",FALSE,0,-4,1,4.12310562561766,"Driving Layup Shot"
"37",TRUE,2,-5,2,5.3851648071345,"Driving Layup Shot"
"38",TRUE,2,-5,1,5.09901951359278,"Layup Shot"
"39",FALSE,0,-3,12,12.369316876853,"Pullup Jump Shot"
"40",TRUE,2,0,10,10,"Turnaround Fade Away Jump Shot"
"41",FALSE,0,-4,3,5,"Driving Layup Shot"
"42",FALSE,0,1,5,5.09901951359278,"Turnaround Jump Shot"
"43",FALSE,0,-5,1,5.09901951359278,"Driving Floating Jump Shot"
"44",TRUE,2,-4,1,4.12310562561766,"Layup Shot Putback"
"45",FALSE,0,3,5,5.8309518948453,"Turnaround Jump Shot"
"46",TRUE,2,6,3,6.70820393249937,"Layup Shot Putback"
"47",TRUE,2,-5,5,7.07106781186548,"Turnaround Jump Shot"
"48",FALSE,0,0,6,6,"Pullup Jump Shot"
"49",TRUE,2,-3,7,7.61577310586391,"Turnaround Jump Shot"
"50",TRUE,2,12,1,12.0415945787923,"Running Jump Shot"
"51",TRUE,2,5,4,6.40312423743285,"Running Finger Roll Layup"
"52",FALSE,0,-12,12,16.9705627484771,"Pullup Jump Shot"
"53",FALSE,0,6,10,11.6619037896906,"Running Jump Shot"
"54",FALSE,0,4,4,5.65685424949238,"Running Layup Shot"
"55",TRUE,2,-4,9,9.8488578017961,"Pullup Jump Shot"
"56",TRUE,2,15,1,15.0332963783729,"Jump Shot"
"57",FALSE,0,4,3,5,"Layup Shot"
"58",TRUE,2,4,3,5,"Layup Shot Putback"
"59",TRUE,2,-4,3,5,"Fade Away Jump Shot"
"60",TRUE,2,2,1,2.23606797749979,"Cutting Layup Shot"
"61",TRUE,2,-3,14,14.3178210632764,"Step Back Jump Shot"
"62",FALSE,0,4,13,13.6014705087354,"Jump Shot"
"63",FALSE,0,4,5,6.40312423743285,"Layup Shot Putback"
"64",FALSE,0,1,8,8.06225774829855,"Jump Shot"
"65",TRUE,2,-5,6,7.81024967590665,"Turnaround Fade Away Jump Shot"
"66",TRUE,2,3,2,3.60555127546399,"Running Layup Shot"
"67",TRUE,2,3,2,3.60555127546399,"Driving Layup Shot"
"68",TRUE,2,-5,1,5.09901951359278,"Running Layup Shot"
"69",FALSE,0,1,5,5.09901951359278,"Driving Layup Shot"
"70",FALSE,0,-1,6,6.08276253029822,"Fade Away Jump Shot"
"71",TRUE,2,-1,15,15.0332963783729,"Jump Shot"
"72",FALSE,0,4,4,5.65685424949238,"Driving Layup Shot"
"73",FALSE,0,-3,2,3.60555127546399,"Layup Shot Putback"
"74",FALSE,0,2,5,5.3851648071345,"Layup Shot Putback"
"75",TRUE,2,1,13,13.0384048104053,"Step Back Jump Shot"
"76",TRUE,2,3,4,5,"Layup Shot Putback"
"77",FALSE,0,-20,12,23.3238075793812,"Jump Shot"
"78",TRUE,2,-3,2,3.60555127546399,"Cutting Layup Shot"
"79",FALSE,0,-1,11,11.0453610171873,"Pullup Jump Shot"
"80",TRUE,2,-11,6,12.5299640861417,"Turnaround Fade Away Jump Shot"
"81",FALSE,0,-8,5,9.4339811320566,"Jump Shot"
"82",TRUE,2,-5,2,5.3851648071345,"Cutting Layup Shot"
"83",FALSE,0,-23,0,23,"Step Back Jump Shot"
"84",FALSE,0,1,6,6.08276253029822,"Jump Shot"
"85",TRUE,2,-9,5,10.295630140987,"Turnaround Fade Away Jump Shot"
"86",FALSE,0,6,4,7.21110255092798,"Fade Away Jump Shot"
"87",FALSE,0,3,16,16.2788205960997,"Pullup Jump Shot"
"88",FALSE,0,-3,7,7.61577310586391,"Layup Shot"
"89",FALSE,0,4,2,4.47213595499958,"Layup Shot"
"90",FALSE,0,3,2,3.60555127546399,"Driving Layup Shot"
"91",TRUE,2,-3,2,3.60555127546399,"Running Layup Shot"
"92",FALSE,0,2,9,9.21954445729289,"Driving Floating Jump Shot"
"93",FALSE,0,-12,10,15.6204993518133,"Pullup Jump Shot"
"94",TRUE,2,-2,5,5.3851648071345,"Pullup Jump Shot"
"95",FALSE,0,6,4,7.21110255092798,"Turnaround Jump Shot"
"96",FALSE,0,1,6,6.08276253029822,"Pullup Jump Shot"
"97",TRUE,2,-4,2,4.47213595499958,"Cutting Layup Shot"
"98",TRUE,2,1,12,12.0415945787923,"Pullup Jump Shot"
"99",TRUE,2,-4,4,5.65685424949238,"Layup Shot"
"100",FALSE,0,4,10,10.770329614269,"Step Back Jump Shot"
"101",FALSE,0,-12,2,12.1655250605964,"Fade Away Jump Shot"
"102",FALSE,0,-4,3,5,"Driving Layup Shot"
"103",FALSE,0,-3,3,4.24264068711928,"Cutting Layup Shot"
"104",TRUE,2,4,14,14.560219778561,"Jump Shot"
"105",TRUE,2,1,13,13.0384048104053,"Step Back Jump Shot"
"106",TRUE,2,4,14,14.560219778561,"Jump Shot"
"107",FALSE,0,5,5,7.07106781186548,"Driving Layup Shot"
"108",FALSE,0,5,5,7.07106781186548,"Step Back Jump Shot"
"109",TRUE,3,10,23,25.0798724079689,"Jump Shot"
"110",TRUE,2,0,6,6,"Turnaround Fade Away Jump Shot"
"111",TRUE,2,-4,3,5,"Turnaround Fade Away Jump Shot"
"112",FALSE,0,5,5,7.07106781186548,"Driving Layup Shot"
"113",TRUE,2,-5,3,5.8309518948453,"Driving Layup Shot"
"114",FALSE,0,3,12,12.369316876853,"Step Back Jump Shot"
"115",FALSE,0,-5,15,15.8113883008419,"Pullup Jump Shot"
"116",TRUE,2,-2,17,17.1172427686237,"Jump Shot"
"117",FALSE,0,-5,7,8.60232526704263,"Turnaround Fade Away Jump Shot"
"118",FALSE,0,-1,6,6.08276253029822,"Pullup Jump Shot"
"119",FALSE,0,5,1,5.09901951359278,"Driving Layup Shot"
"120",TRUE,2,-12,1,12.0415945787923,"Jump Shot"
"121",FALSE,0,0,0,0,"Driving Finger Roll Layup"
"122",TRUE,2,-6,11,12.5299640861417,"Pullup Jump Shot"
"123",TRUE,2,-1,20,20.0249843945008,"Jump Shot"
"124",FALSE,0,-1,5,5.09901951359278,"Driving Layup Shot"
"125",TRUE,2,3,0,3,"Driving Layup Shot"
"126",TRUE,2,1,3,3.16227766016838,"Driving Finger Roll Layup"
"127",FALSE,0,-1,18,18.0277563773199,"Jump Shot"
"128",FALSE,0,1,18,18.0277563773199,"Pullup Jump Shot"
"129",TRUE,2,1,3,3.16227766016838,"Driving Finger Roll Layup"
"130",FALSE,0,3,1,3.16227766016838,"Driving Layup Shot"
"131",FALSE,0,3,6,6.70820393249937,"Fade Away Jump Shot"
"132",TRUE,2,-1,2,2.23606797749979,"Cutting Layup Shot"
"133",TRUE,2,-13,2,13.1529464379659,"Jump Shot"
"134",TRUE,2,-4,4,5.65685424949238,"Driving Layup Shot"
"135",FALSE,0,7,18,19.313207915828,"Step Back Jump Shot"
"136",TRUE,2,-1,1,1.4142135623731,"Running Layup Shot"
"137",FALSE,0,-15,11,18.6010752377383,"Pullup Jump Shot"
"138",FALSE,0,-3,2,3.60555127546399,"Cutting Layup Shot"
"139",FALSE,0,-2,11,11.1803398874989,"Step Back Jump Shot"
"140",FALSE,0,0,-1,1,"Driving Layup Shot"
"141",FALSE,0,8,13,15.2643375224737,"Pullup Jump Shot"
"142",TRUE,2,0,1,1,"Cutting Layup Shot"
"143",TRUE,2,-3,0,3,"Driving Layup Shot"
"144",TRUE,2,0,2,2,"Driving Finger Roll Layup"
"145",FALSE,0,-6,6,8.48528137423857,"Turnaround Jump Shot"
"146",TRUE,2,1,0,1,"Cutting Layup Shot"
"147",TRUE,3,2,25,25.0798724079689,"Jump Shot"
"148",FALSE,0,-10,6,11.6619037896906,"Jump Shot"
"149",FALSE,0,-5,8,9.4339811320566,"Driving Floating Jump Shot"
"150",FALSE,0,4,8,8.94427190999916,"Jump Shot"
"151",FALSE,0,2,4,4.47213595499958,"Driving Layup Shot"
"152",FALSE,0,-4,5,6.40312423743285,"Driving Layup Shot"
"153",FALSE,0,19,17,25.4950975679639,"Jump Shot"
"154",FALSE,0,-2,2,2.82842712474619,"Driving Layup Shot"
"155",FALSE,0,7,0,7,"Turnaround Fade Away Jump Shot"
"156",FALSE,0,-6,7,9.21954445729289,"Turnaround Fade Away Jump Shot"
"157",FALSE,0,17,0,17,"Jump Shot"
"158",FALSE,0,2,13,13.1529464379659,"Turnaround Jump Shot"
"159",FALSE,0,0,12,12,"Pullup Jump Shot"
"160",FALSE,0,1,12,12.0415945787923,"Turnaround Jump Shot"
"161",FALSE,0,10,4,10.770329614269,"Fade Away Jump Shot"
"162",TRUE,2,5,10,11.1803398874989,"Step Back Jump Shot"
"163",TRUE,2,7,15,16.5529453572468,"Jump Shot"
"164",FALSE,0,-3,2,3.60555127546399,"Driving Layup Shot"
"165",FALSE,0,-2,1,2.23606797749979,"Cutting Layup Shot"
"166",TRUE,2,5,5,7.07106781186548,"Jump Shot"
"167",FALSE,0,-9,7,11.4017542509914,"Pullup Jump Shot"
"168",TRUE,2,-3,3,4.24264068711928,"Driving Layup Shot"
"169",TRUE,2,2,9,9.21954445729289,"Pullup Jump Shot"
"170",FALSE,0,-7,4,8.06225774829855,"Jump Shot"
"171",TRUE,2,-4,1,4.12310562561766,"Running Layup Shot"
"172",FALSE,0,-3,1,3.16227766016838,"Driving Layup Shot"
"173",FALSE,0,7,4,8.06225774829855,"Turnaround Fade Away Jump Shot"
"174",FALSE,0,5,3,5.8309518948453,"Cutting Layup Shot"
"175",FALSE,0,-2,4,4.47213595499958,"Layup Shot"
"176",TRUE,3,23,9,24.6981780704569,"Jump Shot"
"177",TRUE,2,3,15,15.2970585407784,"Jump Shot"
"178",TRUE,2,0,0,0,"Tip Shot"
"179",FALSE,0,-8,2,8.24621125123532,"Pullup Jump Shot"
"180",TRUE,2,12,9,15,"Step Back Jump Shot"
"181",TRUE,2,-4,1,4.12310562561766,"Layup Shot"
"182",TRUE,2,1,8,8.06225774829855,"Step Back Jump Shot"
"183",FALSE,0,0,7,7,"Layup Shot"
"184",TRUE,2,6,10,11.6619037896906,"Jump Shot"
"185",FALSE,0,0,15,15,"Jump Shot"
"186",FALSE,0,-7,2,7.28010988928052,"Jump Shot"
"187",TRUE,2,-5,2,5.3851648071345,"Running Layup Shot"
"188",FALSE,0,-11,5,12.0830459735946,"Turnaround Jump Shot"
"189",TRUE,2,-3,10,10.4403065089106,"Pullup Jump Shot"
"190",FALSE,0,-22,10,24.1660919471891,"Jump Shot"
"191",FALSE,0,-7,4,8.06225774829855,"Layup Shot"
"192",FALSE,0,-1,3,3.16227766016838,"Driving Layup Shot"
"193",FALSE,0,-2,2,2.82842712474619,"Layup Shot"
"194",FALSE,0,3,3,4.24264068711928,"Driving Layup Shot"
"195",FALSE,0,-2,16,16.1245154965971,"Jump Shot"
"196",FALSE,0,1,4,4.12310562561766,"Driving Layup Shot"
"197",TRUE,2,1,2,2.23606797749979,"Cutting Layup Shot"
"198",TRUE,2,2,4,4.47213595499958,"Layup Shot"
"199",FALSE,0,-1,9,9.05538513813742,"Turnaround Jump Shot"
"200",FALSE,0,0,4,4,"Driving Layup Shot"
"201",TRUE,2,-2,3,3.60555127546399,"Layup Shot"
"202",FALSE,0,0,13,13,"Pullup Jump Shot"
"203",TRUE,2,-9,3,9.48683298050514,"Turnaround Jump Shot"
"204",FALSE,0,3,6,6.70820393249937,"Layup Shot"
"205",FALSE,0,-2,2,2.82842712474619,"Running Layup Shot"
"206",FALSE,0,-3,2,3.60555127546399,"Layup Shot"
"207",FALSE,0,-2,5,5.3851648071345,"Layup Shot Putback"
"208",TRUE,2,2,7,7.28010988928052,"Jump Shot"
"209",FALSE,0,0,5,5,"Driving Layup Shot"
"210",FALSE,0,0,7,7,"Turnaround Jump Shot"
"211",FALSE,0,2,8,8.24621125123532,"Turnaround Jump Shot"
"212",FALSE,0,0,8,8,"Turnaround Jump Shot"
"213",TRUE,2,-14,1,14.0356688476182,"Jump Shot"
"214",FALSE,0,-1,11,11.0453610171873,"Step Back Jump Shot"
"215",FALSE,0,1,4,4.12310562561766,"Driving Layup Shot"
"216",TRUE,2,2,7,7.28010988928052,"Turnaround Fade Away Jump Shot"
"217",TRUE,2,-5,2,5.3851648071345,"Running Layup Shot"
"218",FALSE,0,-11,23,25.4950975679639,"Jump Shot"
"219",FALSE,0,0,12,12,"Turnaround Jump Shot"
"220",FALSE,0,4,2,4.47213595499958,"Driving Layup Shot"
"221",FALSE,0,-6,11,12.5299640861417,"Pullup Jump Shot"
"222",TRUE,2,3,9,9.48683298050514,"Turnaround Jump Shot"
"223",TRUE,2,-7,7,9.89949493661167,"Turnaround Jump Shot"
"224",TRUE,2,0,7,7,"Step Back Jump Shot"
"225",FALSE,0,-8,4,8.94427190999916,"Step Back Bank Jump Shot"
"226",TRUE,2,-3,1,3.16227766016838,"Driving Layup Shot"
"227",FALSE,0,6,8,10,"Jump Shot"
"228",FALSE,0,3,5,5.8309518948453,"Layup Shot"
"229",TRUE,2,-3,1,3.16227766016838,"Driving Layup Shot"
"230",TRUE,2,-3,2,3.60555127546399,"Driving Layup Shot"
"231",FALSE,0,3,6,6.70820393249937,"Turnaround Jump Shot"
"232",TRUE,2,3,6,6.70820393249937,"Turnaround Fade Away Jump Shot"
"233",FALSE,0,-3,5,5.8309518948453,"Driving Layup Shot"
"234",TRUE,2,-13,5,13.9283882771841,"Pullup Jump Shot"
"235",FALSE,0,4,2,4.47213595499958,"Driving Layup Shot"
"236",FALSE,0,-2,3,3.60555127546399,"Driving Layup Shot"
"237",TRUE,2,-4,2,4.47213595499958,"Driving Layup Shot"
"238",TRUE,2,-2,2,2.82842712474619,"Cutting Layup Shot"
"239",TRUE,2,3,3,4.24264068711928,"Cutting Layup Shot"
"240",FALSE,0,4,15,15.52417469626,"Jump Shot"
"241",TRUE,2,-4,2,4.47213595499958,"Layup Shot"
"242",FALSE,0,-4,2,4.47213595499958,"Driving Layup Shot"
"243",FALSE,0,-7,10,12.2065556157337,"Step Back Jump Shot"
"244",TRUE,2,9,12,15,"Jump Shot"
"245",FALSE,0,9,24,25.6320112359526,"Jump Shot"
"246",TRUE,2,2,1,2.23606797749979,"Driving Layup Shot"
"247",TRUE,2,9,5,10.295630140987,"Turnaround Jump Shot"
"248",FALSE,0,3,4,5,"Driving Layup Shot"
"249",TRUE,2,-3,0,3,"Cutting Layup Shot"
"250",TRUE,2,-2,1,2.23606797749979,"Cutting Layup Shot"
"251",TRUE,3,22,10,24.1660919471891,"Jump Shot"
"252",FALSE,0,-3,5,5.8309518948453,"Turnaround Jump Shot"
"253",FALSE,0,-3,3,4.24264068711928,"Driving Layup Shot"
"254",FALSE,0,-2,6,6.32455532033676,"Driving Floating Jump Shot"
"255",TRUE,2,-1,10,10.0498756211209,"Pullup Jump Shot"
"256",FALSE,0,-4,9,9.8488578017961,"Fade Away Jump Shot"
"257",FALSE,0,-13,10,16.4012194668567,"Jump Shot"
"258",TRUE,2,2,5,5.3851648071345,"Running Layup Shot"
"259",FALSE,0,15,1,15.0332963783729,"Pullup Jump Shot"
"260",TRUE,2,14,1,14.0356688476182,"Jump Shot"
"261",TRUE,2,12,0,12,"Turnaround Jump Shot"
"262",FALSE,0,4,24,24.3310501211929,"Jump Shot"
"263",FALSE,0,-2,2,2.82842712474619,"Running Layup Shot"
"264",FALSE,0,4,2,4.47213595499958,"Cutting Layup Shot"
"265",FALSE,0,-7,7,9.89949493661167,"Turnaround Fade Away Jump Shot"
"266",TRUE,2,3,7,7.61577310586391,"Turnaround Jump Shot"
"267",TRUE,2,-3,2,3.60555127546399,"Driving Layup Shot"
"268",FALSE,0,-6,18,18.9736659610103,"Jump Shot"
"269",FALSE,0,-14,1,14.0356688476182,"Jump Shot"
"270",FALSE,0,-11,0,11,"Jump Shot"
"271",TRUE,3,-23,-1,23.0217288664427,"Jump Shot"
"272",TRUE,2,3,5,5.8309518948453,"Hook Shot"
"273",FALSE,0,2,4,4.47213595499958,"Driving Layup Shot"
"274",FALSE,0,3,3,4.24264068711928,"Driving Layup Shot"
"275",TRUE,2,-4,4,5.65685424949238,"Turnaround Jump Shot"
"276",TRUE,2,-4,2,4.47213595499958,"Driving Layup Shot"
"277",TRUE,2,-4,9,9.8488578017961,"Jump Shot"
"278",FALSE,0,4,16,16.4924225024706,"Jump Shot"
"279",TRUE,2,-2,2,2.82842712474619,"Cutting Layup Shot"
"280",FALSE,0,-4,2,4.47213595499958,"Driving Layup Shot"
"281",FALSE,0,1,4,4.12310562561766,"Hook Shot"
"282",FALSE,0,-1,3,3.16227766016838,"Running Layup Shot"
"283",FALSE,0,0,6,6,"Turnaround Hook Shot"
"284",FALSE,0,-2,3,3.60555127546399,"Driving Layup Shot"
"285",FALSE,0,3,2,3.60555127546399,"Running Layup Shot"
"286",TRUE,2,-8,15,17,"Jump Shot"
"287",TRUE,2,0,5,5,"Turnaround Hook Shot"
"288",TRUE,3,4,25,25.3179778023443,"Jump Shot"
"289",TRUE,2,-2,6,6.32455532033676,"Floating Jump Shot"
"290",FALSE,0,2,4,4.47213595499958,"Layup Shot Putback"
"291",TRUE,3,14,20,24.4131112314674,"Jump Shot"
"292",FALSE,0,-8,7,10.6301458127346,"Turnaround Fade Away Jump Shot"
"293",TRUE,2,-2,1,2.23606797749979,"Running Layup Shot"
"294",TRUE,2,1,19,19.0262975904404,"Jump Shot"
"295",FALSE,0,-1,4,4.12310562561766,"Layup Shot"
"296",FALSE,0,-10,11,14.8660687473185,"Jump Shot"
"297",FALSE,0,2,2,2.82842712474619,"Turnaround Hook Shot"
"298",TRUE,3,-18,17,24.7588368062799,"Jump Shot"
"299",TRUE,3,2,24,24.0831891575846,"Jump Shot"
"300",TRUE,2,-6,2,6.32455532033676,"Driving Layup Shot"
"301",FALSE,0,-3,12,12.369316876853,"Turnaround Jump Shot"
"302",FALSE,0,13,1,13.0384048104053,"Jump Shot"
"303",FALSE,0,-3,9,9.48683298050514,"Turnaround Jump Shot"
"304",FALSE,0,-5,2,5.3851648071345,"Cutting Layup Shot"
"305",FALSE,0,-3,3,4.24264068711928,"Layup Shot"
"306",FALSE,0,5,4,6.40312423743285,"Driving Finger Roll Layup"
"307",FALSE,0,-10,16,18.8679622641132,"Jump Shot"
"308",TRUE,2,2,15,15.1327459504216,"Jump Shot"
"309",FALSE,0,-5,2,5.3851648071345,"Running Layup Shot"
"310",TRUE,2,-4,2,4.47213595499958,"Layup Shot Putback"
"311",TRUE,2,-7,15,16.5529453572468,"Pullup Jump Shot"
"312",FALSE,0,13,-1,13.0384048104053,"Jump Shot"
"313",TRUE,2,5,3,5.8309518948453,"Driving Layup Shot"
"314",TRUE,2,-15,-2,15.1327459504216,"Jump Shot"
"315",FALSE,0,-4,16,16.4924225024706,"Pullup Jump Shot"
"316",FALSE,0,3,4,5,"Layup Shot Putback"
"317",TRUE,2,-5,7,8.60232526704263,"Turnaround Fade Away Jump Shot"
"318",FALSE,0,-4,4,5.65685424949238,"Reverse Layup Shot"
"319",FALSE,0,14,4,14.560219778561,"Turnaround Jump Shot"
"320",TRUE,2,4,4,5.65685424949238,"Running Layup Shot"
"321",TRUE,3,-5,25,25.4950975679639,"Running Jump Shot"
"322",TRUE,2,14,1,14.0356688476182,"Running Pullup Jump Shot"
"323",TRUE,3,17,19,25.4950975679639,"Jump Shot"
"324",TRUE,2,-5,2,5.3851648071345,"Running Layup Shot"
"325",FALSE,0,3,7,7.61577310586391,"Jump Shot"
"326",TRUE,2,-5,2,5.3851648071345,"Running Layup Shot"
"327",FALSE,0,-4,5,6.40312423743285,"Fade Away Jump Shot"
"328",FALSE,0,-6,12,13.4164078649987,"Pullup Jump Shot"
"329",FALSE,0,-3,5,5.8309518948453,"Driving Layup Shot"
"330",TRUE,2,-2,5,5.3851648071345,"Turnaround Hook Shot"
"331",FALSE,0,-15,6,16.1554944214035,"Step Back Jump Shot"
"332",TRUE,2,-4,5,6.40312423743285,"Turnaround Jump Shot"
"333",TRUE,2,-2,6,6.32455532033676,"Jump Shot"
"334",TRUE,2,13,5,13.9283882771841,"Pullup Jump Shot"
"335",TRUE,2,-13,3,13.3416640641263,"Turnaround Jump Shot"
"336",FALSE,0,-4,2,4.47213595499958,"Cutting Layup Shot"
"337",TRUE,2,12,4,12.6491106406735,"Turnaround Fade Away Jump Shot"
"338",FALSE,0,-17,2,17.1172427686237,"Pullup Jump Shot"
"339",FALSE,0,10,9,13.4536240470737,"Turnaround Jump Shot"
"340",TRUE,2,-1,3,3.16227766016838,"Driving Layup Shot"
"341",TRUE,2,7,6,9.21954445729289,"Turnaround Jump Shot"
"342",FALSE,0,-6,3,6.70820393249937,"Turnaround Fade Away Jump Shot"
"343",TRUE,2,1,5,5.09901951359278,"Driving Layup Shot"
"344",FALSE,0,-4,2,4.47213595499958,"Driving Layup Shot"
"345",TRUE,2,-1,3,3.16227766016838,"Layup Shot Putback"
"346",TRUE,2,-3,2,3.60555127546399,"Running Layup Shot"
"347",TRUE,3,3,26,26.1725046566048,"Jump Shot"
"348",TRUE,2,10,5,11.1803398874989,"Turnaround Fade Away Jump Shot"
"349",FALSE,0,-3,11,11.4017542509914,"Turnaround Jump Shot"
"350",FALSE,0,4,2,4.47213595499958,"Driving Floating Jump Shot"
"351",TRUE,2,-9,2,9.21954445729289,"Pullup Jump Shot"
"352",TRUE,2,-1,1,1.4142135623731,"Running Layup Shot"
"353",FALSE,0,5,4,6.40312423743285,"Turnaround Jump Shot"
"354",TRUE,2,2,16,16.1245154965971,"Jump Shot"
"355",FALSE,0,1,25,25.0199920063936,"Jump Shot"
"356",FALSE,0,-3,2,3.60555127546399,"Layup Shot"
"357",FALSE,0,0,2,2,"Driving Layup Shot"
"358",TRUE,2,1,6,6.08276253029822,"Turnaround Jump Shot"
"359",TRUE,2,0,1,1,"Cutting Layup Shot"
"360",FALSE,0,4,12,12.6491106406735,"Turnaround Jump Shot"
"361",TRUE,2,11,1,11.0453610171873,"Pullup Jump Shot"
"362",TRUE,2,1,11,11.0453610171873,"Pullup Jump Shot"
"363",FALSE,0,0,11,11,"Turnaround Jump Shot"
"364",TRUE,3,-4,25,25.3179778023443,"Jump Shot"
"365",TRUE,3,-23,8,24.3515913237718,"Running Pullup Jump Shot"
"366",TRUE,2,3,9,9.48683298050514,"Jump Shot"
"367",FALSE,0,2,4,4.47213595499958,"Layup Shot"
"368",TRUE,2,-2,3,3.60555127546399,"Driving Layup Shot"
"369",TRUE,2,-4,12,12.6491106406735,"Turnaround Jump Shot"
"370",TRUE,2,-7,4,8.06225774829855,"Jump Shot"
"371",FALSE,0,1,2,2.23606797749979,"Layup Shot"
"372",FALSE,0,-1,2,2.23606797749979,"Running Layup Shot"
"373",FALSE,0,-1,1,1.4142135623731,"Layup Shot"
"374",FALSE,0,-7,13,14.7648230602334,"Pullup Jump Shot"
"375",FALSE,0,-1,19,19.0262975904404,"Jump Shot"
"376",FALSE,0,6,15,16.1554944214035,"Jump Shot"
"377",TRUE,2,13,11,17.0293863659264,"Turnaround Jump Shot"
"378",FALSE,0,-2,2,2.82842712474619,"Driving Layup Shot"
"379",FALSE,0,-18,16,24.0831891575846,"Jump Shot"
"380",TRUE,2,-1,2,2.23606797749979,"Layup Shot"
"381",FALSE,0,1,2,2.23606797749979,"Layup Shot Putback"
"382",FALSE,0,-1,2,2.23606797749979,"Driving Layup Shot"
"383",TRUE,3,-14,22,26.0768096208106,"Jump Shot"
"384",FALSE,0,7,0,7,"Turnaround Fade Away Jump Shot"
"385",FALSE,0,-1,2,2.23606797749979,"Driving Layup Shot"
"386",TRUE,2,-12,3,12.369316876853,"Jump Shot"
"387",FALSE,0,0,16,16,"Jump Shot"
"388",FALSE,0,12,1,12.0415945787923,"Jump Shot"
"389",FALSE,0,-2,4,4.47213595499958,"Driving Floating Jump Shot"
"390",TRUE,2,0,5,5,"Turnaround Jump Shot"
"391",TRUE,2,2,0,2,"Driving Layup Shot"
"392",FALSE,0,-1,14,14.0356688476182,"Pullup Jump Shot"
"393",TRUE,2,-8,17,18.7882942280559,"Jump Shot"
"394",FALSE,0,15,5,15.8113883008419,"Turnaround Jump Shot"
"395",FALSE,0,9,9,12.7279220613579,"Pullup Jump Shot"
"396",TRUE,2,-14,3,14.3178210632764,"Jump Shot"
"397",FALSE,0,-1,7,7.07106781186548,"Turnaround Jump Shot"
"398",TRUE,2,2,17,17.1172427686237,"Jump Shot"
"399",TRUE,2,0,20,20,"Pullup Jump Shot"
"400",TRUE,2,3,11,11.4017542509914,"Pullup Jump Shot"
"401",TRUE,3,15,21,25.8069758011279,"Jump Shot"
"402",TRUE,2,0,15,15,"Turnaround Fade Away Jump Shot"
"403",TRUE,2,-14,4,14.560219778561,"Pullup Jump Shot"
"404",FALSE,0,-3,4,5,"Driving Layup Shot"
"405",FALSE,0,10,11,14.8660687473185,"Hook Shot"
"406",TRUE,2,-1,2,2.23606797749979,"Layup Shot"
"407",FALSE,0,19,18,26.1725046566048,"Jump Shot"
"408",TRUE,2,-3,2,3.60555127546399,"Running Layup Shot"
"409",TRUE,2,1,1,1.4142135623731,"Driving Layup Shot"
"410",FALSE,0,-11,9,14.2126704035519,"Pullup Jump Shot"
"411",FALSE,0,6,1,6.08276253029822,"Turnaround Hook Shot"
"412",TRUE,2,-8,5,9.4339811320566,"Step Back Bank Jump Shot"
"413",TRUE,2,1,0,1,"Driving Layup Shot"
"414",FALSE,0,-3,1,3.16227766016838,"Layup Shot"
"415",TRUE,2,1,1,1.4142135623731,"Driving Layup Shot"
"416",FALSE,0,5,-1,5.09901951359278,"Driving Layup Shot"
"417",TRUE,2,-1,1,1.4142135623731,"Layup Shot"
"418",FALSE,0,6,10,11.6619037896906,"Pullup Jump Shot"
"419",TRUE,2,11,1,11.0453610171873,"Turnaround Jump Shot"
"420",FALSE,0,-6,6,8.48528137423857,"Turnaround Jump Shot"
"421",FALSE,0,5,5,7.07106781186548,"Layup Shot"
"422",FALSE,0,0,19,19,"Jump Shot"
"423",FALSE,0,4,2,4.47213595499958,"Running Layup Shot"
"424",TRUE,2,7,8,10.6301458127346,"Turnaround Jump Shot"
"425",TRUE,2,3,5,5.8309518948453,"Layup Shot"
"426",FALSE,0,-23,-1,23.0217288664427,"Jump Shot"
"427",TRUE,2,3,3,4.24264068711928,"Layup Shot"
"428",FALSE,0,1,7,7.07106781186548,"Pullup Jump Shot"
"429",FALSE,0,4,5,6.40312423743285,"Hook Shot"
"430",TRUE,2,-4,13,13.6014705087354,"Jump Shot"
"431",TRUE,2,-1,7,7.07106781186548,"Turnaround Jump Shot"
"432",FALSE,0,2,4,4.47213595499958,"Layup Shot Putback"
"433",FALSE,0,-8,14,16.1245154965971,"Jump Shot"
"434",TRUE,2,-4,2,4.47213595499958,"Cutting Layup Shot"
"435",FALSE,0,11,-1,11.0453610171873,"Turnaround Fade Away Jump Shot"
"436",FALSE,0,-3,6,6.70820393249937,"Driving Layup Shot"
"437",TRUE,2,-2,13,13.1529464379659,"Pullup Jump Shot"
"438",FALSE,0,-3,2,3.60555127546399,"Cutting Layup Shot"
"439",FALSE,0,0,4,4,"Driving Layup Shot"
"440",TRUE,3,-18,20,26.9072480941474,"Jump Shot"
"441",FALSE,0,-1,9,9.05538513813742,"Pullup Jump Shot"
"442",FALSE,0,-3,11,11.4017542509914,"Pullup Jump Shot"
"443",FALSE,0,0,5,5,"Driving Layup Shot"
"444",TRUE,2,-8,2,8.24621125123532,"Jump Shot"
"445",FALSE,0,-3,1,3.16227766016838,"Driving Layup Shot"
"446",FALSE,0,5,3,5.8309518948453,"Driving Layup Shot"
"447",TRUE,2,1,8,8.06225774829855,"Pullup Jump Shot"
"448",TRUE,2,0,3,3,"Layup Shot"
"449",TRUE,3,-6,27,27.6586333718787,"Jump Shot"
"450",TRUE,2,-3,1,3.16227766016838,"Layup Shot"
"451",FALSE,0,1,8,8.06225774829855,"Turnaround Jump Shot"
"452",FALSE,0,0,16,16,"Pullup Jump Shot"
"453",FALSE,0,16,20,25.6124969497314,"Jump Shot"
"454",TRUE,2,-4,20,20.3960780543711,"Jump Shot"
"455",TRUE,2,-3,3,4.24264068711928,"Cutting Layup Shot"
"456",FALSE,0,3,4,5,"Layup Shot"
"457",TRUE,2,1,13,13.0384048104053,"Jump Shot"
"458",FALSE,0,-1,7,7.07106781186548,"Driving Layup Shot"
"459",FALSE,0,0,11,11,"Turnaround Jump Shot"
"460",FALSE,0,-11,5,12.0830459735946,"Step Back Jump Shot"
"461",TRUE,2,-10,3,10.4403065089106,"Pullup Jump Shot"
"462",TRUE,2,-9,8,12.0415945787923,"Fade Away Jump Shot"
"463",FALSE,0,3,25,25.1793566240283,"Jump Shot"
"464",TRUE,2,3,12,12.369316876853,"Pullup Jump Shot"
"465",TRUE,2,1,12,12.0415945787923,"Turnaround Jump Shot"
"466",TRUE,2,1,7,7.07106781186548,"Jump Shot"
"467",TRUE,2,-5,2,5.3851648071345,"Driving Layup Shot"
"468",FALSE,0,4,1,4.12310562561766,"Driving Layup Shot"
"469",FALSE,0,7,17,18.3847763108502,"Pullup Jump Shot"
"470",FALSE,0,4,3,5,"Driving Finger Roll Layup"
"471",TRUE,2,6,2,6.32455532033676,"Layup Shot"
"472",TRUE,2,-3,1,3.16227766016838,"Layup Shot"
"473",FALSE,0,-12,-2,12.1655250605964,"Jump Shot"
"474",FALSE,0,-4,6,7.21110255092798,"Running Jump Shot"
"475",TRUE,3,21,12,24.1867732448956,"Jump Shot"
"476",FALSE,0,-3,1,3.16227766016838,"Driving Layup Shot"
"477",FALSE,0,-7,17,18.3847763108502,"Jump Shot"
"478",TRUE,2,-4,1,4.12310562561766,"Cutting Layup Shot"
"479",TRUE,2,-2,1,2.23606797749979,"Cutting Layup Shot"
"480",TRUE,2,2,6,6.32455532033676,"Turnaround Hook Shot"
"481",FALSE,0,2,9,9.21954445729289,"Jump Shot"
"482",TRUE,2,-5,2,5.3851648071345,"Running Layup Shot"
"483",FALSE,0,2,1,2.23606797749979,"Driving Layup Shot"
"484",FALSE,0,10,7,12.2065556157337,"Turnaround Jump Shot"
"485",FALSE,0,1,4,4.12310562561766,"Layup Shot"
"486",TRUE,2,-1,8,8.06225774829855,"Fade Away Jump Shot"
"487",TRUE,2,-4,11,11.7046999107196,"Turnaround Fade Away Jump Shot"
"488",FALSE,0,3,9,9.48683298050514,"Turnaround Jump Shot"
"489",TRUE,2,-1,2,2.23606797749979,"Layup Shot"
"490",TRUE,2,-3,9,9.48683298050514,"Driving Hook Shot"
"491",TRUE,2,1,9,9.05538513813742,"Turnaround Jump Shot"
"492",FALSE,0,-1,2,2.23606797749979,"Running Layup Shot"
"493",FALSE,0,-3,3,4.24264068711928,"Layup Shot"
"494",FALSE,0,-4,10,10.770329614269,"Fade Away Jump Shot"
"495",TRUE,2,2,4,4.47213595499958,"Layup Shot"
"496",TRUE,2,-1,3,3.16227766016838,"Cutting Layup Shot"
"497",FALSE,0,-2,2,2.82842712474619,"Running Layup Shot"
"498",FALSE,0,-6,16,17.0880074906351,"Pullup Jump Shot"
"499",TRUE,2,-3,2,3.60555127546399,"Driving Layup Shot"
"500",FALSE,0,-13,4,13.6014705087354,"Pullup Jump Shot"
"501",TRUE,2,-6,13,14.3178210632764,"Turnaround Jump Shot"
"502",FALSE,0,-7,8,10.6301458127346,"Turnaround Fade Away Jump Shot"
"503",FALSE,0,-5,15,15.8113883008419,"Jump Shot"
"504",TRUE,2,-4,2,4.47213595499958,"Driving Layup Shot"
"505",FALSE,0,-13,15,19.8494332412792,"Pullup Jump Shot"
"506",TRUE,2,3,3,4.24264068711928,"Layup Shot Putback"
"507",FALSE,0,0,7,7,"Turnaround Jump Shot"
"508",FALSE,0,10,23,25.0798724079689,"Jump Shot"
"509",FALSE,0,-4,3,5,"Driving Layup Shot"
"510",FALSE,0,-7,4,8.06225774829855,"Driving Floating Jump Shot"
"511",FALSE,0,-5,3,5.8309518948453,"Floating Jump Shot"
"512",FALSE,0,3,3,4.24264068711928,"Layup Shot"
"513",FALSE,0,-3,3,4.24264068711928,"Driving Layup Shot"
"514",FALSE,0,-10,1,10.0498756211209,"Fade Away Jump Shot"
"515",FALSE,0,3,2,3.60555127546399,"Layup Shot Putback"
"516",FALSE,0,-3,3,4.24264068711928,"Driving Layup Shot"
"517",FALSE,0,-2,3,3.60555127546399,"Cutting Layup Shot"
"518",TRUE,2,1,3,3.16227766016838,"Layup Shot Putback"
"519",TRUE,2,8,3,8.54400374531753,"Turnaround Fade Away Jump Shot"
"520",TRUE,2,3,2,3.60555127546399,"Cutting Layup Shot"
"521",FALSE,0,1,3,3.16227766016838,"Driving Layup Shot"
"522",FALSE,0,3,13,13.3416640641263,"Pullup Jump Shot"
"523",TRUE,2,-2,2,2.82842712474619,"Layup Shot"
"524",TRUE,2,5,13,13.9283882771841,"Turnaround Jump Shot"
"525",FALSE,0,-4,26,26.3058928759318,"Jump Shot"
"526",FALSE,0,0,4,4,"Tip Shot"
"527",TRUE,2,-12,12,16.9705627484771,"Jump Shot"
"528",FALSE,0,3,8,8.54400374531753,"Pullup Jump Shot"
"529",TRUE,2,-1,3,3.16227766016838,"Driving Layup Shot"
"530",FALSE,0,-5,9,10.295630140987,"Jump Shot"
"531",FALSE,0,8,3,8.54400374531753,"Driving Floating Jump Shot"
"532",TRUE,2,1,1,1.4142135623731,"Layup Shot Putback"
"533",FALSE,0,0,12,12,"Step Back Jump Shot"
"534",FALSE,0,-4,11,11.7046999107196,"Turnaround Jump Shot"
"535",FALSE,0,-5,14,14.8660687473185,"Pullup Jump Shot"
"536",TRUE,2,-14,9,16.6433169770932,"Pullup Jump Shot"
"537",TRUE,2,-1,2,2.23606797749979,"Driving Layup Shot"
"538",FALSE,0,-1,11,11.0453610171873,"Turnaround Jump Shot"
"539",TRUE,2,-2,5,5.3851648071345,"Layup Shot"
"540",TRUE,2,-1,8,8.06225774829855,"Driving Floating Jump Shot"
"541",TRUE,2,5,11,12.0830459735946,"Jump Shot"
"542",TRUE,2,5,9,10.295630140987,"Pullup Jump Shot"
"543",TRUE,2,-11,8,13.6014705087354,"Jump Shot"
"544",FALSE,0,1,18,18.0277563773199,"Jump Shot"
"545",FALSE,0,0,10,10,"Jump Shot"
"546",FALSE,0,3,4,5,"Driving Layup Shot"
"547",TRUE,2,3,4,5,"Layup Shot Putback"
"548",FALSE,0,-1,4,4.12310562561766,"Driving Layup Shot"
"549",FALSE,0,1,11,11.0453610171873,"Pullup Jump Shot"
"550",FALSE,0,3,2,3.60555127546399,"Layup Shot"
"551",FALSE,0,3,9,9.48683298050514,"Pullup Jump Shot"
"552",TRUE,2,4,3,5,"Layup Shot"
"553",TRUE,2,2,7,7.28010988928052,"Driving Floating Jump Shot"
"554",TRUE,3,8,24,25.298221281347,"Jump Shot"
"555",FALSE,0,-3,10,10.4403065089106,"Jump Shot"
"556",TRUE,2,-3,7,7.61577310586391,"Layup Shot"
"557",TRUE,2,2,2,2.82842712474619,"Driving Layup Shot"
"558",FALSE,0,1,4,4.12310562561766,"Layup Shot"
"559",FALSE,0,-3,13,13.3416640641263,"Pullup Jump Shot"
"560",FALSE,0,-3,7,7.61577310586391,"Fade Away Jump Shot"
"561",TRUE,2,-7,4,8.06225774829855,"Step Back Jump Shot"
"562",TRUE,2,-12,13,17.6918060129541,"Pullup Jump Shot"
"563",FALSE,0,-16,3,16.2788205960997,"Jump Shot"
"564",TRUE,2,-3,6,6.70820393249937,"Driving Finger Roll Layup"
"565",FALSE,0,-6,7,9.21954445729289,"Turnaround Jump Shot"
"566",FALSE,0,-2,3,3.60555127546399,"Layup Shot"
"567",TRUE,2,-2,4,4.47213595499958,"Running Layup Shot"
"568",TRUE,2,0,18,18,"Turnaround Jump Shot"
"569",FALSE,0,2,4,4.47213595499958,"Driving Layup Shot"
"570",FALSE,0,3,11,11.4017542509914,"Turnaround Jump Shot"
"571",TRUE,2,3,3,4.24264068711928,"Running Finger Roll Layup"
"572",FALSE,0,-3,5,5.8309518948453,"Driving Layup Shot"
"573",TRUE,2,-3,1,3.16227766016838,"Layup Shot"
"574",TRUE,2,-12,12,16.9705627484771,"Jump Shot"
"575",TRUE,2,-3,11,11.4017542509914,"Driving Floating Jump Shot"
"576",TRUE,2,-1,7,7.07106781186548,"Turnaround Bank Jump Shot"
"577",FALSE,0,2,9,9.21954445729289,"Jump Shot"
"578",TRUE,2,-6,18,18.9736659610103,"Step Back Jump Shot"
"579",TRUE,3,24,-1,24.0208242989286,"Jump Shot"
"580",FALSE,0,-23,4,23.3452350598575,"Jump Shot"
"581",TRUE,2,-4,1,4.12310562561766,"Layup Shot"
"582",TRUE,2,-4,2,4.47213595499958,"Cutting Layup Shot"
"583",FALSE,0,5,18,18.6815416922694,"Jump Shot"
"584",FALSE,0,3,1,3.16227766016838,"Driving Layup Shot"
"585",FALSE,0,-12,1,12.0415945787923,"Pullup Jump Shot"
"586",FALSE,0,-23,9,24.6981780704569,"Jump Shot"
"587",FALSE,0,-5,1,5.09901951359278,"Cutting Layup Shot"
"588",TRUE,2,-3,2,3.60555127546399,"Layup Shot Putback"
"589",FALSE,0,24,4,24.3310501211929,"Jump Shot"
"590",FALSE,0,9,11,14.2126704035519,"Jump Shot"
"591",FALSE,0,-4,7,8.06225774829855,"Pullup Jump Shot"
"592",FALSE,0,-1,0,1,"Running Layup Shot"
"593",FALSE,0,1,6,6.08276253029822,"Turnaround Fade Away Jump Shot"
"594",TRUE,2,-5,3,5.8309518948453,"Turnaround Jump Shot"
"595",FALSE,0,7,10,12.2065556157337,"Jump Shot"
"596",TRUE,2,-3,2,3.60555127546399,"Layup Shot"
"597",FALSE,0,-1,13,13.0384048104053,"Pullup Jump Shot"
"598",FALSE,0,-5,1,5.09901951359278,"Jump Shot Bank"
"599",FALSE,0,3,3,4.24264068711928,"Driving Layup Shot"
"600",FALSE,0,6,4,7.21110255092798,"Driving Layup Shot"
"601",TRUE,2,5,7,8.60232526704263,"Pullup Jump Shot"
"602",FALSE,0,8,6,10,"Pullup Jump Shot"
"603",TRUE,3,11,23,25.4950975679639,"Jump Shot"
"604",FALSE,0,12,1,12.0415945787923,"Turnaround Fade Away Jump Shot"
"605",FALSE,0,0,6,6,"Turnaround Jump Shot"
"606",TRUE,2,-5,1,5.09901951359278,"Driving Layup Shot"
"607",TRUE,2,-5,1,5.09901951359278,"Driving Layup Shot"
"608",TRUE,2,-1,3,3.16227766016838,"Cutting Layup Shot"
"609",TRUE,2,8,17,18.7882942280559,"Jump Shot"
"610",TRUE,2,-2,4,4.47213595499958,"Driving Finger Roll Layup"
"611",TRUE,2,-1,7,7.07106781186548,"Turnaround Jump Shot"
"612",TRUE,2,10,11,14.8660687473185,"Turnaround Jump Shot"
"613",TRUE,2,-1,1,1.4142135623731,"Running Layup Shot"
"614",TRUE,3,-23,8,24.3515913237718,"Jump Shot"
"615",TRUE,2,0,0,0,"Layup Shot Putback"
"616",TRUE,2,6,5,7.81024967590665,"Turnaround Jump Shot"
"617",TRUE,2,-5,11,12.0830459735946,"Pullup Jump Shot"
"618",FALSE,0,-2,4,4.47213595499958,"Driving Layup Shot"
"619",FALSE,0,11,11,15.556349186104,"Jump Shot"
"620",TRUE,2,-2,4,4.47213595499958,"Running Layup Shot"
"621",FALSE,0,-5,16,16.7630546142402,"Jump Shot"
"622",FALSE,0,-3,7,7.61577310586391,"Driving Layup Shot"
"623",TRUE,2,-10,15,18.0277563773199,"Pullup Jump Shot"
"624",FALSE,0,-4,9,9.8488578017961,"Turnaround Jump Shot"
"625",TRUE,2,-3,7,7.61577310586391,"Turnaround Jump Shot"
"626",FALSE,0,-4,4,5.65685424949238,"Layup Shot"
"627",FALSE,0,-3,3,4.24264068711928,"Cutting Layup Shot"
"628",FALSE,0,2,5,5.3851648071345,"Layup Shot"
"629",FALSE,0,-3,4,5,"Layup Shot"
"630",TRUE,2,1,0,1,"Cutting Layup Shot"
"631",TRUE,2,-8,10,12.8062484748657,"Jump Shot"
"632",FALSE,0,-1,11,11.0453610171873,"Jump Shot"
"633",TRUE,2,-1,1,1.4142135623731,"Driving Layup Shot"
"634",TRUE,2,-1,11,11.0453610171873,"Pullup Jump Shot"
"635",TRUE,2,1,2,2.23606797749979,"Driving Layup Shot"
"636",FALSE,0,-9,3,9.48683298050514,"Turnaround Jump Shot"
"637",FALSE,0,-1,3,3.16227766016838,"Layup Shot"
"638",TRUE,3,8,23,24.3515913237718,"Jump Shot"
"639",FALSE,0,3,2,3.60555127546399,"Driving Layup Shot"
"640",TRUE,2,-2,2,2.82842712474619,"Layup Shot"
"641",FALSE,0,-5,5,7.07106781186548,"Driving Layup Shot"
"642",FALSE,0,5,5,7.07106781186548,"Driving Layup Shot"
"643",FALSE,0,-5,11,12.0830459735946,"Turnaround Fade Away Jump Shot"
"644",FALSE,0,-5,13,13.9283882771841,"Jump Shot"
"645",FALSE,0,1,1,1.4142135623731,"Layup Shot Putback"
"646",FALSE,0,3,1,3.16227766016838,"Running Layup Shot"
"647",TRUE,2,-1,4,4.12310562561766,"Running Layup Shot"
"648",FALSE,0,-6,3,6.70820393249937,"Jump Shot"
"649",FALSE,0,5,4,6.40312423743285,"Turnaround Jump Shot"
"650",FALSE,0,-6,2,6.32455532033676,"Driving Layup Shot"
"651",FALSE,0,-2,2,2.82842712474619,"Driving Layup Shot"
"652",TRUE,2,3,2,3.60555127546399,"Layup Shot Putback"
"653",FALSE,0,0,4,4,"Layup Shot"
"654",FALSE,0,4,5,6.40312423743285,"Turnaround Jump Shot"
"655",FALSE,0,3,11,11.4017542509914,"Jump Shot"
"656",TRUE,2,8,6,10,"Turnaround Jump Shot"
"657",TRUE,2,2,0,2,"Driving Layup Shot"
"658",TRUE,2,13,3,13.3416640641263,"Turnaround Fade Away Jump Shot"
"659",FALSE,0,4,2,4.47213595499958,"Pullup Jump Shot"
"660",FALSE,0,-7,3,7.61577310586391,"Turnaround Jump Shot"
"661",TRUE,2,-11,13,17.0293863659264,"Pullup Jump Shot"
"662",FALSE,0,0,17,17,"Jump Shot"
"663",TRUE,2,0,14,14,"Pullup Jump Shot"
"664",FALSE,0,1,6,6.08276253029822,"Turnaround Jump Shot"
"665",TRUE,2,-3,2,3.60555127546399,"Driving Layup Shot"
"666",FALSE,0,23,6,23.7697286480094,"Jump Shot"
"667",TRUE,2,2,7,7.28010988928052,"Turnaround Hook Shot"
"668",TRUE,2,2,3,3.60555127546399,"Cutting Layup Shot"
"669",FALSE,0,-3,3,4.24264068711928,"Layup Shot"
"670",FALSE,0,-1,2,2.23606797749979,"Cutting Layup Shot"
"671",FALSE,0,-3,3,4.24264068711928,"Running Layup Shot"
"672",TRUE,2,-9,11,14.2126704035519,"Step Back Jump Shot"
"673",TRUE,2,3,9,9.48683298050514,"Pullup Jump Shot"
"674",FALSE,0,-13,4,13.6014705087354,"Pullup Jump Shot"
"675",FALSE,0,-14,2,14.142135623731,"Pullup Jump Shot"
"676",FALSE,0,0,13,13,"Jump Shot"
"677",FALSE,0,-11,13,17.0293863659264,"Turnaround Jump Shot"
"678",FALSE,0,1,3,3.16227766016838,"Layup Shot Putback"
"679",TRUE,2,-3,19,19.2353840616713,"Jump Shot"
"680",TRUE,2,-2,18,18.1107702762748,"Pullup Jump Shot"
"681",TRUE,2,3,2,3.60555127546399,"Driving Layup Shot"
"682",FALSE,0,-2,2,2.82842712474619,"Layup Shot"
"683",FALSE,0,10,24,26,"Running Jump Shot"
"684",FALSE,0,6,4,7.21110255092798,"Pullup Jump Shot"
"685",FALSE,0,-10,14,17.2046505340853,"Jump Shot"
"686",FALSE,0,2,22,22.0907220343745,"Pullup Jump Shot"
"687",TRUE,2,-8,9,12.0415945787923,"Jump Shot"
"688",FALSE,0,3,2,3.60555127546399,"Cutting Layup Shot"
"689",TRUE,2,-5,2,5.3851648071345,"Layup Shot"
"690",FALSE,0,-5,13,13.9283882771841,"Turnaround Jump Shot"
"691",FALSE,0,2,5,5.3851648071345,"Turnaround Jump Shot"
"692",TRUE,2,-12,4,12.6491106406735,"Jump Shot"
"693",TRUE,2,0,7,7,"Pullup Jump Shot"
"694",FALSE,0,4,3,5,"Cutting Layup Shot"
"695",FALSE,0,5,6,7.81024967590665,"Driving Layup Shot"
"696",TRUE,2,3,14,14.3178210632764,"Pullup Jump Shot"
"697",FALSE,0,22,12,25.0599281722833,"Jump Shot"
"698",TRUE,2,-8,6,10,"Pullup Jump Shot"
"699",TRUE,2,-3,19,19.2353840616713,"Jump Shot"
"700",FALSE,0,12,27,29.5465734053883,"Pullup Jump Shot"
"701",TRUE,2,-2,2,2.82842712474619,"Driving Finger Roll Layup"
"702",TRUE,2,0,0,0,"Cutting Layup Shot"
"703",FALSE,0,-6,34,34.5253530032641,"Jump Shot"
"704",TRUE,2,0,11,11,"Jump Shot"
"705",FALSE,0,6,6,8.48528137423857,"Fade Away Jump Shot"
"706",TRUE,2,3,11,11.4017542509914,"Pullup Jump Shot"
"707",TRUE,2,9,11,14.2126704035519,"Jump Shot"
"708",FALSE,0,-4,14,14.560219778561,"Pullup Jump Shot"
"709",TRUE,2,0,2,2,"Layup Shot Putback"
"710",TRUE,2,-2,11,11.1803398874989,"Pullup Jump Shot"
"711",TRUE,2,6,11,12.5299640861417,"Turnaround Fade Away Jump Shot"
"712",FALSE,0,16,18,24.0831891575846,"Jump Shot"
"713",FALSE,0,2,11,11.1803398874989,"Turnaround Jump Shot"
"714",TRUE,2,-2,2,2.82842712474619,"Driving Layup Shot"
"715",TRUE,2,-2,1,2.23606797749979,"Layup Shot Putback"
"716",TRUE,2,-3,3,4.24264068711928,"Cutting Layup Shot"
"717",FALSE,0,0,7,7,"Driving Layup Shot"
"718",FALSE,0,0,14,14,"Jump Shot"
"719",TRUE,2,0,6,6,"Driving Layup Shot"
"720",TRUE,2,-5,7,8.60232526704263,"Cutting Layup Shot"
"721",FALSE,0,-10,7,12.2065556157337,"Driving Layup Shot"
"722",FALSE,0,-8,13,15.2643375224737,"Step Back Jump Shot"
"723",TRUE,2,-2,5,5.3851648071345,"Driving Layup Shot"
"724",TRUE,2,10,8,12.8062484748657,"Pullup Jump Shot"
"725",FALSE,0,-2,3,3.60555127546399,"Running Layup Shot"
"726",FALSE,0,-22,8,23.4093998214393,"Jump Shot"
"727",FALSE,0,0,4,4,"Running Layup Shot"
"728",TRUE,2,-6,10,11.6619037896906,"Turnaround Fade Away Jump Shot"
"729",FALSE,0,6,0,6,"Layup Shot"
"730",TRUE,2,-3,5,5.8309518948453,"Driving Layup Shot"
"731",TRUE,2,-1,13,13.0384048104053,"Running Pullup Jump Shot"
"732",TRUE,2,-4,3,5,"Layup Shot"
"733",TRUE,2,4,2,4.47213595499958,"Driving Layup Shot"
"734",FALSE,0,12,4,12.6491106406735,"Pullup Jump Shot"
"735",FALSE,0,5,14,14.8660687473185,"Jump Shot"
"736",TRUE,2,-4,3,5,"Running Layup Shot"
"737",TRUE,2,0,14,14,"Jump Shot"
"738",FALSE,0,-4,-1,4.12310562561766,"Layup Driving Reverse"
"739",TRUE,2,8,2,8.24621125123532,"Turnaround Fade Away Jump Shot"
"740",TRUE,2,-6,7,9.21954445729289,"Turnaround Fade Away Jump Shot"
"741",TRUE,3,12,22,25.0599281722833,"Jump Shot"
"742",TRUE,2,-5,1,5.09901951359278,"Cutting Layup Shot"
"743",TRUE,2,-4,1,4.12310562561766,"Layup Shot Putback"
"744",FALSE,0,2,1,2.23606797749979,"Layup Shot Putback"
"745",FALSE,0,-4,2,4.47213595499958,"Running Layup Shot"
"746",TRUE,2,0,5,5,"Layup Shot"
"747",TRUE,2,0,4,4,"Turnaround Jump Shot"
"748",FALSE,0,-2,3,3.60555127546399,"Cutting Layup Shot"
"749",FALSE,0,-17,19,25.4950975679639,"Step Back Jump Shot"
"750",FALSE,0,12,2,12.1655250605964,"Turnaround Jump Shot"
"751",FALSE,0,-2,10,10.1980390271856,"Driving Floating Jump Shot"
"752",TRUE,2,-1,1,1.4142135623731,"Cutting Layup Shot"
"753",TRUE,2,-2,16,16.1245154965971,"Jump Shot"
"754",TRUE,2,-1,5,5.09901951359278,"Turnaround Jump Shot"
"755",FALSE,0,2,1,2.23606797749979,"Running Layup Shot"
"756",TRUE,2,-9,4,9.8488578017961,"Jump Shot"
"757",FALSE,0,7,2,7.28010988928052,"Fade Away Jump Shot"
"758",TRUE,2,-1,1,1.4142135623731,"Cutting Layup Shot"
"759",FALSE,0,-1,1,1.4142135623731,"Layup Shot"
"760",FALSE,0,2,15,15.1327459504216,"Turnaround Jump Shot"
"761",FALSE,0,1,6,6.08276253029822,"Driving Layup Shot"
"762",TRUE,2,-1,0,1,"Cutting Layup Shot"
"763",FALSE,0,1,4,4.12310562561766,"Step Back Jump Shot"
"764",TRUE,3,-4,25,25.3179778023443,"Jump Shot"
"765",TRUE,2,-1,4,4.12310562561766,"Turnaround Jump Shot"
"766",FALSE,0,1,6,6.08276253029822,"Hook Shot"
"767",FALSE,0,1,14,14.0356688476182,"Step Back Jump Shot"
"768",TRUE,2,9,2,9.21954445729289,"Fade Away Jump Shot"
"769",TRUE,2,-1,1,1.4142135623731,"Driving Finger Roll Layup"
"770",FALSE,0,-1,8,8.06225774829855,"Turnaround Jump Shot"
"771",TRUE,2,2,2,2.82842712474619,"Running Layup Shot"
"772",TRUE,2,-3,6,6.70820393249937,"Turnaround Jump Shot"
"773",FALSE,0,-4,5,6.40312423743285,"Running Layup Shot"
"774",FALSE,0,-15,3,15.2970585407784,"Jump Shot"
"775",TRUE,2,1,5,5.09901951359278,"Cutting Layup Shot"
"776",FALSE,0,0,12,12,"Turnaround Fade Away Jump Shot"
"777",TRUE,2,3,4,5,"Layup Shot"
"778",FALSE,0,-6,13,14.3178210632764,"Pullup Jump Shot"
"779",TRUE,2,-1,1,1.4142135623731,"Driving Layup Shot"
"780",TRUE,2,-1,7,7.07106781186548,"Turnaround Fade Away Jump Shot"
"781",FALSE,0,-10,6,11.6619037896906,"Step Back Jump Shot"
"782",FALSE,0,11,7,13.0384048104053,"Turnaround Jump Shot"
"783",TRUE,2,0,0,0,"Layup Shot"
"784",FALSE,0,1,2,2.23606797749979,"Running Layup Shot"
"785",FALSE,0,-1,11,11.0453610171873,"Turnaround Fade Away Jump Shot"
"786",FALSE,0,4,9,9.8488578017961,"Turnaround Fade Away Jump Shot"
"787",TRUE,2,-10,6,11.6619037896906,"Turnaround Fade Away Jump Shot"
"788",FALSE,0,6,4,7.21110255092798,"Driving Finger Roll Layup"
"789",FALSE,0,1,3,3.16227766016838,"Driving Layup Shot"
"790",FALSE,0,2,6,6.32455532033676,"Layup Shot Putback"
"791",TRUE,2,2,16,16.1245154965971,"Jump Shot"
"792",TRUE,2,-8,9,12.0415945787923,"Turnaround Jump Shot"
"793",FALSE,0,-15,6,16.1554944214035,"Pullup Jump Shot"
"794",FALSE,0,-9,10,13.4536240470737,"Jump Shot"
"795",TRUE,2,-3,9,9.48683298050514,"Turnaround Jump Shot"
"796",TRUE,2,-3,7,7.61577310586391,"Finger Roll Layup"
"797",FALSE,0,-11,3,11.4017542509914,"Turnaround Fade Away Jump Shot"
"798",FALSE,0,-2,6,6.32455532033676,"Driving Layup Shot"
"799",TRUE,2,1,3,3.16227766016838,"Layup Shot Putback"
"800",TRUE,2,-2,2,2.82842712474619,"Cutting Layup Shot"
"801",FALSE,0,-1,25,25.0199920063936,"Jump Shot"
"802",FALSE,0,7,16,17.464249196573,"Jump Shot"
"803",FALSE,0,3,11,11.4017542509914,"Fade Away Jump Shot"
"804",TRUE,2,-2,4,4.47213595499958,"Driving Layup Shot"
"805",FALSE,0,-19,16,24.8394846967484,"Jump Shot"
"806",FALSE,0,-6,0,6,"Fade Away Jump Shot"
"807",TRUE,2,1,10,10.0498756211209,"Jump Shot"
"808",TRUE,2,-1,16,16.0312195418814,"Jump Shot"
"809",FALSE,0,-5,18,18.6815416922694,"Jump Shot"
"810",FALSE,0,4,8,8.94427190999916,"Step Back Jump Shot"
"811",TRUE,2,-5,2,5.3851648071345,"Driving Layup Shot"
"812",TRUE,2,-2,1,2.23606797749979,"Cutting Layup Shot"
"813",TRUE,2,1,17,17.0293863659264,"Jump Shot"
"814",FALSE,0,-2,12,12.1655250605964,"Turnaround Jump Shot"
"815",FALSE,0,2,4,4.47213595499958,"Driving Layup Shot"
"816",FALSE,0,24,3,24.1867732448956,"Jump Shot"
"817",FALSE,0,9,4,9.8488578017961,"Fade Away Jump Shot"
"818",TRUE,2,-2,19,19.1049731745428,"Jump Shot"
"819",FALSE,0,3,9,9.48683298050514,"Driving Floating Jump Shot"
"820",FALSE,0,-6,4,7.21110255092798,"Driving Layup Shot"
"821",TRUE,2,3,2,3.60555127546399,"Alley Oop Layup Shot"
"822",FALSE,0,8,5,9.4339811320566,"Turnaround Jump Shot"
"823",FALSE,0,-2,6,6.32455532033676,"Driving Layup Shot"
"824",TRUE,2,-3,12,12.369316876853,"Pullup Jump Shot"
"825",FALSE,0,1,6,6.08276253029822,"Turnaround Jump Shot"
"826",FALSE,0,-1,6,6.08276253029822,"Turnaround Jump Shot"
"827",FALSE,0,7,8,10.6301458127346,"Turnaround Jump Shot"
"828",TRUE,2,-4,2,4.47213595499958,"Cutting Layup Shot"
"829",FALSE,0,-14,4,14.560219778561,"Jump Shot"
"830",TRUE,2,-3,1,3.16227766016838,"Layup Shot Putback"
"831",TRUE,2,12,10,15.6204993518133,"Jump Shot"
"832",FALSE,0,2,12,12.1655250605964,"Step Back Jump Shot"
"833",FALSE,0,-7,0,7,"Layup Shot Putback"
"834",FALSE,0,-2,7,7.28010988928052,"Turnaround Fade Away Jump Shot"
"835",FALSE,0,0,14,14,"Jump Shot"
"836",TRUE,2,-2,1,2.23606797749979,"Driving Layup Shot"
"837",FALSE,0,-3,13,13.3416640641263,"Jump Shot"
"838",FALSE,0,-14,6,15.2315462117278,"Pullup Jump Shot"
"839",FALSE,0,-6,9,10.816653826392,"Fade Away Jump Shot"
"840",TRUE,2,-3,3,4.24264068711928,"Driving Layup Shot"
"841",TRUE,2,-4,1,4.12310562561766,"Running Jump Shot"
"842",TRUE,2,2,6,6.32455532033676,"Layup Shot"
"843",TRUE,2,-2,6,6.32455532033676,"Turnaround Jump Shot"
"844",FALSE,0,-2,2,2.82842712474619,"Layup Shot"
"845",FALSE,0,5,3,5.8309518948453,"Cutting Layup Shot"
"846",FALSE,0,4,4,5.65685424949238,"Hook Shot"
"847",FALSE,0,-3,4,5,"Driving Layup Shot"
"848",FALSE,0,-14,1,14.0356688476182,"Jump Shot"
"849",TRUE,2,-4,2,4.47213595499958,"Driving Layup Shot"
"850",FALSE,0,-4,-1,4.12310562561766,"Layup Shot"
"851",FALSE,0,6,3,6.70820393249937,"Cutting Layup Shot"
"852",FALSE,0,-8,15,17,"Step Back Jump Shot"
"853",FALSE,0,-5,2,5.3851648071345,"Layup Shot"
"854",FALSE,0,-5,8,9.4339811320566,"Fade Away Jump Shot"
"855",FALSE,0,4,2,4.47213595499958,"Driving Layup Shot"
"856",TRUE,2,-3,12,12.369316876853,"Jump Shot"
"857",FALSE,0,-20,13,23.8537208837531,"Jump Shot"
"858",FALSE,0,-4,8,8.94427190999916,"Turnaround Fade Away Jump Shot"
"859",FALSE,0,5,5,7.07106781186548,"Pullup Jump Shot"
"860",TRUE,2,-5,4,6.40312423743285,"Pullup Jump Shot"
"861",FALSE,0,5,5,7.07106781186548,"Fade Away Jump Shot"
"862",TRUE,2,4,1,4.12310562561766,"Cutting Layup Shot"
"863",FALSE,0,6,18,18.9736659610103,"Jump Shot"
"864",TRUE,2,12,1,12.0415945787923,"Fade Away Jump Shot"
"865",TRUE,2,-4,0,4,"Cutting Layup Shot"
"866",TRUE,2,-7,12,13.8924439894498,"Jump Shot"
"867",TRUE,2,-2,2,2.82842712474619,"Driving Finger Roll Layup"
"868",FALSE,0,3,5,5.8309518948453,"Driving Layup Shot"
"869",TRUE,2,-7,8,10.6301458127346,"Step Back Jump Shot"
"870",FALSE,0,-1,13,13.0384048104053,"Pullup Jump Shot"
"871",FALSE,0,1,5,5.09901951359278,"Driving Layup Shot"
"872",TRUE,2,-4,15,15.52417469626,"Step Back Jump Shot"
"873",FALSE,0,17,1,17.0293863659264,"Jump Shot"
"874",FALSE,0,-4,12,12.6491106406735,"Turnaround Fade Away Jump Shot"
"875",TRUE,2,-1,4,4.12310562561766,"Running Layup Shot"
"876",TRUE,2,3,0,3,"Layup Shot Putback"
"877",FALSE,0,-8,18,19.6977156035922,"Pullup Jump Shot"
"878",TRUE,2,2,6,6.32455532033676,"Pullup Jump Shot"
"879",FALSE,0,-4,1,4.12310562561766,"Driving Layup Shot"
"880",FALSE,0,4,2,4.47213595499958,"Running Layup Shot"
"881",FALSE,0,0,7,7,"Turnaround Jump Shot"
"882",TRUE,2,3,4,5,"Driving Layup Shot"
"883",FALSE,0,-5,5,7.07106781186548,"Driving Layup Shot"
"884",FALSE,0,6,13,14.3178210632764,"Jump Shot"
"885",FALSE,0,-5,2,5.3851648071345,"Running Layup Shot"
"886",FALSE,0,-5,14,14.8660687473185,"Pullup Jump Shot"
"887",FALSE,0,10,2,10.1980390271856,"Turnaround Jump Shot"
"888",FALSE,0,-5,3,5.8309518948453,"Driving Layup Shot"
"889",FALSE,0,5,5,7.07106781186548,"Layup Shot"
"890",FALSE,0,-4,2,4.47213595499958,"Driving Layup Shot"
"891",FALSE,0,11,24,26.4007575648882,"Jump Shot"
"892",TRUE,2,4,1,4.12310562561766,"Running Layup Shot"
"893",TRUE,2,4,12,12.6491106406735,"Jump Shot"
"894",FALSE,0,-2,6,6.32455532033676,"Turnaround Fade Away Jump Shot"
"895",FALSE,0,-3,5,5.8309518948453,"Cutting Layup Shot"
"896",FALSE,0,-3,3,4.24264068711928,"Driving Layup Shot"
"897",FALSE,0,7,3,7.61577310586391,"Cutting Layup Shot"
"898",FALSE,0,7,10,12.2065556157337,"Step Back Jump Shot"
"899",TRUE,2,0,11,11,"Turnaround Fade Away Jump Shot"
"900",TRUE,2,-2,4,4.47213595499958,"Driving Layup Shot"
"901",FALSE,0,-7,16,17.464249196573,"Jump Shot"
"902",FALSE,0,4,5,6.40312423743285,"Running Layup Shot"
"903",FALSE,0,3,6,6.70820393249937,"Cutting Layup Shot"
"904",FALSE,0,-12,13,17.6918060129541,"Jump Shot"
"905",TRUE,2,3,6,6.70820393249937,"Driving Layup Shot"
"906",FALSE,0,2,5,5.3851648071345,"Driving Layup Shot"
"907",FALSE,0,4,4,5.65685424949238,"Driving Layup Shot"
"908",FALSE,0,18,19,26.1725046566048,"Jump Shot"
"909",FALSE,0,3,6,6.70820393249937,"Driving Layup Shot"
"910",TRUE,2,-2,7,7.28010988928052,"Turnaround Jump Shot"
"911",TRUE,2,-5,10,11.1803398874989,"Step Back Jump Shot"
"912",FALSE,0,-4,4,5.65685424949238,"Turnaround Jump Shot"
"913",TRUE,2,8,1,8.06225774829855,"Running Jump Shot"
"914",TRUE,2,-14,6,15.2315462117278,"Jump Shot"
"915",FALSE,0,1,9,9.05538513813742,"Fade Away Jump Shot"
"916",FALSE,0,2,5,5.3851648071345,"Cutting Layup Shot"
"917",TRUE,2,2,4,4.47213595499958,"Running Layup Shot"
"918",FALSE,0,1,5,5.09901951359278,"Driving Floating Jump Shot"
"919",FALSE,0,0,12,12,"Fade Away Jump Shot"
"920",FALSE,0,-4,7,8.06225774829855,"Driving Layup Shot"
"921",FALSE,0,7,1,7.07106781186548,"Cutting Layup Shot"
"922",FALSE,0,0,13,13,"Pullup Jump Shot"
"923",TRUE,2,-11,7,13.0384048104053,"Turnaround Jump Shot"
"924",TRUE,2,-5,2,5.3851648071345,"Cutting Layup Shot"
"925",FALSE,0,3,26,26.1725046566048,"Jump Shot"
"926",FALSE,0,0,7,7,"Turnaround Jump Shot"
"927",FALSE,0,12,1,12.0415945787923,"Turnaround Jump Shot"
"928",FALSE,0,0,6,6,"Driving Layup Shot"
"929",FALSE,0,-3,4,5,"Running Layup Shot"
"930",TRUE,2,-2,1,2.23606797749979,"Layup Shot Putback"
"931",FALSE,0,-10,6,11.6619037896906,"Pullup Jump Shot"
"932",TRUE,2,4,6,7.21110255092798,"Driving Layup Shot"
"933",TRUE,3,23,-1,23.0217288664427,"Jump Shot"
"934",FALSE,0,4,5,6.40312423743285,"Driving Layup Shot"
"935",FALSE,0,-4,5,6.40312423743285,"Cutting Layup Shot"
"936",FALSE,0,6,9,10.816653826392,"Pullup Jump Shot"
"937",TRUE,2,-8,11,13.6014705087354,"Step Back Jump Shot"
"938",FALSE,0,-2,5,5.3851648071345,"Driving Layup Shot"
"939",FALSE,0,-4,7,8.06225774829855,"Turnaround Jump Shot"
"940",TRUE,2,-4,3,5,"Layup Shot Putback"
"941",TRUE,2,3,3,4.24264068711928,"Running Layup Shot"
"942",TRUE,2,-14,5,14.8660687473185,"Jump Shot"
"943",FALSE,0,-4,2,4.47213595499958,"Driving Layup Shot"
"944",TRUE,2,-8,14,16.1245154965971,"Jump Shot"
"945",TRUE,2,-5,2,5.3851648071345,"Driving Layup Shot"
"946",FALSE,0,5,2,5.3851648071345,"Layup Shot"
"947",FALSE,0,4,2,4.47213595499958,"Driving Layup Shot"
"948",FALSE,0,-2,3,3.60555127546399,"Layup Shot"
"949",TRUE,3,13,24,27.2946881279124,"Jump Shot"
"950",FALSE,0,-5,3,5.8309518948453,"Running Layup Shot"
"951",FALSE,0,-6,0,6,"Jump Shot"
"952",TRUE,2,-5,3,5.8309518948453,"Floating Jump Shot"
"953",TRUE,2,12,9,15,"Pullup Jump Shot"
"954",FALSE,0,21,12,24.1867732448956,"Jump Shot"
"955",TRUE,2,4,2,4.47213595499958,"Running Layup Shot"
"956",FALSE,0,-12,20,23.3238075793812,"Jump Shot"
"957",TRUE,2,-3,1,3.16227766016838,"Layup Shot"
"958",TRUE,2,-2,1,2.23606797749979,"Driving Layup Shot"
"959",TRUE,2,-4,3,5,"Driving Layup Shot"
"960",FALSE,0,12,8,14.422205101856,"Turnaround Jump Shot"
"961",FALSE,0,2,6,6.32455532033676,"Hook Shot"
"962",FALSE,0,-2,2,2.82842712474619,"Layup Shot"
"963",FALSE,0,0,6,6,"Turnaround Fade Away Jump Shot"
"964",TRUE,2,-3,3,4.24264068711928,"Driving Layup Shot"
"965",TRUE,2,1,6,6.08276253029822,"Step Back Jump Shot"
"966",FALSE,0,3,9,9.48683298050514,"Pullup Jump Shot"
"967",FALSE,0,22,7,23.0867927612304,"Jump Shot"
"968",TRUE,2,-5,6,7.81024967590665,"Pullup Bank Jump Shot"
"969",TRUE,2,1,3,3.16227766016838,"Running Layup Shot"
"970",FALSE,0,-4,3,5,"Cutting Layup Shot"
"971",FALSE,0,-11,4,11.7046999107196,"Jump Shot"
"972",TRUE,2,-1,3,3.16227766016838,"Driving Layup Shot"
"973",FALSE,0,4,4,5.65685424949238,"Driving Floating Bank Jump Shot"
"974",FALSE,0,-2,7,7.28010988928052,"Driving Floating Jump Shot"
"975",TRUE,3,1,26,26.0192236625154,"Jump Shot"
"976",FALSE,0,-11,23,25.4950975679639,"Jump Shot"
"977",TRUE,2,-4,2,4.47213595499958,"Layup Shot Putback"
"978",FALSE,0,-4,2,4.47213595499958,"Running Layup Shot"
"979",FALSE,0,-1,8,8.06225774829855,"Turnaround Jump Shot"
"980",FALSE,0,3,3,4.24264068711928,"Driving Layup Shot"
"981",FALSE,0,24,4,24.3310501211929,"Jump Shot"
"982",FALSE,0,1,7,7.07106781186548,"Cutting Layup Shot"
"983",TRUE,2,4,2,4.47213595499958,"Layup Shot Putback"
"984",TRUE,2,-9,5,10.295630140987,"Pullup Jump Shot"
"985",FALSE,0,-4,4,5.65685424949238,"Layup Shot"
"986",FALSE,0,8,5,9.4339811320566,"Turnaround Fade Away Jump Shot"
"987",FALSE,0,5,6,7.81024967590665,"Pullup Jump Shot"
"988",TRUE,2,7,6,9.21954445729289,"Pullup Jump Shot"
"989",FALSE,0,-5,2,5.3851648071345,"Cutting Layup Shot"
"990",TRUE,2,-3,3,4.24264068711928,"Step Back Jump Shot"
"991",FALSE,0,-1,1,1.4142135623731,"Layup Shot"
"992",TRUE,2,1,1,1.4142135623731,"Driving Layup Shot"
"993",TRUE,2,-3,1,3.16227766016838,"Cutting Layup Shot"
"994",FALSE,0,-5,16,16.7630546142402,"Jump Shot"
"995",FALSE,0,-1,2,2.23606797749979,"Driving Layup Shot"
"996",FALSE,0,14,22,26.0768096208106,"Jump Shot"
"997",TRUE,2,-1,1,1.4142135623731,"Running Layup Shot"
"998",TRUE,2,-3,5,5.8309518948453,"Step Back Jump Shot"
"999",FALSE,0,11,23,25.4950975679639,"Jump Shot"
"1000",FALSE,0,10,4,10.770329614269,"Turnaround Fade Away Jump Shot"
"1001",FALSE,0,9,12,15,"Turnaround Jump Shot"
"1002",TRUE,2,1,1,1.4142135623731,"Cutting Layup Shot"
"1003",FALSE,0,2,2,2.82842712474619,"Driving Layup Shot"
"1004",FALSE,0,-2,2,2.82842712474619,"Driving Layup Shot"
"1005",FALSE,0,-3,2,3.60555127546399,"Driving Layup Shot"
"1006",FALSE,0,2,2,2.82842712474619,"Layup Shot"
"1007",FALSE,0,16,19,24.8394846967484,"Jump Shot"
"1008",TRUE,2,-3,3,4.24264068711928,"Cutting Layup Shot"
"1009",FALSE,0,-1,5,5.09901951359278,"Driving Layup Shot"
"1010",TRUE,2,-1,3,3.16227766016838,"Running Layup Shot"
"1011",FALSE,0,23,7,24.0416305603426,"Jump Shot"
"1012",FALSE,0,3,2,3.60555127546399,"Driving Layup Shot"
"1013",FALSE,0,-4,4,5.65685424949238,"Layup Shot Putback"
"1014",TRUE,2,-7,3,7.61577310586391,"Fade Away Jump Shot"
"1015",TRUE,2,2,3,3.60555127546399,"Cutting Layup Shot"
"1016",FALSE,0,14,10,17.2046505340853,"Step Back Jump Shot"
"1017",TRUE,2,3,9,9.48683298050514,"Running Pullup Jump Shot"
"1018",TRUE,3,3,25,25.1793566240283,"Jump Shot"
"1019",TRUE,2,-3,1,3.16227766016838,"Driving Layup Shot"
"1020",TRUE,2,-4,10,10.770329614269,"Pullup Jump Shot"
"1021",FALSE,0,-7,17,18.3847763108502,"Turnaround Jump Shot"
"1022",FALSE,0,-4,7,8.06225774829855,"Driving Floating Jump Shot"
"1023",TRUE,2,-2,2,2.82842712474619,"Driving Hook Shot"
"1024",FALSE,0,-10,23,25.0798724079689,"Pullup Jump Shot"
"1025",FALSE,0,-3,3,4.24264068711928,"Running Layup Shot"
"1026",FALSE,0,3,0,3,"Layup Shot"
"1027",TRUE,2,3,3,4.24264068711928,"Driving Finger Roll Layup"
"1028",FALSE,0,-7,8,10.6301458127346,"Pullup Jump Shot"
"1029",TRUE,2,1,1,1.4142135623731,"Driving Finger Roll Layup"
"1030",FALSE,0,-4,2,4.47213595499958,"Driving Layup Shot"
